"Tanggal","SKU","Lokasi","Permintaan"
2023-01-01,"KK-ORI-BES-POU","Pabrik A",284
2023-01-01,"KK-ORI-BES-POU","Pabrik B",116
2023-01-01,"KK-ORI-KEC-SAC","Pabrik A",289
2023-01-01,"KK-ORI-KEC-SAC","Pabrik B",77
2023-01-01,"KK-ORI-SED-POU","Pabrik A",158
2023-01-01,"KK-ORI-SED-POU","Pabrik B",57
2023-01-01,"KK-ORI-SED-SAC","Pabrik A",214
2023-01-01,"KK-ORI-SED-SAC","Pabrik B",127
2023-01-01,"KK-PAP-BES-POU","Pabrik A",151
2023-01-01,"KK-PAP-BES-POU","Pabrik B",106
2023-01-01,"KK-PAP-KEC-SAC","Pabrik A",222
2023-01-01,"KK-PAP-KEC-SAC","Pabrik B",151
2023-01-01,"KK-PAP-SED-POU","Pabrik A",126
2023-01-01,"KK-PAP-SED-POU","Pabrik B",84
2023-01-01,"KK-PAP-SED-SAC","Pabrik A",196
2023-01-01,"KK-PAP-SED-SAC","Pabrik B",123
2023-01-01,"TB-JAS-BES-KAC","Pabrik A",337
2023-01-01,"TB-JAS-BES-KAC","Pabrik B",238
2023-01-01,"TB-JAS-KEC-PET","Pabrik A",465
2023-01-01,"TB-JAS-KEC-PET","Pabrik B",332
2023-01-01,"TB-JAS-SED-KAC","Pabrik A",316
2023-01-01,"TB-JAS-SED-KAC","Pabrik B",206
2023-01-01,"TB-JAS-SED-PET","Pabrik A",609
2023-01-01,"TB-JAS-SED-PET","Pabrik B",377
2023-01-01,"TB-PCH-BES-KAC","Pabrik A",273
2023-01-01,"TB-PCH-BES-KAC","Pabrik B",195
2023-01-01,"TB-PCH-KEC-PET","Pabrik A",303
2023-01-01,"TB-PCH-KEC-PET","Pabrik B",190
2023-01-01,"TB-PCH-SED-KAC","Pabrik A",205
2023-01-01,"TB-PCH-SED-KAC","Pabrik B",142
2023-01-01,"TB-PCH-SED-PET","Pabrik A",399
2023-01-01,"TB-PCH-SED-PET","Pabrik B",269
2023-02-01,"KK-ORI-BES-POU","Pabrik A",201
2023-02-01,"KK-ORI-BES-POU","Pabrik B",135
2023-02-01,"KK-ORI-KEC-SAC","Pabrik A",289
2023-02-01,"KK-ORI-KEC-SAC","Pabrik B",199
2023-02-01,"KK-ORI-SED-POU","Pabrik A",159
2023-02-01,"KK-ORI-SED-POU","Pabrik B",104
2023-02-01,"KK-ORI-SED-SAC","Pabrik A",263
2023-02-01,"KK-ORI-SED-SAC","Pabrik B",156
2023-02-01,"KK-PAP-BES-POU","Pabrik A",192
2023-02-01,"KK-PAP-BES-POU","Pabrik B",122
2023-02-01,"KK-PAP-KEC-SAC","Pabrik A",238
2023-02-01,"KK-PAP-KEC-SAC","Pabrik B",167
2023-02-01,"KK-PAP-SED-POU","Pabrik A",131
2023-02-01,"KK-PAP-SED-POU","Pabrik B",84
2023-02-01,"KK-PAP-SED-SAC","Pabrik A",214
2023-02-01,"KK-PAP-SED-SAC","Pabrik B",137
2023-02-01,"TB-JAS-BES-KAC","Pabrik A",397
2023-02-01,"TB-JAS-BES-KAC","Pabrik B",293
2023-02-01,"TB-JAS-KEC-PET","Pabrik A",467
2023-02-01,"TB-JAS-KEC-PET","Pabrik B",347
2023-02-01,"TB-JAS-SED-KAC","Pabrik A",347
2023-02-01,"TB-JAS-SED-KAC","Pabrik B",223
2023-02-01,"TB-JAS-SED-PET","Pabrik A",661
2023-02-01,"TB-JAS-SED-PET","Pabrik B",480
2023-02-01,"TB-PCH-BES-KAC","Pabrik A",286
2023-02-01,"TB-PCH-BES-KAC","Pabrik B",172
2023-02-01,"TB-PCH-KEC-PET","Pabrik A",297
2023-02-01,"TB-PCH-KEC-PET","Pabrik B",196
2023-02-01,"TB-PCH-SED-KAC","Pabrik A",192
2023-02-01,"TB-PCH-SED-KAC","Pabrik B",146
2023-02-01,"TB-PCH-SED-PET","Pabrik A",351
2023-02-01,"TB-PCH-SED-PET","Pabrik B",272
2023-03-01,"KK-ORI-BES-POU","Pabrik A",390
2023-03-01,"KK-ORI-BES-POU","Pabrik B",283
2023-03-01,"KK-ORI-KEC-SAC","Pabrik A",306
2023-03-01,"KK-ORI-KEC-SAC","Pabrik B",219
2023-03-01,"KK-ORI-SED-POU","Pabrik A",170
2023-03-01,"KK-ORI-SED-POU","Pabrik B",97
2023-03-01,"KK-ORI-SED-SAC","Pabrik A",259
2023-03-01,"KK-ORI-SED-SAC","Pabrik B",187
2023-03-01,"KK-PAP-BES-POU","Pabrik A",183
2023-03-01,"KK-PAP-BES-POU","Pabrik B",98
2023-03-01,"KK-PAP-KEC-SAC","Pabrik A",248
2023-03-01,"KK-PAP-KEC-SAC","Pabrik B",163
2023-03-01,"KK-PAP-SED-POU","Pabrik A",133
2023-03-01,"KK-PAP-SED-POU","Pabrik B",78
2023-03-01,"KK-PAP-SED-SAC","Pabrik A",205
2023-03-01,"KK-PAP-SED-SAC","Pabrik B",154
2023-03-01,"TB-JAS-BES-KAC","Pabrik A",449
2023-03-01,"TB-JAS-BES-KAC","Pabrik B",306
2023-03-01,"TB-JAS-KEC-PET","Pabrik A",509
2023-03-01,"TB-JAS-KEC-PET","Pabrik B",358
2023-03-01,"TB-JAS-SED-KAC","Pabrik A",319
2023-03-01,"TB-JAS-SED-KAC","Pabrik B",249
2023-03-01,"TB-JAS-SED-PET","Pabrik A",720
2023-03-01,"TB-JAS-SED-PET","Pabrik B",500
2023-03-01,"TB-PCH-BES-KAC","Pabrik A",245
2023-03-01,"TB-PCH-BES-KAC","Pabrik B",208
2023-03-01,"TB-PCH-KEC-PET","Pabrik A",392
2023-03-01,"TB-PCH-KEC-PET","Pabrik B",227
2023-03-01,"TB-PCH-SED-KAC","Pabrik A",289
2023-03-01,"TB-PCH-SED-KAC","Pabrik B",154
2023-03-01,"TB-PCH-SED-PET","Pabrik A",446
2023-03-01,"TB-PCH-SED-PET","Pabrik B",276
2023-04-01,"KK-ORI-BES-POU","Pabrik A",284
2023-04-01,"KK-ORI-BES-POU","Pabrik B",171
2023-04-01,"KK-ORI-KEC-SAC","Pabrik A",328
2023-04-01,"KK-ORI-KEC-SAC","Pabrik B",196
2023-04-01,"KK-ORI-SED-POU","Pabrik A",177
2023-04-01,"KK-ORI-SED-POU","Pabrik B",118
2023-04-01,"KK-ORI-SED-SAC","Pabrik A",293
2023-04-01,"KK-ORI-SED-SAC","Pabrik B",197
2023-04-01,"KK-PAP-BES-POU","Pabrik A",232
2023-04-01,"KK-PAP-BES-POU","Pabrik B",135
2023-04-01,"KK-PAP-KEC-SAC","Pabrik A",273
2023-04-01,"KK-PAP-KEC-SAC","Pabrik B",163
2023-04-01,"KK-PAP-SED-POU","Pabrik A",134
2023-04-01,"KK-PAP-SED-POU","Pabrik B",101
2023-04-01,"KK-PAP-SED-SAC","Pabrik A",295
2023-04-01,"KK-PAP-SED-SAC","Pabrik B",174
2023-04-01,"TB-JAS-BES-KAC","Pabrik A",550
2023-04-01,"TB-JAS-BES-KAC","Pabrik B",344
2023-04-01,"TB-JAS-KEC-PET","Pabrik A",173
2023-04-01,"TB-JAS-KEC-PET","Pabrik B",396
2023-04-01,"TB-JAS-SED-KAC","Pabrik A",382
2023-04-01,"TB-JAS-SED-KAC","Pabrik B",241
2023-04-01,"TB-JAS-SED-PET","Pabrik A",698
2023-04-01,"TB-JAS-SED-PET","Pabrik B",516
2023-04-01,"TB-PCH-BES-KAC","Pabrik A",333
2023-04-01,"TB-PCH-BES-KAC","Pabrik B",232
2023-04-01,"TB-PCH-KEC-PET","Pabrik A",361
2023-04-01,"TB-PCH-KEC-PET","Pabrik B",251
2023-04-01,"TB-PCH-SED-KAC","Pabrik A",254
2023-04-01,"TB-PCH-SED-KAC","Pabrik B",179
2023-04-01,"TB-PCH-SED-PET","Pabrik A",505
2023-04-01,"TB-PCH-SED-PET","Pabrik B",337
2023-05-01,"KK-ORI-BES-POU","Pabrik A",265
2023-05-01,"KK-ORI-BES-POU","Pabrik B",172
2023-05-01,"KK-ORI-KEC-SAC","Pabrik A",345
2023-05-01,"KK-ORI-KEC-SAC","Pabrik B",199
2023-05-01,"KK-ORI-SED-POU","Pabrik A",176
2023-05-01,"KK-ORI-SED-POU","Pabrik B",132
2023-05-01,"KK-ORI-SED-SAC","Pabrik A",336
2023-05-01,"KK-ORI-SED-SAC","Pabrik B",241
2023-05-01,"KK-PAP-BES-POU","Pabrik A",246
2023-05-01,"KK-PAP-BES-POU","Pabrik B",138
2023-05-01,"KK-PAP-KEC-SAC","Pabrik A",319
2023-05-01,"KK-PAP-KEC-SAC","Pabrik B",215
2023-05-01,"KK-PAP-SED-POU","Pabrik A",172
2023-05-01,"KK-PAP-SED-POU","Pabrik B",105
2023-05-01,"KK-PAP-SED-SAC","Pabrik A",279
2023-05-01,"KK-PAP-SED-SAC","Pabrik B",191
2023-05-01,"TB-JAS-BES-KAC","Pabrik A",637
2023-05-01,"TB-JAS-BES-KAC","Pabrik B",368
2023-05-01,"TB-JAS-KEC-PET","Pabrik A",563
2023-05-01,"TB-JAS-KEC-PET","Pabrik B",367
2023-05-01,"TB-JAS-SED-KAC","Pabrik A",460
2023-05-01,"TB-JAS-SED-KAC","Pabrik B",326
2023-05-01,"TB-JAS-SED-PET","Pabrik A",760
2023-05-01,"TB-JAS-SED-PET","Pabrik B",592
2023-05-01,"TB-PCH-BES-KAC","Pabrik A",357
2023-05-01,"TB-PCH-BES-KAC","Pabrik B",240
2023-05-01,"TB-PCH-KEC-PET","Pabrik A",368
2023-05-01,"TB-PCH-KEC-PET","Pabrik B",258
2023-05-01,"TB-PCH-SED-KAC","Pabrik A",312
2023-05-01,"TB-PCH-SED-KAC","Pabrik B",190
2023-05-01,"TB-PCH-SED-PET","Pabrik A",510
2023-05-01,"TB-PCH-SED-PET","Pabrik B",340
2023-06-01,"KK-ORI-BES-POU","Pabrik A",326
2023-06-01,"KK-ORI-BES-POU","Pabrik B",200
2023-06-01,"KK-ORI-KEC-SAC","Pabrik A",382
2023-06-01,"KK-ORI-KEC-SAC","Pabrik B",274
2023-06-01,"KK-ORI-SED-POU","Pabrik A",225
2023-06-01,"KK-ORI-SED-POU","Pabrik B",155
2023-06-01,"KK-ORI-SED-SAC","Pabrik A",354
2023-06-01,"KK-ORI-SED-SAC","Pabrik B",238
2023-06-01,"KK-PAP-BES-POU","Pabrik A",243
2023-06-01,"KK-PAP-BES-POU","Pabrik B",170
2023-06-01,"KK-PAP-KEC-SAC","Pabrik A",292
2023-06-01,"KK-PAP-KEC-SAC","Pabrik B",212
2023-06-01,"KK-PAP-SED-POU","Pabrik A",195
2023-06-01,"KK-PAP-SED-POU","Pabrik B",120
2023-06-01,"KK-PAP-SED-SAC","Pabrik A",281
2023-06-01,"KK-PAP-SED-SAC","Pabrik B",191
2023-06-01,"TB-JAS-BES-KAC","Pabrik A",678
2023-06-01,"TB-JAS-BES-KAC","Pabrik B",381
2023-06-01,"TB-JAS-KEC-PET","Pabrik A",633
2023-06-01,"TB-JAS-KEC-PET","Pabrik B",419
2023-06-01,"TB-JAS-SED-KAC","Pabrik A",463
2023-06-01,"TB-JAS-SED-KAC","Pabrik B",292
2023-06-01,"TB-JAS-SED-PET","Pabrik A",887
2023-06-01,"TB-JAS-SED-PET","Pabrik B",617
2023-06-01,"TB-PCH-BES-KAC","Pabrik A",390
2023-06-01,"TB-PCH-BES-KAC","Pabrik B",267
2023-06-01,"TB-PCH-KEC-PET","Pabrik A",449
2023-06-01,"TB-PCH-KEC-PET","Pabrik B",257
2023-06-01,"TB-PCH-SED-KAC","Pabrik A",305
2023-06-01,"TB-PCH-SED-KAC","Pabrik B",203
2023-06-01,"TB-PCH-SED-PET","Pabrik A",624
2023-06-01,"TB-PCH-SED-PET","Pabrik B",145
2023-07-01,"KK-ORI-BES-POU","Pabrik A",302
2023-07-01,"KK-ORI-BES-POU","Pabrik B",206
2023-07-01,"KK-ORI-KEC-SAC","Pabrik A",333
2023-07-01,"KK-ORI-KEC-SAC","Pabrik B",224
2023-07-01,"KK-ORI-SED-POU","Pabrik A",210
2023-07-01,"KK-ORI-SED-POU","Pabrik B",142
2023-07-01,"KK-ORI-SED-SAC","Pabrik A",353
2023-07-01,"KK-ORI-SED-SAC","Pabrik B",243
2023-07-01,"KK-PAP-BES-POU","Pabrik A",236
2023-07-01,"KK-PAP-BES-POU","Pabrik B",158
2023-07-01,"KK-PAP-KEC-SAC","Pabrik A",270
2023-07-01,"KK-PAP-KEC-SAC","Pabrik B",218
2023-07-01,"KK-PAP-SED-POU","Pabrik A",189
2023-07-01,"KK-PAP-SED-POU","Pabrik B",113
2023-07-01,"KK-PAP-SED-SAC","Pabrik A",270
2023-07-01,"KK-PAP-SED-SAC","Pabrik B",179
2023-07-01,"TB-JAS-BES-KAC","Pabrik A",495
2023-07-01,"TB-JAS-BES-KAC","Pabrik B",323
2023-07-01,"TB-JAS-KEC-PET","Pabrik A",557
2023-07-01,"TB-JAS-KEC-PET","Pabrik B",402
2023-07-01,"TB-JAS-SED-KAC","Pabrik A",447
2023-07-01,"TB-JAS-SED-KAC","Pabrik B",296
2023-07-01,"TB-JAS-SED-PET","Pabrik A",783
2023-07-01,"TB-JAS-SED-PET","Pabrik B",579
2023-07-01,"TB-PCH-BES-KAC","Pabrik A",385
2023-07-01,"TB-PCH-BES-KAC","Pabrik B",255
2023-07-01,"TB-PCH-KEC-PET","Pabrik A",692
2023-07-01,"TB-PCH-KEC-PET","Pabrik B",256
2023-07-01,"TB-PCH-SED-KAC","Pabrik A",337
2023-07-01,"TB-PCH-SED-KAC","Pabrik B",213
2023-07-01,"TB-PCH-SED-PET","Pabrik A",543
2023-07-01,"TB-PCH-SED-PET","Pabrik B",375
2023-08-01,"KK-ORI-BES-POU","Pabrik A",277
2023-08-01,"KK-ORI-BES-POU","Pabrik B",175
2023-08-01,"KK-ORI-KEC-SAC","Pabrik A",349
2023-08-01,"KK-ORI-KEC-SAC","Pabrik B",234
2023-08-01,"KK-ORI-SED-POU","Pabrik A",194
2023-08-01,"KK-ORI-SED-POU","Pabrik B",129
2023-08-01,"KK-ORI-SED-SAC","Pabrik A",321
2023-08-01,"KK-ORI-SED-SAC","Pabrik B",180
2023-08-01,"KK-PAP-BES-POU","Pabrik A",211
2023-08-01,"KK-PAP-BES-POU","Pabrik B",135
2023-08-01,"KK-PAP-KEC-SAC","Pabrik A",282
2023-08-01,"KK-PAP-KEC-SAC","Pabrik B",178
2023-08-01,"KK-PAP-SED-POU","Pabrik A",166
2023-08-01,"KK-PAP-SED-POU","Pabrik B",97
2023-08-01,"KK-PAP-SED-SAC","Pabrik A",239
2023-08-01,"KK-PAP-SED-SAC","Pabrik B",180
2023-08-01,"TB-JAS-BES-KAC","Pabrik A",561
2023-08-01,"TB-JAS-BES-KAC","Pabrik B",366
2023-08-01,"TB-JAS-KEC-PET","Pabrik A",578
2023-08-01,"TB-JAS-KEC-PET","Pabrik B",390
2023-08-01,"TB-JAS-SED-KAC","Pabrik A",412
2023-08-01,"TB-JAS-SED-KAC","Pabrik B",297
2023-08-01,"TB-JAS-SED-PET","Pabrik A",751
2023-08-01,"TB-JAS-SED-PET","Pabrik B",450
2023-08-01,"TB-PCH-BES-KAC","Pabrik A",328
2023-08-01,"TB-PCH-BES-KAC","Pabrik B",252
2023-08-01,"TB-PCH-KEC-PET","Pabrik A",377
2023-08-01,"TB-PCH-KEC-PET","Pabrik B",245
2023-08-01,"TB-PCH-SED-KAC","Pabrik A",285
2023-08-01,"TB-PCH-SED-KAC","Pabrik B",180
2023-08-01,"TB-PCH-SED-PET","Pabrik A",512
2023-08-01,"TB-PCH-SED-PET","Pabrik B",349
2023-09-01,"KK-ORI-BES-POU","Pabrik A",309
2023-09-01,"KK-ORI-BES-POU","Pabrik B",201
2023-09-01,"KK-ORI-KEC-SAC","Pabrik A",339
2023-09-01,"KK-ORI-KEC-SAC","Pabrik B",247
2023-09-01,"KK-ORI-SED-POU","Pabrik A",199
2023-09-01,"KK-ORI-SED-POU","Pabrik B",105
2023-09-01,"KK-ORI-SED-SAC","Pabrik A",336
2023-09-01,"KK-ORI-SED-SAC","Pabrik B",195
2023-09-01,"KK-PAP-BES-POU","Pabrik A",208
2023-09-01,"KK-PAP-BES-POU","Pabrik B",150
2023-09-01,"KK-PAP-KEC-SAC","Pabrik A",301
2023-09-01,"KK-PAP-KEC-SAC","Pabrik B",179
2023-09-01,"KK-PAP-SED-POU","Pabrik A",161
2023-09-01,"KK-PAP-SED-POU","Pabrik B",111
2023-09-01,"KK-PAP-SED-SAC","Pabrik A",209
2023-09-01,"KK-PAP-SED-SAC","Pabrik B",174
2023-09-01,"TB-JAS-BES-KAC","Pabrik A",539
2023-09-01,"TB-JAS-BES-KAC","Pabrik B",380
2023-09-01,"TB-JAS-KEC-PET","Pabrik A",287
2023-09-01,"TB-JAS-KEC-PET","Pabrik B",383
2023-09-01,"TB-JAS-SED-KAC","Pabrik A",456
2023-09-01,"TB-JAS-SED-KAC","Pabrik B",311
2023-09-01,"TB-JAS-SED-PET","Pabrik A",798
2023-09-01,"TB-JAS-SED-PET","Pabrik B",528
2023-09-01,"TB-PCH-BES-KAC","Pabrik A",368
2023-09-01,"TB-PCH-BES-KAC","Pabrik B",270
2023-09-01,"TB-PCH-KEC-PET","Pabrik A",400
2023-09-01,"TB-PCH-KEC-PET","Pabrik B",264
2023-09-01,"TB-PCH-SED-KAC","Pabrik A",265
2023-09-01,"TB-PCH-SED-KAC","Pabrik B",192
2023-09-01,"TB-PCH-SED-PET","Pabrik A",551
2023-09-01,"TB-PCH-SED-PET","Pabrik B",365
2023-10-01,"KK-ORI-BES-POU","Pabrik A",297
2023-10-01,"KK-ORI-BES-POU","Pabrik B",227
2023-10-01,"KK-ORI-KEC-SAC","Pabrik A",359
2023-10-01,"KK-ORI-KEC-SAC","Pabrik B",252
2023-10-01,"KK-ORI-SED-POU","Pabrik A",227
2023-10-01,"KK-ORI-SED-POU","Pabrik B",139
2023-10-01,"KK-ORI-SED-SAC","Pabrik A",309
2023-10-01,"KK-ORI-SED-SAC","Pabrik B",212
2023-10-01,"KK-PAP-BES-POU","Pabrik A",277
2023-10-01,"KK-PAP-BES-POU","Pabrik B",162
2023-10-01,"KK-PAP-KEC-SAC","Pabrik A",343
2023-10-01,"KK-PAP-KEC-SAC","Pabrik B",206
2023-10-01,"KK-PAP-SED-POU","Pabrik A",189
2023-10-01,"KK-PAP-SED-POU","Pabrik B",110
2023-10-01,"KK-PAP-SED-SAC","Pabrik A",301
2023-10-01,"KK-PAP-SED-SAC","Pabrik B",176
2023-10-01,"TB-JAS-BES-KAC","Pabrik A",546
2023-10-01,"TB-JAS-BES-KAC","Pabrik B",377
2023-10-01,"TB-JAS-KEC-PET","Pabrik A",598
2023-10-01,"TB-JAS-KEC-PET","Pabrik B",440
2023-10-01,"TB-JAS-SED-KAC","Pabrik A",1309
2023-10-01,"TB-JAS-SED-KAC","Pabrik B",301
2023-10-01,"TB-JAS-SED-PET","Pabrik A",910
2023-10-01,"TB-JAS-SED-PET","Pabrik B",572
2023-10-01,"TB-PCH-BES-KAC","Pabrik A",437
2023-10-01,"TB-PCH-BES-KAC","Pabrik B",256
2023-10-01,"TB-PCH-KEC-PET","Pabrik A",696
2023-10-01,"TB-PCH-KEC-PET","Pabrik B",276
2023-10-01,"TB-PCH-SED-KAC","Pabrik A",307
2023-10-01,"TB-PCH-SED-KAC","Pabrik B",219
2023-10-01,"TB-PCH-SED-PET","Pabrik A",595
2023-10-01,"TB-PCH-SED-PET","Pabrik B",431
2023-11-01,"KK-ORI-BES-POU","Pabrik A",422
2023-11-01,"KK-ORI-BES-POU","Pabrik B",376
2023-11-01,"KK-ORI-KEC-SAC","Pabrik A",408
2023-11-01,"KK-ORI-KEC-SAC","Pabrik B",274
2023-11-01,"KK-ORI-SED-POU","Pabrik A",256
2023-11-01,"KK-ORI-SED-POU","Pabrik B",161
2023-11-01,"KK-ORI-SED-SAC","Pabrik A",390
2023-11-01,"KK-ORI-SED-SAC","Pabrik B",123
2023-11-01,"KK-PAP-BES-POU","Pabrik A",283
2023-11-01,"KK-PAP-BES-POU","Pabrik B",198
2023-11-01,"KK-PAP-KEC-SAC","Pabrik A",364
2023-11-01,"KK-PAP-KEC-SAC","Pabrik B",228
2023-11-01,"KK-PAP-SED-POU","Pabrik A",197
2023-11-01,"KK-PAP-SED-POU","Pabrik B",146
2023-11-01,"KK-PAP-SED-SAC","Pabrik A",312
2023-11-01,"KK-PAP-SED-SAC","Pabrik B",183
2023-11-01,"TB-JAS-BES-KAC","Pabrik A",787
2023-11-01,"TB-JAS-BES-KAC","Pabrik B",443
2023-11-01,"TB-JAS-KEC-PET","Pabrik A",761
2023-11-01,"TB-JAS-KEC-PET","Pabrik B",440
2023-11-01,"TB-JAS-SED-KAC","Pabrik A",544
2023-11-01,"TB-JAS-SED-KAC","Pabrik B",364
2023-11-01,"TB-JAS-SED-PET","Pabrik A",999
2023-11-01,"TB-JAS-SED-PET","Pabrik B",927
2023-11-01,"TB-PCH-BES-KAC","Pabrik A",475
2023-11-01,"TB-PCH-BES-KAC","Pabrik B",326
2023-11-01,"TB-PCH-KEC-PET","Pabrik A",471
2023-11-01,"TB-PCH-KEC-PET","Pabrik B",185
2023-11-01,"TB-PCH-SED-KAC","Pabrik A",373
2023-11-01,"TB-PCH-SED-KAC","Pabrik B",247
2023-11-01,"TB-PCH-SED-PET","Pabrik A",674
2023-11-01,"TB-PCH-SED-PET","Pabrik B",430
2023-12-01,"KK-ORI-BES-POU","Pabrik A",352
2023-12-01,"KK-ORI-BES-POU","Pabrik B",264
2023-12-01,"KK-ORI-KEC-SAC","Pabrik A",817
2023-12-01,"KK-ORI-KEC-SAC","Pabrik B",300
2023-12-01,"KK-ORI-SED-POU","Pabrik A",435
2023-12-01,"KK-ORI-SED-POU","Pabrik B",194
2023-12-01,"KK-ORI-SED-SAC","Pabrik A",457
2023-12-01,"KK-ORI-SED-SAC","Pabrik B",289
2023-12-01,"KK-PAP-BES-POU","Pabrik A",278
2023-12-01,"KK-PAP-BES-POU","Pabrik B",192
2023-12-01,"KK-PAP-KEC-SAC","Pabrik A",305
2023-12-01,"KK-PAP-KEC-SAC","Pabrik B",264
2023-12-01,"KK-PAP-SED-POU","Pabrik A",238
2023-12-01,"KK-PAP-SED-POU","Pabrik B",159
2023-12-01,"KK-PAP-SED-SAC","Pabrik A",336
2023-12-01,"KK-PAP-SED-SAC","Pabrik B",228
2023-12-01,"TB-JAS-BES-KAC","Pabrik A",791
2023-12-01,"TB-JAS-BES-KAC","Pabrik B",573
2023-12-01,"TB-JAS-KEC-PET","Pabrik A",760
2023-12-01,"TB-JAS-KEC-PET","Pabrik B",553
2023-12-01,"TB-JAS-SED-KAC","Pabrik A",510
2023-12-01,"TB-JAS-SED-KAC","Pabrik B",381
2023-12-01,"TB-JAS-SED-PET","Pabrik A",1051
2023-12-01,"TB-JAS-SED-PET","Pabrik B",641
2023-12-01,"TB-PCH-BES-KAC","Pabrik A",508
2023-12-01,"TB-PCH-BES-KAC","Pabrik B",304
2023-12-01,"TB-PCH-KEC-PET","Pabrik A",480
2023-12-01,"TB-PCH-KEC-PET","Pabrik B",366
2023-12-01,"TB-PCH-SED-KAC","Pabrik A",427
2023-12-01,"TB-PCH-SED-KAC","Pabrik B",274
2023-12-01,"TB-PCH-SED-PET","Pabrik A",632
2023-12-01,"TB-PCH-SED-PET","Pabrik B",463
2024-01-01,"KK-ORI-BES-POU","Pabrik A",224
2024-01-01,"KK-ORI-BES-POU","Pabrik B",152
2024-01-01,"KK-ORI-KEC-SAC","Pabrik A",239
2024-01-01,"KK-ORI-KEC-SAC","Pabrik B",162
2024-01-01,"KK-ORI-SED-POU","Pabrik A",155
2024-01-01,"KK-ORI-SED-POU","Pabrik B",105
2024-01-01,"KK-ORI-SED-SAC","Pabrik A",244
2024-01-01,"KK-ORI-SED-SAC","Pabrik B",150
2024-01-01,"KK-PAP-BES-POU","Pabrik A",182
2024-01-01,"KK-PAP-BES-POU","Pabrik B",123
2024-01-01,"KK-PAP-KEC-SAC","Pabrik A",232
2024-01-01,"KK-PAP-KEC-SAC","Pabrik B",144
2024-01-01,"KK-PAP-SED-POU","Pabrik A",130
2024-01-01,"KK-PAP-SED-POU","Pabrik B",86
2024-01-01,"KK-PAP-SED-SAC","Pabrik A",199
2024-01-01,"KK-PAP-SED-SAC","Pabrik B",135
2024-01-01,"TB-JAS-BES-KAC","Pabrik A",482
2024-01-01,"TB-JAS-BES-KAC","Pabrik B",305
2024-01-01,"TB-JAS-KEC-PET","Pabrik A",406
2024-01-01,"TB-JAS-KEC-PET","Pabrik B",902
2024-01-01,"TB-JAS-SED-KAC","Pabrik A",373
2024-01-01,"TB-JAS-SED-KAC","Pabrik B",231
2024-01-01,"TB-JAS-SED-PET","Pabrik A",705
2024-01-01,"TB-JAS-SED-PET","Pabrik B",677
2024-01-01,"TB-PCH-BES-KAC","Pabrik A",311
2024-01-01,"TB-PCH-BES-KAC","Pabrik B",239
2024-01-01,"TB-PCH-KEC-PET","Pabrik A",342
2024-01-01,"TB-PCH-KEC-PET","Pabrik B",209
2024-01-01,"TB-PCH-SED-KAC","Pabrik A",221
2024-01-01,"TB-PCH-SED-KAC","Pabrik B",159
2024-01-01,"TB-PCH-SED-PET","Pabrik A",380
2024-01-01,"TB-PCH-SED-PET","Pabrik B",295
2024-02-01,"KK-ORI-BES-POU","Pabrik A",122
2024-02-01,"KK-ORI-BES-POU","Pabrik B",156
2024-02-01,"KK-ORI-KEC-SAC","Pabrik A",290
2024-02-01,"KK-ORI-KEC-SAC","Pabrik B",181
2024-02-01,"KK-ORI-SED-POU","Pabrik A",154
2024-02-01,"KK-ORI-SED-POU","Pabrik B",103
2024-02-01,"KK-ORI-SED-SAC","Pabrik A",269
2024-02-01,"KK-ORI-SED-SAC","Pabrik B",191
2024-02-01,"KK-PAP-BES-POU","Pabrik A",197
2024-02-01,"KK-PAP-BES-POU","Pabrik B",135
2024-02-01,"KK-PAP-KEC-SAC","Pabrik A",239
2024-02-01,"KK-PAP-KEC-SAC","Pabrik B",145
2024-02-01,"KK-PAP-SED-POU","Pabrik A",124
2024-02-01,"KK-PAP-SED-POU","Pabrik B",91
2024-02-01,"KK-PAP-SED-SAC","Pabrik A",196
2024-02-01,"KK-PAP-SED-SAC","Pabrik B",145
2024-02-01,"TB-JAS-BES-KAC","Pabrik A",472
2024-02-01,"TB-JAS-BES-KAC","Pabrik B",359
2024-02-01,"TB-JAS-KEC-PET","Pabrik A",424
2024-02-01,"TB-JAS-KEC-PET","Pabrik B",275
2024-02-01,"TB-JAS-SED-KAC","Pabrik A",376
2024-02-01,"TB-JAS-SED-KAC","Pabrik B",236
2024-02-01,"TB-JAS-SED-PET","Pabrik A",717
2024-02-01,"TB-JAS-SED-PET","Pabrik B",433
2024-02-01,"TB-PCH-BES-KAC","Pabrik A",323
2024-02-01,"TB-PCH-BES-KAC","Pabrik B",219
2024-02-01,"TB-PCH-KEC-PET","Pabrik A",327
2024-02-01,"TB-PCH-KEC-PET","Pabrik B",216
2024-02-01,"TB-PCH-SED-KAC","Pabrik A",296
2024-02-01,"TB-PCH-SED-KAC","Pabrik B",169
2024-02-01,"TB-PCH-SED-PET","Pabrik A",460
2024-02-01,"TB-PCH-SED-PET","Pabrik B",318
2024-03-01,"KK-ORI-BES-POU","Pabrik A",248
2024-03-01,"KK-ORI-BES-POU","Pabrik B",201
2024-03-01,"KK-ORI-KEC-SAC","Pabrik A",290
2024-03-01,"KK-ORI-KEC-SAC","Pabrik B",205
2024-03-01,"KK-ORI-SED-POU","Pabrik A",183
2024-03-01,"KK-ORI-SED-POU","Pabrik B",115
2024-03-01,"KK-ORI-SED-SAC","Pabrik A",327
2024-03-01,"KK-ORI-SED-SAC","Pabrik B",192
2024-03-01,"KK-PAP-BES-POU","Pabrik A",230
2024-03-01,"KK-PAP-BES-POU","Pabrik B",165
2024-03-01,"KK-PAP-KEC-SAC","Pabrik A",262
2024-03-01,"KK-PAP-KEC-SAC","Pabrik B",166
2024-03-01,"KK-PAP-SED-POU","Pabrik A",134
2024-03-01,"KK-PAP-SED-POU","Pabrik B",111
2024-03-01,"KK-PAP-SED-SAC","Pabrik A",228
2024-03-01,"KK-PAP-SED-SAC","Pabrik B",176
2024-03-01,"TB-JAS-BES-KAC","Pabrik A",541
2024-03-01,"TB-JAS-BES-KAC","Pabrik B",318
2024-03-01,"TB-JAS-KEC-PET","Pabrik A",525
2024-03-01,"TB-JAS-KEC-PET","Pabrik B",376
2024-03-01,"TB-JAS-SED-KAC","Pabrik A",448
2024-03-01,"TB-JAS-SED-KAC","Pabrik B",579
2024-03-01,"TB-JAS-SED-PET","Pabrik A",688
2024-03-01,"TB-JAS-SED-PET","Pabrik B",939
2024-03-01,"TB-PCH-BES-KAC","Pabrik A",371
2024-03-01,"TB-PCH-BES-KAC","Pabrik B",271
2024-03-01,"TB-PCH-KEC-PET","Pabrik A",371
2024-03-01,"TB-PCH-KEC-PET","Pabrik B",232
2024-03-01,"TB-PCH-SED-KAC","Pabrik A",283
2024-03-01,"TB-PCH-SED-KAC","Pabrik B",302
2024-03-01,"TB-PCH-SED-PET","Pabrik A",496
2024-03-01,"TB-PCH-SED-PET","Pabrik B",386
2024-04-01,"KK-ORI-BES-POU","Pabrik A",285
2024-04-01,"KK-ORI-BES-POU","Pabrik B",185
2024-04-01,"KK-ORI-KEC-SAC","Pabrik A",337
2024-04-01,"KK-ORI-KEC-SAC","Pabrik B",235
2024-04-01,"KK-ORI-SED-POU","Pabrik A",212
2024-04-01,"KK-ORI-SED-POU","Pabrik B",151
2024-04-01,"KK-ORI-SED-SAC","Pabrik A",347
2024-04-01,"KK-ORI-SED-SAC","Pabrik B",137
2024-04-01,"KK-PAP-BES-POU","Pabrik A",231
2024-04-01,"KK-PAP-BES-POU","Pabrik B",184
2024-04-01,"KK-PAP-KEC-SAC","Pabrik A",234
2024-04-01,"KK-PAP-KEC-SAC","Pabrik B",188
2024-04-01,"KK-PAP-SED-POU","Pabrik A",165
2024-04-01,"KK-PAP-SED-POU","Pabrik B",113
2024-04-01,"KK-PAP-SED-SAC","Pabrik A",96
2024-04-01,"KK-PAP-SED-SAC","Pabrik B",173
2024-04-01,"TB-JAS-BES-KAC","Pabrik A",624
2024-04-01,"TB-JAS-BES-KAC","Pabrik B",396
2024-04-01,"TB-JAS-KEC-PET","Pabrik A",505
2024-04-01,"TB-JAS-KEC-PET","Pabrik B",395
2024-04-01,"TB-JAS-SED-KAC","Pabrik A",509
2024-04-01,"TB-JAS-SED-KAC","Pabrik B",292
2024-04-01,"TB-JAS-SED-PET","Pabrik A",909
2024-04-01,"TB-JAS-SED-PET","Pabrik B",538
2024-04-01,"TB-PCH-BES-KAC","Pabrik A",438
2024-04-01,"TB-PCH-BES-KAC","Pabrik B",318
2024-04-01,"TB-PCH-KEC-PET","Pabrik A",417
2024-04-01,"TB-PCH-KEC-PET","Pabrik B",235
2024-04-01,"TB-PCH-SED-KAC","Pabrik A",330
2024-04-01,"TB-PCH-SED-KAC","Pabrik B",186
2024-04-01,"TB-PCH-SED-PET","Pabrik A",528
2024-04-01,"TB-PCH-SED-PET","Pabrik B",412
2024-05-01,"KK-ORI-BES-POU","Pabrik A",352
2024-05-01,"KK-ORI-BES-POU","Pabrik B",202
2024-05-01,"KK-ORI-KEC-SAC","Pabrik A",357
2024-05-01,"KK-ORI-KEC-SAC","Pabrik B",244
2024-05-01,"KK-ORI-SED-POU","Pabrik A",204
2024-05-01,"KK-ORI-SED-POU","Pabrik B",140
2024-05-01,"KK-ORI-SED-SAC","Pabrik A",331
2024-05-01,"KK-ORI-SED-SAC","Pabrik B",229
2024-05-01,"KK-PAP-BES-POU","Pabrik A",240
2024-05-01,"KK-PAP-BES-POU","Pabrik B",159
2024-05-01,"KK-PAP-KEC-SAC","Pabrik A",273
2024-05-01,"KK-PAP-KEC-SAC","Pabrik B",173
2024-05-01,"KK-PAP-SED-POU","Pabrik A",191
2024-05-01,"KK-PAP-SED-POU","Pabrik B",112
2024-05-01,"KK-PAP-SED-SAC","Pabrik A",261
2024-05-01,"KK-PAP-SED-SAC","Pabrik B",172
2024-05-01,"TB-JAS-BES-KAC","Pabrik A",1578
2024-05-01,"TB-JAS-BES-KAC","Pabrik B",488
2024-05-01,"TB-JAS-KEC-PET","Pabrik A",594
2024-05-01,"TB-JAS-KEC-PET","Pabrik B",392
2024-05-01,"TB-JAS-SED-KAC","Pabrik A",539
2024-05-01,"TB-JAS-SED-KAC","Pabrik B",365
2024-05-01,"TB-JAS-SED-PET","Pabrik A",846
2024-05-01,"TB-JAS-SED-PET","Pabrik B",563
2024-05-01,"TB-PCH-BES-KAC","Pabrik A",516
2024-05-01,"TB-PCH-BES-KAC","Pabrik B",290
2024-05-01,"TB-PCH-KEC-PET","Pabrik A",361
2024-05-01,"TB-PCH-KEC-PET","Pabrik B",243
2024-05-01,"TB-PCH-SED-KAC","Pabrik A",332
2024-05-01,"TB-PCH-SED-KAC","Pabrik B",246
2024-05-01,"TB-PCH-SED-PET","Pabrik A",603
2024-05-01,"TB-PCH-SED-PET","Pabrik B",406
2024-06-01,"KK-ORI-BES-POU","Pabrik A",317
2024-06-01,"KK-ORI-BES-POU","Pabrik B",231
2024-06-01,"KK-ORI-KEC-SAC","Pabrik A",565
2024-06-01,"KK-ORI-KEC-SAC","Pabrik B",241
2024-06-01,"KK-ORI-SED-POU","Pabrik A",149
2024-06-01,"KK-ORI-SED-POU","Pabrik B",152
2024-06-01,"KK-ORI-SED-SAC","Pabrik A",335
2024-06-01,"KK-ORI-SED-SAC","Pabrik B",255
2024-06-01,"KK-PAP-BES-POU","Pabrik A",250
2024-06-01,"KK-PAP-BES-POU","Pabrik B",181
2024-06-01,"KK-PAP-KEC-SAC","Pabrik A",307
2024-06-01,"KK-PAP-KEC-SAC","Pabrik B",76
2024-06-01,"KK-PAP-SED-POU","Pabrik A",185
2024-06-01,"KK-PAP-SED-POU","Pabrik B",130
2024-06-01,"KK-PAP-SED-SAC","Pabrik A",697
2024-06-01,"KK-PAP-SED-SAC","Pabrik B",175
2024-06-01,"TB-JAS-BES-KAC","Pabrik A",734
2024-06-01,"TB-JAS-BES-KAC","Pabrik B",604
2024-06-01,"TB-JAS-KEC-PET","Pabrik A",632
2024-06-01,"TB-JAS-KEC-PET","Pabrik B",403
2024-06-01,"TB-JAS-SED-KAC","Pabrik A",492
2024-06-01,"TB-JAS-SED-KAC","Pabrik B",422
2024-06-01,"TB-JAS-SED-PET","Pabrik A",978
2024-06-01,"TB-JAS-SED-PET","Pabrik B",597
2024-06-01,"TB-PCH-BES-KAC","Pabrik A",513
2024-06-01,"TB-PCH-BES-KAC","Pabrik B",354
2024-06-01,"TB-PCH-KEC-PET","Pabrik A",422
2024-06-01,"TB-PCH-KEC-PET","Pabrik B",314
2024-06-01,"TB-PCH-SED-KAC","Pabrik A",340
2024-06-01,"TB-PCH-SED-KAC","Pabrik B",223
2024-06-01,"TB-PCH-SED-PET","Pabrik A",569
2024-06-01,"TB-PCH-SED-PET","Pabrik B",406
2024-07-01,"KK-ORI-BES-POU","Pabrik A",333
2024-07-01,"KK-ORI-BES-POU","Pabrik B",217
2024-07-01,"KK-ORI-KEC-SAC","Pabrik A",332
2024-07-01,"KK-ORI-KEC-SAC","Pabrik B",219
2024-07-01,"KK-ORI-SED-POU","Pabrik A",225
2024-07-01,"KK-ORI-SED-POU","Pabrik B",147
2024-07-01,"KK-ORI-SED-SAC","Pabrik A",317
2024-07-01,"KK-ORI-SED-SAC","Pabrik B",211
2024-07-01,"KK-PAP-BES-POU","Pabrik A",269
2024-07-01,"KK-PAP-BES-POU","Pabrik B",210
2024-07-01,"KK-PAP-KEC-SAC","Pabrik A",293
2024-07-01,"KK-PAP-KEC-SAC","Pabrik B",165
2024-07-01,"KK-PAP-SED-POU","Pabrik A",176
2024-07-01,"KK-PAP-SED-POU","Pabrik B",114
2024-07-01,"KK-PAP-SED-SAC","Pabrik A",250
2024-07-01,"KK-PAP-SED-SAC","Pabrik B",190
2024-07-01,"TB-JAS-BES-KAC","Pabrik A",733
2024-07-01,"TB-JAS-BES-KAC","Pabrik B",484
2024-07-01,"TB-JAS-KEC-PET","Pabrik A",651
2024-07-01,"TB-JAS-KEC-PET","Pabrik B",474
2024-07-01,"TB-JAS-SED-KAC","Pabrik A",507
2024-07-01,"TB-JAS-SED-KAC","Pabrik B",328
2024-07-01,"TB-JAS-SED-PET","Pabrik A",816
2024-07-01,"TB-JAS-SED-PET","Pabrik B",580
2024-07-01,"TB-PCH-BES-KAC","Pabrik A",486
2024-07-01,"TB-PCH-BES-KAC","Pabrik B",365
2024-07-01,"TB-PCH-KEC-PET","Pabrik A",393
2024-07-01,"TB-PCH-KEC-PET","Pabrik B",282
2024-07-01,"TB-PCH-SED-KAC","Pabrik A",346
2024-07-01,"TB-PCH-SED-KAC","Pabrik B",234
2024-07-01,"TB-PCH-SED-PET","Pabrik A",656
2024-07-01,"TB-PCH-SED-PET","Pabrik B",397
2024-08-01,"KK-ORI-BES-POU","Pabrik A",359
2024-08-01,"KK-ORI-BES-POU","Pabrik B",193
2024-08-01,"KK-ORI-KEC-SAC","Pabrik A",339
2024-08-01,"KK-ORI-KEC-SAC","Pabrik B",199
2024-08-01,"KK-ORI-SED-POU","Pabrik A",191
2024-08-01,"KK-ORI-SED-POU","Pabrik B",153
2024-08-01,"KK-ORI-SED-SAC","Pabrik A",297
2024-08-01,"KK-ORI-SED-SAC","Pabrik B",193
2024-08-01,"KK-PAP-BES-POU","Pabrik A",267
2024-08-01,"KK-PAP-BES-POU","Pabrik B",192
2024-08-01,"KK-PAP-KEC-SAC","Pabrik A",296
2024-08-01,"KK-PAP-KEC-SAC","Pabrik B",198
2024-08-01,"KK-PAP-SED-POU","Pabrik A",163
2024-08-01,"KK-PAP-SED-POU","Pabrik B",115
2024-08-01,"KK-PAP-SED-SAC","Pabrik A",221
2024-08-01,"KK-PAP-SED-SAC","Pabrik B",177
2024-08-01,"TB-JAS-BES-KAC","Pabrik A",602
2024-08-01,"TB-JAS-BES-KAC","Pabrik B",462
2024-08-01,"TB-JAS-KEC-PET","Pabrik A",603
2024-08-01,"TB-JAS-KEC-PET","Pabrik B",370
2024-08-01,"TB-JAS-SED-KAC","Pabrik A",470
2024-08-01,"TB-JAS-SED-KAC","Pabrik B",353
2024-08-01,"TB-JAS-SED-PET","Pabrik A",882
2024-08-01,"TB-JAS-SED-PET","Pabrik B",602
2024-08-01,"TB-PCH-BES-KAC","Pabrik A",421
2024-08-01,"TB-PCH-BES-KAC","Pabrik B",323
2024-08-01,"TB-PCH-KEC-PET","Pabrik A",121
2024-08-01,"TB-PCH-KEC-PET","Pabrik B",252
2024-08-01,"TB-PCH-SED-KAC","Pabrik A",340
2024-08-01,"TB-PCH-SED-KAC","Pabrik B",219
2024-08-01,"TB-PCH-SED-PET","Pabrik A",596
2024-08-01,"TB-PCH-SED-PET","Pabrik B",347
2024-09-01,"KK-ORI-BES-POU","Pabrik A",320
2024-09-01,"KK-ORI-BES-POU","Pabrik B",219
2024-09-01,"KK-ORI-KEC-SAC","Pabrik A",329
2024-09-01,"KK-ORI-KEC-SAC","Pabrik B",207
2024-09-01,"KK-ORI-SED-POU","Pabrik A",242
2024-09-01,"KK-ORI-SED-POU","Pabrik B",152
2024-09-01,"KK-ORI-SED-SAC","Pabrik A",339
2024-09-01,"KK-ORI-SED-SAC","Pabrik B",205
2024-09-01,"KK-PAP-BES-POU","Pabrik A",287
2024-09-01,"KK-PAP-BES-POU","Pabrik B",153
2024-09-01,"KK-PAP-KEC-SAC","Pabrik A",255
2024-09-01,"KK-PAP-KEC-SAC","Pabrik B",155
2024-09-01,"KK-PAP-SED-POU","Pabrik A",171
2024-09-01,"KK-PAP-SED-POU","Pabrik B",115
2024-09-01,"KK-PAP-SED-SAC","Pabrik A",285
2024-09-01,"KK-PAP-SED-SAC","Pabrik B",176
2024-09-01,"TB-JAS-BES-KAC","Pabrik A",757
2024-09-01,"TB-JAS-BES-KAC","Pabrik B",445
2024-09-01,"TB-JAS-KEC-PET","Pabrik A",597
2024-09-01,"TB-JAS-KEC-PET","Pabrik B",334
2024-09-01,"TB-JAS-SED-KAC","Pabrik A",568
2024-09-01,"TB-JAS-SED-KAC","Pabrik B",359
2024-09-01,"TB-JAS-SED-PET","Pabrik A",487
2024-09-01,"TB-JAS-SED-PET","Pabrik B",645
2024-09-01,"TB-PCH-BES-KAC","Pabrik A",509
2024-09-01,"TB-PCH-BES-KAC","Pabrik B",318
2024-09-01,"TB-PCH-KEC-PET","Pabrik A",393
2024-09-01,"TB-PCH-KEC-PET","Pabrik B",235
2024-09-01,"TB-PCH-SED-KAC","Pabrik A",383
2024-09-01,"TB-PCH-SED-KAC","Pabrik B",248
2024-09-01,"TB-PCH-SED-PET","Pabrik A",589
2024-09-01,"TB-PCH-SED-PET","Pabrik B",397
2024-10-01,"KK-ORI-BES-POU","Pabrik A",312
2024-10-01,"KK-ORI-BES-POU","Pabrik B",232
2024-10-01,"KK-ORI-KEC-SAC","Pabrik A",344
2024-10-01,"KK-ORI-KEC-SAC","Pabrik B",232
2024-10-01,"KK-ORI-SED-POU","Pabrik A",231
2024-10-01,"KK-ORI-SED-POU","Pabrik B",159
2024-10-01,"KK-ORI-SED-SAC","Pabrik A",305
2024-10-01,"KK-ORI-SED-SAC","Pabrik B",242
2024-10-01,"KK-PAP-BES-POU","Pabrik A",316
2024-10-01,"KK-PAP-BES-POU","Pabrik B",172
2024-10-01,"KK-PAP-KEC-SAC","Pabrik A",286
2024-10-01,"KK-PAP-KEC-SAC","Pabrik B",184
2024-10-01,"KK-PAP-SED-POU","Pabrik A",196
2024-10-01,"KK-PAP-SED-POU","Pabrik B",126
2024-10-01,"KK-PAP-SED-SAC","Pabrik A",270
2024-10-01,"KK-PAP-SED-SAC","Pabrik B",165
2024-10-01,"TB-JAS-BES-KAC","Pabrik A",781
2024-10-01,"TB-JAS-BES-KAC","Pabrik B",504
2024-10-01,"TB-JAS-KEC-PET","Pabrik A",599
2024-10-01,"TB-JAS-KEC-PET","Pabrik B",397
2024-10-01,"TB-JAS-SED-KAC","Pabrik A",577
2024-10-01,"TB-JAS-SED-KAC","Pabrik B",397
2024-10-01,"TB-JAS-SED-PET","Pabrik A",880
2024-10-01,"TB-JAS-SED-PET","Pabrik B",697
2024-10-01,"TB-PCH-BES-KAC","Pabrik A",526
2024-10-01,"TB-PCH-BES-KAC","Pabrik B",346
2024-10-01,"TB-PCH-KEC-PET","Pabrik A",469
2024-10-01,"TB-PCH-KEC-PET","Pabrik B",260
2024-10-01,"TB-PCH-SED-KAC","Pabrik A",375
2024-10-01,"TB-PCH-SED-KAC","Pabrik B",252
2024-10-01,"TB-PCH-SED-PET","Pabrik A",675
2024-10-01,"TB-PCH-SED-PET","Pabrik B",361
2024-11-01,"KK-ORI-BES-POU","Pabrik A",437
2024-11-01,"KK-ORI-BES-POU","Pabrik B",260
2024-11-01,"KK-ORI-KEC-SAC","Pabrik A",372
2024-11-01,"KK-ORI-KEC-SAC","Pabrik B",260
2024-11-01,"KK-ORI-SED-POU","Pabrik A",265
2024-11-01,"KK-ORI-SED-POU","Pabrik B",180
2024-11-01,"KK-ORI-SED-SAC","Pabrik A",372
2024-11-01,"KK-ORI-SED-SAC","Pabrik B",283
2024-11-01,"KK-PAP-BES-POU","Pabrik A",329
2024-11-01,"KK-PAP-BES-POU","Pabrik B",236
2024-11-01,"KK-PAP-KEC-SAC","Pabrik A",330
2024-11-01,"KK-PAP-KEC-SAC","Pabrik B",197
2024-11-01,"KK-PAP-SED-POU","Pabrik A",343
2024-11-01,"KK-PAP-SED-POU","Pabrik B",148
2024-11-01,"KK-PAP-SED-SAC","Pabrik A",341
2024-11-01,"KK-PAP-SED-SAC","Pabrik B",234
2024-11-01,"TB-JAS-BES-KAC","Pabrik A",922
2024-11-01,"TB-JAS-BES-KAC","Pabrik B",625
2024-11-01,"TB-JAS-KEC-PET","Pabrik A",1047
2024-11-01,"TB-JAS-KEC-PET","Pabrik B",631
2024-11-01,"TB-JAS-SED-KAC","Pabrik A",723
2024-11-01,"TB-JAS-SED-KAC","Pabrik B",419
2024-11-01,"TB-JAS-SED-PET","Pabrik A",1066
2024-11-01,"TB-JAS-SED-PET","Pabrik B",682
2024-11-01,"TB-PCH-BES-KAC","Pabrik A",595
2024-11-01,"TB-PCH-BES-KAC","Pabrik B",156
2024-11-01,"TB-PCH-KEC-PET","Pabrik A",520
2024-11-01,"TB-PCH-KEC-PET","Pabrik B",317
2024-11-01,"TB-PCH-SED-KAC","Pabrik A",465
2024-11-01,"TB-PCH-SED-KAC","Pabrik B",273
2024-11-01,"TB-PCH-SED-PET","Pabrik A",738
2024-11-01,"TB-PCH-SED-PET","Pabrik B",448
2024-12-01,"KK-ORI-BES-POU","Pabrik A",426
2024-12-01,"KK-ORI-BES-POU","Pabrik B",325
2024-12-01,"KK-ORI-KEC-SAC","Pabrik A",412
2024-12-01,"KK-ORI-KEC-SAC","Pabrik B",290
2024-12-01,"KK-ORI-SED-POU","Pabrik A",276
2024-12-01,"KK-ORI-SED-POU","Pabrik B",227
2024-12-01,"KK-ORI-SED-SAC","Pabrik A",412
2024-12-01,"KK-ORI-SED-SAC","Pabrik B",241
2024-12-01,"KK-PAP-BES-POU","Pabrik A",381
2024-12-01,"KK-PAP-BES-POU","Pabrik B",361
2024-12-01,"KK-PAP-KEC-SAC","Pabrik A",396
2024-12-01,"KK-PAP-KEC-SAC","Pabrik B",240
2024-12-01,"KK-PAP-SED-POU","Pabrik A",229
2024-12-01,"KK-PAP-SED-POU","Pabrik B",170
2024-12-01,"KK-PAP-SED-SAC","Pabrik A",349
2024-12-01,"KK-PAP-SED-SAC","Pabrik B",256
2024-12-01,"TB-JAS-BES-KAC","Pabrik A",1097
2024-12-01,"TB-JAS-BES-KAC","Pabrik B",695
2024-12-01,"TB-JAS-KEC-PET","Pabrik A",785
2024-12-01,"TB-JAS-KEC-PET","Pabrik B",1240
2024-12-01,"TB-JAS-SED-KAC","Pabrik A",651
2024-12-01,"TB-JAS-SED-KAC","Pabrik B",460
2024-12-01,"TB-JAS-SED-PET","Pabrik A",1123
2024-12-01,"TB-JAS-SED-PET","Pabrik B",800
2024-12-01,"TB-PCH-BES-KAC","Pabrik A",1065
2024-12-01,"TB-PCH-BES-KAC","Pabrik B",502
2024-12-01,"TB-PCH-KEC-PET","Pabrik A",544
2024-12-01,"TB-PCH-KEC-PET","Pabrik B",389
2024-12-01,"TB-PCH-SED-KAC","Pabrik A",721
2024-12-01,"TB-PCH-SED-KAC","Pabrik B",284
2024-12-01,"TB-PCH-SED-PET","Pabrik A",772
2024-12-01,"TB-PCH-SED-PET","Pabrik B",543
2025-01-01,"KK-ORI-BES-POU","Pabrik A",307
2025-01-01,"KK-ORI-BES-POU","Pabrik B",165
2025-01-01,"KK-ORI-KEC-SAC","Pabrik A",295
2025-01-01,"KK-ORI-KEC-SAC","Pabrik B",164
2025-01-01,"KK-ORI-SED-POU","Pabrik A",175
2025-01-01,"KK-ORI-SED-POU","Pabrik B",119
2025-01-01,"KK-ORI-SED-SAC","Pabrik A",296
2025-01-01,"KK-ORI-SED-SAC","Pabrik B",177
2025-01-01,"KK-PAP-BES-POU","Pabrik A",237
2025-01-01,"KK-PAP-BES-POU","Pabrik B",149
2025-01-01,"KK-PAP-KEC-SAC","Pabrik A",191
2025-01-01,"KK-PAP-KEC-SAC","Pabrik B",140
2025-01-01,"KK-PAP-SED-POU","Pabrik A",143
2025-01-01,"KK-PAP-SED-POU","Pabrik B",100
2025-01-01,"KK-PAP-SED-SAC","Pabrik A",296
2025-01-01,"KK-PAP-SED-SAC","Pabrik B",138
2025-01-01,"TB-JAS-BES-KAC","Pabrik A",639
2025-01-01,"TB-JAS-BES-KAC","Pabrik B",377
2025-01-01,"TB-JAS-KEC-PET","Pabrik A",500
2025-01-01,"TB-JAS-KEC-PET","Pabrik B",322
2025-01-01,"TB-JAS-SED-KAC","Pabrik A",465
2025-01-01,"TB-JAS-SED-KAC","Pabrik B",292
2025-01-01,"TB-JAS-SED-PET","Pabrik A",844
2025-01-01,"TB-JAS-SED-PET","Pabrik B",438
2025-01-01,"TB-PCH-BES-KAC","Pabrik A",429
2025-01-01,"TB-PCH-BES-KAC","Pabrik B",237
2025-01-01,"TB-PCH-KEC-PET","Pabrik A",285
2025-01-01,"TB-PCH-KEC-PET","Pabrik B",212
2025-01-01,"TB-PCH-SED-KAC","Pabrik A",289
2025-01-01,"TB-PCH-SED-KAC","Pabrik B",192
2025-01-01,"TB-PCH-SED-PET","Pabrik A",480
2025-01-01,"TB-PCH-SED-PET","Pabrik B",325
2025-02-01,"KK-ORI-BES-POU","Pabrik A",296
2025-02-01,"KK-ORI-BES-POU","Pabrik B",178
2025-02-01,"KK-ORI-KEC-SAC","Pabrik A",243
2025-02-01,"KK-ORI-KEC-SAC","Pabrik B",164
2025-02-01,"KK-ORI-SED-POU","Pabrik A",83
2025-02-01,"KK-ORI-SED-POU","Pabrik B",127
2025-02-01,"KK-ORI-SED-SAC","Pabrik A",265
2025-02-01,"KK-ORI-SED-SAC","Pabrik B",195
2025-02-01,"KK-PAP-BES-POU","Pabrik A",268
2025-02-01,"KK-PAP-BES-POU","Pabrik B",229
2025-02-01,"KK-PAP-KEC-SAC","Pabrik A",218
2025-02-01,"KK-PAP-KEC-SAC","Pabrik B",126
2025-02-01,"KK-PAP-SED-POU","Pabrik A",141
2025-02-01,"KK-PAP-SED-POU","Pabrik B",100
2025-02-01,"KK-PAP-SED-SAC","Pabrik A",229
2025-02-01,"KK-PAP-SED-SAC","Pabrik B",145
2025-02-01,"TB-JAS-BES-KAC","Pabrik A",590
2025-02-01,"TB-JAS-BES-KAC","Pabrik B",417
2025-02-01,"TB-JAS-KEC-PET","Pabrik A",445
2025-02-01,"TB-JAS-KEC-PET","Pabrik B",337
2025-02-01,"TB-JAS-SED-KAC","Pabrik A",481
2025-02-01,"TB-JAS-SED-KAC","Pabrik B",277
2025-02-01,"TB-JAS-SED-PET","Pabrik A",638
2025-02-01,"TB-JAS-SED-PET","Pabrik B",460
2025-02-01,"TB-PCH-BES-KAC","Pabrik A",451
2025-02-01,"TB-PCH-BES-KAC","Pabrik B",297
2025-02-01,"TB-PCH-KEC-PET","Pabrik A",269
2025-02-01,"TB-PCH-KEC-PET","Pabrik B",207
2025-02-01,"TB-PCH-SED-KAC","Pabrik A",312
2025-02-01,"TB-PCH-SED-KAC","Pabrik B",225
2025-02-01,"TB-PCH-SED-PET","Pabrik A",422
2025-02-01,"TB-PCH-SED-PET","Pabrik B",315
2025-03-01,"KK-ORI-BES-POU","Pabrik A",294
2025-03-01,"KK-ORI-BES-POU","Pabrik B",237
2025-03-01,"KK-ORI-KEC-SAC","Pabrik A",273
2025-03-01,"KK-ORI-KEC-SAC","Pabrik B",168
2025-03-01,"KK-ORI-SED-POU","Pabrik A",215
2025-03-01,"KK-ORI-SED-POU","Pabrik B",143
2025-03-01,"KK-ORI-SED-SAC","Pabrik A",295
2025-03-01,"KK-ORI-SED-SAC","Pabrik B",192
2025-03-01,"KK-PAP-BES-POU","Pabrik A",282
2025-03-01,"KK-PAP-BES-POU","Pabrik B",161
2025-03-01,"KK-PAP-KEC-SAC","Pabrik A",243
2025-03-01,"KK-PAP-KEC-SAC","Pabrik B",166
2025-03-01,"KK-PAP-SED-POU","Pabrik A",166
2025-03-01,"KK-PAP-SED-POU","Pabrik B",112
2025-03-01,"KK-PAP-SED-SAC","Pabrik A",257
2025-03-01,"KK-PAP-SED-SAC","Pabrik B",147
2025-03-01,"TB-JAS-BES-KAC","Pabrik A",905
2025-03-01,"TB-JAS-BES-KAC","Pabrik B",448
2025-03-01,"TB-JAS-KEC-PET","Pabrik A",468
2025-03-01,"TB-JAS-KEC-PET","Pabrik B",355
2025-03-01,"TB-JAS-SED-KAC","Pabrik A",405
2025-03-01,"TB-JAS-SED-KAC","Pabrik B",345
2025-03-01,"TB-JAS-SED-PET","Pabrik A",815
2025-03-01,"TB-JAS-SED-PET","Pabrik B",533
2025-03-01,"TB-PCH-BES-KAC","Pabrik A",522
2025-03-01,"TB-PCH-BES-KAC","Pabrik B",344
2025-03-01,"TB-PCH-KEC-PET","Pabrik A",350
2025-03-01,"TB-PCH-KEC-PET","Pabrik B",396
2025-03-01,"TB-PCH-SED-KAC","Pabrik A",338
2025-03-01,"TB-PCH-SED-KAC","Pabrik B",235
2025-03-01,"TB-PCH-SED-PET","Pabrik A",513
2025-03-01,"TB-PCH-SED-PET","Pabrik B",381
2025-04-01,"KK-ORI-BES-POU","Pabrik A",356
2025-04-01,"KK-ORI-BES-POU","Pabrik B",235
2025-04-01,"KK-ORI-KEC-SAC","Pabrik A",317
2025-04-01,"KK-ORI-KEC-SAC","Pabrik B",205
2025-04-01,"KK-ORI-SED-POU","Pabrik A",206
2025-04-01,"KK-ORI-SED-POU","Pabrik B",136
2025-04-01,"KK-ORI-SED-SAC","Pabrik A",316
2025-04-01,"KK-ORI-SED-SAC","Pabrik B",225
2025-04-01,"KK-PAP-BES-POU","Pabrik A",272
2025-04-01,"KK-PAP-BES-POU","Pabrik B",186
2025-04-01,"KK-PAP-KEC-SAC","Pabrik A",203
2025-04-01,"KK-PAP-KEC-SAC","Pabrik B",171
2025-04-01,"KK-PAP-SED-POU","Pabrik A",177
2025-04-01,"KK-PAP-SED-POU","Pabrik B",106
2025-04-01,"KK-PAP-SED-SAC","Pabrik A",271
2025-04-01,"KK-PAP-SED-SAC","Pabrik B",166
2025-04-01,"TB-JAS-BES-KAC","Pabrik A",905
2025-04-01,"TB-JAS-BES-KAC","Pabrik B",567
2025-04-01,"TB-JAS-KEC-PET","Pabrik A",578
2025-04-01,"TB-JAS-KEC-PET","Pabrik B",350
2025-04-01,"TB-JAS-SED-KAC","Pabrik A",521
2025-04-01,"TB-JAS-SED-KAC","Pabrik B",395
2025-04-01,"TB-JAS-SED-PET","Pabrik A",923
2025-04-01,"TB-JAS-SED-PET","Pabrik B",614
2025-04-01,"TB-PCH-BES-KAC","Pabrik A",504
2025-04-01,"TB-PCH-BES-KAC","Pabrik B",367
2025-04-01,"TB-PCH-KEC-PET","Pabrik A",396
2025-04-01,"TB-PCH-KEC-PET","Pabrik B",270
2025-04-01,"TB-PCH-SED-KAC","Pabrik A",363
2025-04-01,"TB-PCH-SED-KAC","Pabrik B",211
2025-04-01,"TB-PCH-SED-PET","Pabrik A",626
2025-04-01,"TB-PCH-SED-PET","Pabrik B",404
2025-05-01,"KK-ORI-BES-POU","Pabrik A",359
2025-05-01,"KK-ORI-BES-POU","Pabrik B",249
2025-05-01,"KK-ORI-KEC-SAC","Pabrik A",199
2025-05-01,"KK-ORI-KEC-SAC","Pabrik B",179
2025-05-01,"KK-ORI-SED-POU","Pabrik A",213
2025-05-01,"KK-ORI-SED-POU","Pabrik B",149
2025-05-01,"KK-ORI-SED-SAC","Pabrik A",333
2025-05-01,"KK-ORI-SED-SAC","Pabrik B",251
2025-05-01,"KK-PAP-BES-POU","Pabrik A",317
2025-05-01,"KK-PAP-BES-POU","Pabrik B",210
2025-05-01,"KK-PAP-KEC-SAC","Pabrik A",272
2025-05-01,"KK-PAP-KEC-SAC","Pabrik B",180
2025-05-01,"KK-PAP-SED-POU","Pabrik A",202
2025-05-01,"KK-PAP-SED-POU","Pabrik B",125
2025-05-01,"KK-PAP-SED-SAC","Pabrik A",275
2025-05-01,"KK-PAP-SED-SAC","Pabrik B",168
2025-05-01,"TB-JAS-BES-KAC","Pabrik A",873
2025-05-01,"TB-JAS-BES-KAC","Pabrik B",489
2025-05-01,"TB-JAS-KEC-PET","Pabrik A",606
2025-05-01,"TB-JAS-KEC-PET","Pabrik B",400
2025-05-01,"TB-JAS-SED-KAC","Pabrik A",572
2025-05-01,"TB-JAS-SED-KAC","Pabrik B",375
2025-05-01,"TB-JAS-SED-PET","Pabrik A",955
2025-05-01,"TB-JAS-SED-PET","Pabrik B",694
2025-05-01,"TB-PCH-BES-KAC","Pabrik A",584
2025-05-01,"TB-PCH-BES-KAC","Pabrik B",410
2025-05-01,"TB-PCH-KEC-PET","Pabrik A",425
2025-05-01,"TB-PCH-KEC-PET","Pabrik B",273
2025-05-01,"TB-PCH-SED-KAC","Pabrik A",387
2025-05-01,"TB-PCH-SED-KAC","Pabrik B",279
2025-05-01,"TB-PCH-SED-PET","Pabrik A",577
2025-05-01,"TB-PCH-SED-PET","Pabrik B",427
2025-06-01,"KK-ORI-BES-POU","Pabrik A",407
2025-06-01,"KK-ORI-BES-POU","Pabrik B",271
2025-06-01,"KK-ORI-KEC-SAC","Pabrik A",329
2025-06-01,"KK-ORI-KEC-SAC","Pabrik B",228
2025-06-01,"KK-ORI-SED-POU","Pabrik A",258
2025-06-01,"KK-ORI-SED-POU","Pabrik B",172
2025-06-01,"KK-ORI-SED-SAC","Pabrik A",418
2025-06-01,"KK-ORI-SED-SAC","Pabrik B",257
2025-06-01,"KK-PAP-BES-POU","Pabrik A",382
2025-06-01,"KK-PAP-BES-POU","Pabrik B",221
2025-06-01,"KK-PAP-KEC-SAC","Pabrik A",292
2025-06-01,"KK-PAP-KEC-SAC","Pabrik B",180
2025-06-01,"KK-PAP-SED-POU","Pabrik A",219
2025-06-01,"KK-PAP-SED-POU","Pabrik B",139
2025-06-01,"KK-PAP-SED-SAC","Pabrik A",285
2025-06-01,"KK-PAP-SED-SAC","Pabrik B",238
2025-06-01,"TB-JAS-BES-KAC","Pabrik A",891
2025-06-01,"TB-JAS-BES-KAC","Pabrik B",706
2025-06-01,"TB-JAS-KEC-PET","Pabrik A",582
2025-06-01,"TB-JAS-KEC-PET","Pabrik B",425
2025-06-01,"TB-JAS-SED-KAC","Pabrik A",571
2025-06-01,"TB-JAS-SED-KAC","Pabrik B",435
2025-06-01,"TB-JAS-SED-PET","Pabrik A",1044
2025-06-01,"TB-JAS-SED-PET","Pabrik B",688
2025-06-01,"TB-PCH-BES-KAC","Pabrik A",622
2025-06-01,"TB-PCH-BES-KAC","Pabrik B",371
2025-06-01,"TB-PCH-KEC-PET","Pabrik A",414
2025-06-01,"TB-PCH-KEC-PET","Pabrik B",323
2025-06-01,"TB-PCH-SED-KAC","Pabrik A",450
2025-06-01,"TB-PCH-SED-KAC","Pabrik B",305
2025-06-01,"TB-PCH-SED-PET","Pabrik A",699
2025-06-01,"TB-PCH-SED-PET","Pabrik B",498
2025-07-01,"KK-ORI-BES-POU","Pabrik A",397
2025-07-01,"KK-ORI-BES-POU","Pabrik B",261
2025-07-01,"KK-ORI-KEC-SAC","Pabrik A",327
2025-07-01,"KK-ORI-KEC-SAC","Pabrik B",234
2025-07-01,"KK-ORI-SED-POU","Pabrik A",229
2025-07-01,"KK-ORI-SED-POU","Pabrik B",162
2025-07-01,"KK-ORI-SED-SAC","Pabrik A",366
2025-07-01,"KK-ORI-SED-SAC","Pabrik B",236
2025-07-01,"KK-PAP-BES-POU","Pabrik A",363
2025-07-01,"KK-PAP-BES-POU","Pabrik B",187
2025-07-01,"KK-PAP-KEC-SAC","Pabrik A",300
2025-07-01,"KK-PAP-KEC-SAC","Pabrik B",179
2025-07-01,"KK-PAP-SED-POU","Pabrik A",191
2025-07-01,"KK-PAP-SED-POU","Pabrik B",136
2025-07-01,"KK-PAP-SED-SAC","Pabrik A",285
2025-07-01,"KK-PAP-SED-SAC","Pabrik B",180
2025-07-01,"TB-JAS-BES-KAC","Pabrik A",910
2025-07-01,"TB-JAS-BES-KAC","Pabrik B",553
2025-07-01,"TB-JAS-KEC-PET","Pabrik A",695
2025-07-01,"TB-JAS-KEC-PET","Pabrik B",397
2025-07-01,"TB-JAS-SED-KAC","Pabrik A",584
2025-07-01,"TB-JAS-SED-KAC","Pabrik B",430
2025-07-01,"TB-JAS-SED-PET","Pabrik A",949
2025-07-01,"TB-JAS-SED-PET","Pabrik B",615
2025-07-01,"TB-PCH-BES-KAC","Pabrik A",599
2025-07-01,"TB-PCH-BES-KAC","Pabrik B",409
2025-07-01,"TB-PCH-KEC-PET","Pabrik A",372
2025-07-01,"TB-PCH-KEC-PET","Pabrik B",274
2025-07-01,"TB-PCH-SED-KAC","Pabrik A",435
2025-07-01,"TB-PCH-SED-KAC","Pabrik B",252
2025-07-01,"TB-PCH-SED-PET","Pabrik A",671
2025-07-01,"TB-PCH-SED-PET","Pabrik B",468
2025-08-01,"KK-ORI-BES-POU","Pabrik A",314
2025-08-01,"KK-ORI-BES-POU","Pabrik B",267
2025-08-01,"KK-ORI-KEC-SAC","Pabrik A",297
2025-08-01,"KK-ORI-KEC-SAC","Pabrik B",214
2025-08-01,"KK-ORI-SED-POU","Pabrik A",221
2025-08-01,"KK-ORI-SED-POU","Pabrik B",160
2025-08-01,"KK-ORI-SED-SAC","Pabrik A",390
2025-08-01,"KK-ORI-SED-SAC","Pabrik B",197
2025-08-01,"KK-PAP-BES-POU","Pabrik A",316
2025-08-01,"KK-PAP-BES-POU","Pabrik B",188
2025-08-01,"KK-PAP-KEC-SAC","Pabrik A",263
2025-08-01,"KK-PAP-KEC-SAC","Pabrik B",181
2025-08-01,"KK-PAP-SED-POU","Pabrik A",176
2025-08-01,"KK-PAP-SED-POU","Pabrik B",123
2025-08-01,"KK-PAP-SED-SAC","Pabrik A",316
2025-08-01,"KK-PAP-SED-SAC","Pabrik B",162
2025-08-01,"TB-JAS-BES-KAC","Pabrik A",808
2025-08-01,"TB-JAS-BES-KAC","Pabrik B",604
2025-08-01,"TB-JAS-KEC-PET","Pabrik A",302
2025-08-01,"TB-JAS-KEC-PET","Pabrik B",391
2025-08-01,"TB-JAS-SED-KAC","Pabrik A",549
2025-08-01,"TB-JAS-SED-KAC","Pabrik B",368
2025-08-01,"TB-JAS-SED-PET","Pabrik A",859
2025-08-01,"TB-JAS-SED-PET","Pabrik B",642
2025-08-01,"TB-PCH-BES-KAC","Pabrik A",649
2025-08-01,"TB-PCH-BES-KAC","Pabrik B",388
2025-08-01,"TB-PCH-KEC-PET","Pabrik A",368
2025-08-01,"TB-PCH-KEC-PET","Pabrik B",220
2025-08-01,"TB-PCH-SED-KAC","Pabrik A",430
2025-08-01,"TB-PCH-SED-KAC","Pabrik B",278
2025-08-01,"TB-PCH-SED-PET","Pabrik A",603
2025-08-01,"TB-PCH-SED-PET","Pabrik B",438
2025-09-01,"KK-ORI-BES-POU","Pabrik A",358
2025-09-01,"KK-ORI-BES-POU","Pabrik B",254
2025-09-01,"KK-ORI-KEC-SAC","Pabrik A",310
2025-09-01,"KK-ORI-KEC-SAC","Pabrik B",196
2025-09-01,"KK-ORI-SED-POU","Pabrik A",265
2025-09-01,"KK-ORI-SED-POU","Pabrik B",180
2025-09-01,"KK-ORI-SED-SAC","Pabrik A",283
2025-09-01,"KK-ORI-SED-SAC","Pabrik B",208
2025-09-01,"KK-PAP-BES-POU","Pabrik A",304
2025-09-01,"KK-PAP-BES-POU","Pabrik B",205
2025-09-01,"KK-PAP-KEC-SAC","Pabrik A",252
2025-09-01,"KK-PAP-KEC-SAC","Pabrik B",156
2025-09-01,"KK-PAP-SED-POU","Pabrik A",205
2025-09-01,"KK-PAP-SED-POU","Pabrik B",146
2025-09-01,"KK-PAP-SED-SAC","Pabrik A",272
2025-09-01,"KK-PAP-SED-SAC","Pabrik B",178
2025-09-01,"TB-JAS-BES-KAC","Pabrik A",942
2025-09-01,"TB-JAS-BES-KAC","Pabrik B",596
2025-09-01,"TB-JAS-KEC-PET","Pabrik A",549
2025-09-01,"TB-JAS-KEC-PET","Pabrik B",353
2025-09-01,"TB-JAS-SED-KAC","Pabrik A",595
2025-09-01,"TB-JAS-SED-KAC","Pabrik B",767
2025-09-01,"TB-JAS-SED-PET","Pabrik A",993
2025-09-01,"TB-JAS-SED-PET","Pabrik B",798
2025-09-01,"TB-PCH-BES-KAC","Pabrik A",586
2025-09-01,"TB-PCH-BES-KAC","Pabrik B",397
2025-09-01,"TB-PCH-KEC-PET","Pabrik A",315
2025-09-01,"TB-PCH-KEC-PET","Pabrik B",264
2025-09-01,"TB-PCH-SED-KAC","Pabrik A",416
2025-09-01,"TB-PCH-SED-KAC","Pabrik B",276
2025-09-01,"TB-PCH-SED-PET","Pabrik A",605
2025-09-01,"TB-PCH-SED-PET","Pabrik B",426
2025-10-01,"KK-ORI-BES-POU","Pabrik A",494
2025-10-01,"KK-ORI-BES-POU","Pabrik B",279
2025-10-01,"KK-ORI-KEC-SAC","Pabrik A",361
2025-10-01,"KK-ORI-KEC-SAC","Pabrik B",253
2025-10-01,"KK-ORI-SED-POU","Pabrik A",418
2025-10-01,"KK-ORI-SED-POU","Pabrik B",157
2025-10-01,"KK-ORI-SED-SAC","Pabrik A",368
2025-10-01,"KK-ORI-SED-SAC","Pabrik B",215
2025-10-01,"KK-PAP-BES-POU","Pabrik A",353
2025-10-01,"KK-PAP-BES-POU","Pabrik B",231
2025-10-01,"KK-PAP-KEC-SAC","Pabrik A",270
2025-10-01,"KK-PAP-KEC-SAC","Pabrik B",181
2025-10-01,"KK-PAP-SED-POU","Pabrik A",194
2025-10-01,"KK-PAP-SED-POU","Pabrik B",159
2025-10-01,"KK-PAP-SED-SAC","Pabrik A",290
2025-10-01,"KK-PAP-SED-SAC","Pabrik B",193
2025-10-01,"TB-JAS-BES-KAC","Pabrik A",938
2025-10-01,"TB-JAS-BES-KAC","Pabrik B",344
2025-10-01,"TB-JAS-KEC-PET","Pabrik A",533
2025-10-01,"TB-JAS-KEC-PET","Pabrik B",403
2025-10-01,"TB-JAS-SED-KAC","Pabrik A",656
2025-10-01,"TB-JAS-SED-KAC","Pabrik B",483
2025-10-01,"TB-JAS-SED-PET","Pabrik A",1126
2025-10-01,"TB-JAS-SED-PET","Pabrik B",714
2025-10-01,"TB-PCH-BES-KAC","Pabrik A",576
2025-10-01,"TB-PCH-BES-KAC","Pabrik B",476
2025-10-01,"TB-PCH-KEC-PET","Pabrik A",426
2025-10-01,"TB-PCH-KEC-PET","Pabrik B",260
2025-10-01,"TB-PCH-SED-KAC","Pabrik A",448
2025-10-01,"TB-PCH-SED-KAC","Pabrik B",302
2025-10-01,"TB-PCH-SED-PET","Pabrik A",719
2025-10-01,"TB-PCH-SED-PET","Pabrik B",463
2025-11-01,"KK-ORI-BES-POU","Pabrik A",661
2025-11-01,"KK-ORI-BES-POU","Pabrik B",316
2025-11-01,"KK-ORI-KEC-SAC","Pabrik A",374
2025-11-01,"KK-ORI-KEC-SAC","Pabrik B",268
2025-11-01,"KK-ORI-SED-POU","Pabrik A",282
2025-11-01,"KK-ORI-SED-POU","Pabrik B",175
2025-11-01,"KK-ORI-SED-SAC","Pabrik A",611
2025-11-01,"KK-ORI-SED-SAC","Pabrik B",353
2025-11-01,"KK-PAP-BES-POU","Pabrik A",429
2025-11-01,"KK-PAP-BES-POU","Pabrik B",261
2025-11-01,"KK-PAP-KEC-SAC","Pabrik A",317
2025-11-01,"KK-PAP-KEC-SAC","Pabrik B",185
2025-11-01,"KK-PAP-SED-POU","Pabrik A",246
2025-11-01,"KK-PAP-SED-POU","Pabrik B",144
2025-11-01,"KK-PAP-SED-SAC","Pabrik A",287
2025-11-01,"KK-PAP-SED-SAC","Pabrik B",191
2025-11-01,"TB-JAS-BES-KAC","Pabrik A",661
2025-11-01,"TB-JAS-BES-KAC","Pabrik B",891
2025-11-01,"TB-JAS-KEC-PET","Pabrik A",680
2025-11-01,"TB-JAS-KEC-PET","Pabrik B",482
2025-11-01,"TB-JAS-SED-KAC","Pabrik A",686
2025-11-01,"TB-JAS-SED-KAC","Pabrik B",508
2025-11-01,"TB-JAS-SED-PET","Pabrik A",1185
2025-11-01,"TB-JAS-SED-PET","Pabrik B",733
2025-11-01,"TB-PCH-BES-KAC","Pabrik A",793
2025-11-01,"TB-PCH-BES-KAC","Pabrik B",426
2025-11-01,"TB-PCH-KEC-PET","Pabrik A",472
2025-11-01,"TB-PCH-KEC-PET","Pabrik B",339
2025-11-01,"TB-PCH-SED-KAC","Pabrik A",598
2025-11-01,"TB-PCH-SED-KAC","Pabrik B",372
2025-11-01,"TB-PCH-SED-PET","Pabrik A",750
2025-11-01,"TB-PCH-SED-PET","Pabrik B",491
2025-12-01,"KK-ORI-BES-POU","Pabrik A",541
2025-12-01,"KK-ORI-BES-POU","Pabrik B",324
2025-12-01,"KK-ORI-KEC-SAC","Pabrik A",392
2025-12-01,"KK-ORI-KEC-SAC","Pabrik B",241
2025-12-01,"KK-ORI-SED-POU","Pabrik A",330
2025-12-01,"KK-ORI-SED-POU","Pabrik B",220
2025-12-01,"KK-ORI-SED-SAC","Pabrik A",490
2025-12-01,"KK-ORI-SED-SAC","Pabrik B",290
2025-12-01,"KK-PAP-BES-POU","Pabrik A",449
2025-12-01,"KK-PAP-BES-POU","Pabrik B",261
2025-12-01,"KK-PAP-KEC-SAC","Pabrik A",345
2025-12-01,"KK-PAP-KEC-SAC","Pabrik B",226
2025-12-01,"KK-PAP-SED-POU","Pabrik A",266
2025-12-01,"KK-PAP-SED-POU","Pabrik B",185
2025-12-01,"KK-PAP-SED-SAC","Pabrik A",364
2025-12-01,"KK-PAP-SED-SAC","Pabrik B",245
2025-12-01,"TB-JAS-BES-KAC","Pabrik A",1267
2025-12-01,"TB-JAS-BES-KAC","Pabrik B",784
2025-12-01,"TB-JAS-KEC-PET","Pabrik A",751
2025-12-01,"TB-JAS-KEC-PET","Pabrik B",441
2025-12-01,"TB-JAS-SED-KAC","Pabrik A",898
2025-12-01,"TB-JAS-SED-KAC","Pabrik B",593
2025-12-01,"TB-JAS-SED-PET","Pabrik A",1413
2025-12-01,"TB-JAS-SED-PET","Pabrik B",848
2025-12-01,"TB-PCH-BES-KAC","Pabrik A",820
2025-12-01,"TB-PCH-BES-KAC","Pabrik B",549
2025-12-01,"TB-PCH-KEC-PET","Pabrik A",504
2025-12-01,"TB-PCH-KEC-PET","Pabrik B",333
2025-12-01,"TB-PCH-SED-KAC","Pabrik A",550
2025-12-01,"TB-PCH-SED-KAC","Pabrik B",634
2025-12-01,"TB-PCH-SED-PET","Pabrik A",1029
2025-12-01,"TB-PCH-SED-PET","Pabrik B",1007
