"ProductionID","Tanggal","Shift","Line","MachineID","OperatorID","Product","PlannedTime","RunTime","DowntimeMin","Output","Defect","IdealCycleSec","CycleTimeSec"
"PRD-00001",2026-06-01,"Malam","Line-A","M-01","OP01","Housing",420,412,8,10645,350,2,2.32
"PRD-00002",2026-06-01,"Malam","Line-B","M-03","OP07","Bracket",420,414,6,11020,448,1.8,2.25
"PRD-00003",2026-06-01,"Malam","Line-C","M-06","OP03","Bracket",420,394,26,11363,521,1.8,2.08
"PRD-00004",2026-06-01,"Pagi","Line-A","M-02","OP04","Bracket",450,444,6,13217,268,1.8,2.02
"PRD-00005",2026-06-01,"Pagi","Line-B","M-04","OP09","Bracket",450,422,28,13143,395,1.8,1.93
"PRD-00006",2026-06-01,"Pagi","Line-C","M-05","OP09","Housing",450,447,3,12248,381,2,2.19
"PRD-00007",2026-06-01,"Sore","Line-A","M-01","OP04","Housing",450,390,60,11006,211,2,2.13
"PRD-00008",2026-06-01,"Sore","Line-B","M-04","OP09","Housing",450,435,15,11308,345,2,2.31
"PRD-00009",2026-06-01,"Sore","Line-C","M-05","OP05","Housing",450,443,7,12655,215,2,2.1
"PRD-00010",2026-06-02,"Malam","Line-A","M-01","OP07","Housing",420,382,38,9732,277,2,2.36
"PRD-00011",2026-06-02,"Malam","Line-B","M-04","OP09","Housing",420,370,50,8815,440,2,2.52
"PRD-00012",2026-06-02,"Malam","Line-C","M-05","OP08","Shaft",420,409,11,9334,268,2.2,2.63
"PRD-00013",2026-06-02,"Pagi","Line-A","M-01","OP06","Shaft",450,433,17,11332,278,2.2,2.29
"PRD-00014",2026-06-02,"Pagi","Line-B","M-04","OP05","Housing",450,403,47,10373,214,2,2.33
"PRD-00015",2026-06-02,"Pagi","Line-C","M-06","OP07","Housing",450,438,12,12580,396,2,2.09
"PRD-00016",2026-06-02,"Sore","Line-A","M-02","OP05","Shaft",450,317,133,7644,199,2.2,2.49
"PRD-00017",2026-06-02,"Sore","Line-B","M-03","OP04","Bracket",450,445,5,13251,206,1.8,2.01
"PRD-00018",2026-06-02,"Sore","Line-C","M-05","OP05","Shaft",450,447,3,11927,287,2.2,2.25
"PRD-00019",2026-06-03,"Malam","Line-A","M-01","OP10","Bracket",420,414,6,12037,294,1.8,2.06
"PRD-00020",2026-06-03,"Malam","Line-B","M-04","OP01","Housing",420,414,6,9229,569,2,2.69
"PRD-00021",2026-06-03,"Malam","Line-C","M-05","OP10","Bracket",420,408,12,12126,316,1.8,2.02
"PRD-00022",2026-06-03,"Pagi","Line-A","M-01","OP01","Shaft",450,402,48,10419,280,2.2,2.32
"PRD-00023",2026-06-03,"Pagi","Line-B","M-03","OP10","Bracket",450,436,14,14434,241,1.8,1.81
"PRD-00024",2026-06-03,"Pagi","Line-C","M-05","OP03","Bracket",450,427,23,14191,254,1.8,1.81
"PRD-00025",2026-06-03,"Sore","Line-A","M-01","OP04","Housing",450,440,10,12341,239,2,2.14
"PRD-00026",2026-06-03,"Sore","Line-B","M-04","OP07","Shaft",450,432,18,10326,193,2.2,2.51
"PRD-00027",2026-06-03,"Sore","Line-C","M-06","OP02","Bracket",450,421,29,13486,240,1.8,1.87
"PRD-00028",2026-06-04,"Malam","Line-A","M-02","OP04","Shaft",420,412,8,9495,265,2.2,2.6
"PRD-00029",2026-06-04,"Malam","Line-B","M-03","OP04","Bracket",420,406,14,11265,322,1.8,2.16
"PRD-00030",2026-06-04,"Malam","Line-C","M-05","OP10","Housing",420,409,11,10461,366,2,2.35
"PRD-00031",2026-06-04,"Pagi","Line-A","M-02","OP03","Shaft",450,443,7,10745,289,2.2,2.47
"PRD-00032",2026-06-04,"Pagi","Line-B","M-04","OP07","Bracket",450,391,59,11420,181,1.8,2.05
"PRD-00033",2026-06-04,"Pagi","Line-C","M-05","OP07","Shaft",450,446,4,11927,217,2.2,2.24
"PRD-00034",2026-06-04,"Sore","Line-A","M-01","OP01","Bracket",450,436,14,14113,235,1.8,1.85
"PRD-00035",2026-06-04,"Sore","Line-B","M-03","OP03","Housing",450,426,24,13123,411,2,1.95
"PRD-00036",2026-06-04,"Sore","Line-C","M-05","OP08","Bracket",450,435,15,14308,300,1.8,1.82
"PRD-00037",2026-06-05,"Malam","Line-A","M-02","OP09","Housing",420,303,117,7119,328,2,2.55
"PRD-00038",2026-06-05,"Malam","Line-B","M-03","OP03","Bracket",420,409,11,11715,290,1.8,2.09
"PRD-00039",2026-06-05,"Malam","Line-C","M-05","OP01","Housing",420,412,8,10516,369,2,2.35
"PRD-00040",2026-06-05,"Pagi","Line-A","M-02","OP07","Shaft",450,419,31,9624,328,2.2,2.61
"PRD-00041",2026-06-05,"Pagi","Line-B","M-03","OP09","Shaft",450,448,2,11065,185,2.2,2.43
"PRD-00042",2026-06-05,"Pagi","Line-C","M-06","OP05","Shaft",450,422,28,10961,241,2.2,2.31
"PRD-00043",2026-06-05,"Sore","Line-A","M-01","OP09","Shaft",450,444,6,11604,182,2.2,2.3
"PRD-00044",2026-06-05,"Sore","Line-B","M-04","OP06","Shaft",450,415,35,10598,253,2.2,2.35
"PRD-00045",2026-06-05,"Sore","Line-C","M-05","OP05","Shaft",450,446,4,11423,335,2.2,2.34
"PRD-00046",2026-06-06,"Malam","Line-A","M-01","OP02","Housing",420,408,12,10689,333,2,2.29
"PRD-00047",2026-06-06,"Malam","Line-B","M-03","OP08","Housing",420,401,19,10610,389,2,2.27
"PRD-00048",2026-06-06,"Malam","Line-C","M-06","OP01","Bracket",420,412,8,11483,467,1.8,2.15
"PRD-00049",2026-06-06,"Pagi","Line-A","M-02","OP09","Bracket",450,425,25,12599,264,1.8,2.02
"PRD-00050",2026-06-06,"Pagi","Line-B","M-04","OP01","Housing",450,410,40,11155,396,2,2.21
"PRD-00051",2026-06-06,"Pagi","Line-C","M-05","OP06","Housing",450,440,10,12280,308,2,2.15
"PRD-00052",2026-06-06,"Sore","Line-A","M-01","OP02","Bracket",450,444,6,14402,248,1.8,1.85
"PRD-00053",2026-06-06,"Sore","Line-B","M-04","OP10","Bracket",450,349,101,10563,228,1.8,1.98
"PRD-00054",2026-06-06,"Sore","Line-C","M-06","OP03","Shaft",450,393,57,10247,230,2.2,2.3
"PRD-00055",2026-06-08,"Malam","Line-A","M-01","OP09","Shaft",420,406,14,9278,292,2.2,2.63
"PRD-00056",2026-06-08,"Malam","Line-B","M-04","OP09","Housing",420,333,87,7622,298,2,2.62
"PRD-00057",2026-06-08,"Malam","Line-C","M-06","OP06","Bracket",420,407,13,11972,419,1.8,2.04
"PRD-00058",2026-06-08,"Pagi","Line-A","M-02","OP10","Housing",450,450,0,12154,409,2,2.22
"PRD-00059",2026-06-08,"Pagi","Line-B","M-04","OP02","Bracket",450,437,13,13241,340,1.8,1.98
"PRD-00060",2026-06-08,"Pagi","Line-C","M-05","OP04","Shaft",450,406,44,10531,185,2.2,2.31
"PRD-00061",2026-06-08,"Sore","Line-A","M-02","OP07","Bracket",450,447,3,12361,364,1.8,2.17
"PRD-00062",2026-06-08,"Sore","Line-B","M-03","OP08","Bracket",450,437,13,13412,274,1.8,1.95
"PRD-00063",2026-06-08,"Sore","Line-C","M-06","OP03","Housing",450,401,49,11332,274,2,2.12
"PRD-00064",2026-06-09,"Malam","Line-A","M-02","OP10","Bracket",420,372,48,9793,299,1.8,2.28
"PRD-00065",2026-06-09,"Malam","Line-B","M-03","OP01","Bracket",420,406,14,12008,434,1.8,2.03
"PRD-00066",2026-06-09,"Malam","Line-C","M-06","OP09","Housing",420,335,85,8664,250,2,2.32
"PRD-00067",2026-06-09,"Pagi","Line-A","M-01","OP05","Housing",450,449,1,12203,337,2,2.21
"PRD-00068",2026-06-09,"Pagi","Line-B","M-03","OP08","Bracket",450,445,5,14195,370,1.8,1.88
"PRD-00069",2026-06-09,"Pagi","Line-C","M-06","OP05","Housing",450,436,14,11922,266,2,2.19
"PRD-00070",2026-06-09,"Sore","Line-A","M-02","OP10","Shaft",450,417,33,9622,180,2.2,2.6
"PRD-00071",2026-06-09,"Sore","Line-B","M-03","OP09","Housing",450,437,13,12033,200,2,2.18
"PRD-00072",2026-06-09,"Sore","Line-C","M-06","OP10","Shaft",450,437,13,10922,240,2.2,2.4
"PRD-00073",2026-06-10,"Malam","Line-A","M-01","OP01","Housing",420,412,8,10168,341,2,2.43
"PRD-00074",2026-06-10,"Malam","Line-B","M-03","OP10","Shaft",420,385,35,8640,281,2.2,2.67
"PRD-00075",2026-06-10,"Malam","Line-C","M-06","OP05","Housing",420,389,31,9844,502,2,2.37
"PRD-00076",2026-06-10,"Pagi","Line-A","M-01","OP02","Shaft",450,437,13,11458,217,2.2,2.29
"PRD-00077",2026-06-10,"Pagi","Line-B","M-04","OP04","Shaft",450,422,28,10670,169,2.2,2.37
"PRD-00078",2026-06-10,"Pagi","Line-C","M-05","OP10","Housing",450,424,26,11691,233,2,2.18
"PRD-00079",2026-06-10,"Sore","Line-A","M-01","OP09","Bracket",450,428,22,14205,279,1.8,1.81
"PRD-00080",2026-06-10,"Sore","Line-B","M-04","OP10","Bracket",450,440,10,13055,278,1.8,2.02
"PRD-00081",2026-06-10,"Sore","Line-C","M-05","OP05","Housing",450,443,7,12852,333,2,2.07
"PRD-00082",2026-06-11,"Malam","Line-A","M-01","OP05","Housing",420,412,8,10789,373,2,2.29
"PRD-00083",2026-06-11,"Malam","Line-B","M-03","OP10","Shaft",420,402,18,8978,264,2.2,2.69
"PRD-00084",2026-06-11,"Malam","Line-C","M-05","OP01","Shaft",420,398,22,9557,259,2.2,2.5
"PRD-00085",2026-06-11,"Pagi","Line-A","M-02","OP04","Bracket",450,339,111,10575,178,1.8,1.92
"PRD-00086",2026-06-11,"Pagi","Line-B","M-03","OP04","Bracket",450,444,6,14226,231,1.8,1.87
"PRD-00087",2026-06-11,"Pagi","Line-C","M-05","OP01","Bracket",450,438,12,13674,365,1.8,1.92
"PRD-00088",2026-06-11,"Sore","Line-A","M-01","OP05","Bracket",450,443,7,13362,272,1.8,1.99
"PRD-00089",2026-06-11,"Sore","Line-B","M-03","OP06","Housing",450,435,15,12870,428,2,2.03
"PRD-00090",2026-06-11,"Sore","Line-C","M-05","OP03","Housing",450,434,16,12694,420,2,2.05
"PRD-00091",2026-06-12,"Malam","Line-A","M-02","OP05","Bracket",420,405,15,10178,448,1.8,2.39
"PRD-00092",2026-06-12,"Malam","Line-B","M-04","OP02","Shaft",420,375,45,8237,343,2.2,2.73
"PRD-00093",2026-06-12,"Malam","Line-C","M-05","OP05","Shaft",420,400,20,8999,256,2.2,2.67
"PRD-00094",2026-06-12,"Pagi","Line-A","M-01","OP09","Housing",450,447,3,13569,365,2,1.98
"PRD-00095",2026-06-12,"Pagi","Line-B","M-03","OP08","Bracket",450,438,12,14747,364,1.8,1.78
"PRD-00096",2026-06-12,"Pagi","Line-C","M-05","OP07","Housing",450,448,2,13200,323,2,2.04
"PRD-00097",2026-06-12,"Sore","Line-A","M-01","OP03","Bracket",450,438,12,14124,358,1.8,1.86
"PRD-00098",2026-06-12,"Sore","Line-B","M-04","OP03","Bracket",450,435,15,12970,353,1.8,2.01
"PRD-00099",2026-06-12,"Sore","Line-C","M-06","OP02","Bracket",450,440,10,14706,265,1.8,1.8
"PRD-00100",2026-06-13,"Malam","Line-A","M-02","OP04","Shaft",420,402,18,8951,369,2.2,2.69
"PRD-00101",2026-06-13,"Malam","Line-B","M-03","OP02","Bracket",420,396,24,11402,340,1.8,2.08
"PRD-00102",2026-06-13,"Malam","Line-C","M-06","OP01","Shaft",420,385,35,8901,332,2.2,2.6
"PRD-00103",2026-06-13,"Pagi","Line-A","M-02","OP02","Housing",450,433,17,11705,388,2,2.22
"PRD-00104",2026-06-13,"Pagi","Line-B","M-03","OP02","Shaft",450,443,7,11118,288,2.2,2.39
"PRD-00105",2026-06-13,"Pagi","Line-C","M-06","OP06","Housing",450,431,19,12084,436,2,2.14
"PRD-00106",2026-06-13,"Sore","Line-A","M-01","OP01","Shaft",450,441,9,11447,238,2.2,2.31
"PRD-00107",2026-06-13,"Sore","Line-B","M-04","OP06","Housing",450,447,3,12221,536,2,2.19
"PRD-00108",2026-06-13,"Sore","Line-C","M-05","OP01","Housing",450,405,45,11076,217,2,2.19
"PRD-00109",2026-06-15,"Malam","Line-A","M-01","OP07","Shaft",420,414,6,9713,252,2.2,2.56
"PRD-00110",2026-06-15,"Malam","Line-B","M-04","OP04","Shaft",420,411,9,9097,338,2.2,2.71
"PRD-00111",2026-06-15,"Malam","Line-C","M-05","OP01","Shaft",420,393,27,9352,302,2.2,2.52
"PRD-00112",2026-06-15,"Pagi","Line-A","M-01","OP04","Bracket",450,442,8,13312,210,1.8,1.99
"PRD-00113",2026-06-15,"Pagi","Line-B","M-03","OP04","Bracket",450,444,6,14325,208,1.8,1.86
"PRD-00114",2026-06-15,"Pagi","Line-C","M-05","OP04","Shaft",450,432,18,11794,143,2.2,2.2
"PRD-00115",2026-06-15,"Sore","Line-A","M-02","OP01","Housing",450,441,9,12066,413,2,2.19
"PRD-00116",2026-06-15,"Sore","Line-B","M-03","OP07","Shaft",450,447,3,11426,230,2.2,2.35
"PRD-00117",2026-06-15,"Sore","Line-C","M-05","OP09","Bracket",450,444,6,14293,289,1.8,1.86
"PRD-00118",2026-06-16,"Malam","Line-A","M-02","OP09","Housing",420,358,62,9086,501,2,2.36
"PRD-00119",2026-06-16,"Malam","Line-B","M-04","OP01","Housing",420,411,9,9927,447,2,2.48
"PRD-00120",2026-06-16,"Malam","Line-C","M-06","OP07","Bracket",420,396,24,11755,206,1.8,2.02
"PRD-00121",2026-06-16,"Pagi","Line-A","M-01","OP09","Housing",450,448,2,12902,333,2,2.08
"PRD-00122",2026-06-16,"Pagi","Line-B","M-03","OP08","Housing",450,429,21,12084,245,2,2.13
"PRD-00123",2026-06-16,"Pagi","Line-C","M-05","OP03","Housing",450,443,7,12541,349,2,2.12
"PRD-00124",2026-06-16,"Sore","Line-A","M-01","OP07","Bracket",450,416,34,13370,254,1.8,1.87
"PRD-00125",2026-06-16,"Sore","Line-B","M-04","OP04","Bracket",450,436,14,13035,297,1.8,2.01
"PRD-00126",2026-06-16,"Sore","Line-C","M-06","OP05","Shaft",450,446,4,11143,225,2.2,2.4
"PRD-00127",2026-06-17,"Malam","Line-A","M-01","OP09","Shaft",420,413,7,9550,325,2.2,2.59
"PRD-00128",2026-06-17,"Malam","Line-B","M-03","OP06","Housing",420,412,8,11053,512,2,2.24
"PRD-00129",2026-06-17,"Malam","Line-C","M-05","OP04","Housing",420,403,17,10243,399,2,2.36
"PRD-00130",2026-06-17,"Pagi","Line-A","M-01","OP07","Housing",450,440,10,12371,265,2,2.13
"PRD-00131",2026-06-17,"Pagi","Line-B","M-03","OP01","Shaft",450,440,10,11795,252,2.2,2.24
"PRD-00132",2026-06-17,"Pagi","Line-C","M-06","OP10","Shaft",450,423,27,11708,129,2.2,2.17
"PRD-00133",2026-06-17,"Sore","Line-A","M-02","OP06","Bracket",450,404,46,12084,335,1.8,2.01
"PRD-00134",2026-06-17,"Sore","Line-B","M-03","OP09","Bracket",450,442,8,14084,204,1.8,1.88
"PRD-00135",2026-06-17,"Sore","Line-C","M-05","OP06","Bracket",450,440,10,14347,361,1.8,1.84
"PRD-00136",2026-06-18,"Malam","Line-A","M-01","OP02","Bracket",420,401,19,10436,232,1.8,2.31
"PRD-00137",2026-06-18,"Malam","Line-B","M-04","OP09","Shaft",420,407,13,9066,321,2.2,2.69
"PRD-00138",2026-06-18,"Malam","Line-C","M-05","OP10","Bracket",420,402,18,11893,299,1.8,2.03
"PRD-00139",2026-06-18,"Pagi","Line-A","M-01","OP10","Housing",450,441,9,12590,262,2,2.1
"PRD-00140",2026-06-18,"Pagi","Line-B","M-03","OP10","Housing",450,417,33,12270,219,2,2.04
"PRD-00141",2026-06-18,"Pagi","Line-C","M-06","OP04","Shaft",450,441,9,11353,180,2.2,2.33
"PRD-00142",2026-06-18,"Sore","Line-A","M-02","OP02","Housing",450,448,2,11925,438,2,2.25
"PRD-00143",2026-06-18,"Sore","Line-B","M-04","OP06","Housing",450,439,11,10611,538,2,2.48
"PRD-00144",2026-06-18,"Sore","Line-C","M-06","OP04","Bracket",450,428,22,13001,334,1.8,1.98
"PRD-00145",2026-06-19,"Malam","Line-A","M-02","OP04","Shaft",420,375,45,8305,253,2.2,2.71
"PRD-00146",2026-06-19,"Malam","Line-B","M-04","OP07","Housing",420,365,55,8799,439,2,2.49
"PRD-00147",2026-06-19,"Malam","Line-C","M-05","OP08","Shaft",420,408,12,9303,233,2.2,2.63
"PRD-00148",2026-06-19,"Pagi","Line-A","M-01","OP10","Bracket",450,432,18,13644,173,1.8,1.9
"PRD-00149",2026-06-19,"Pagi","Line-B","M-03","OP01","Housing",450,427,23,12337,263,2,2.08
"PRD-00150",2026-06-19,"Pagi","Line-C","M-06","OP01","Bracket",450,445,5,13711,243,1.8,1.95
"PRD-00151",2026-06-19,"Sore","Line-A","M-01","OP10","Shaft",450,447,3,11251,175,2.2,2.38
"PRD-00152",2026-06-19,"Sore","Line-B","M-04","OP05","Bracket",450,431,19,13054,315,1.8,1.98
"PRD-00153",2026-06-19,"Sore","Line-C","M-06","OP09","Shaft",450,429,21,11335,345,2.2,2.27
"PRD-00154",2026-06-20,"Malam","Line-A","M-02","OP01","Housing",420,404,16,9951,575,2,2.44
"PRD-00155",2026-06-20,"Malam","Line-B","M-03","OP10","Bracket",420,410,10,11327,216,1.8,2.17
"PRD-00156",2026-06-20,"Malam","Line-C","M-06","OP07","Housing",420,403,17,10648,380,2,2.27
"PRD-00157",2026-06-20,"Pagi","Line-A","M-02","OP05","Shaft",450,408,42,9850,253,2.2,2.49
"PRD-00158",2026-06-20,"Pagi","Line-B","M-03","OP10","Housing",450,445,5,12502,297,2,2.14
"PRD-00159",2026-06-20,"Pagi","Line-C","M-06","OP02","Bracket",450,429,21,13473,190,1.8,1.91
"PRD-00160",2026-06-20,"Sore","Line-A","M-01","OP04","Housing",450,447,3,12241,235,2,2.19
"PRD-00161",2026-06-20,"Sore","Line-B","M-04","OP03","Housing",450,421,29,11490,391,2,2.2
"PRD-00162",2026-06-20,"Sore","Line-C","M-06","OP10","Bracket",450,408,42,12849,176,1.8,1.91
"PRD-00163",2026-06-22,"Malam","Line-A","M-02","OP06","Shaft",420,341,79,7492,364,2.2,2.73
"PRD-00164",2026-06-22,"Malam","Line-B","M-03","OP07","Housing",420,402,18,10175,306,2,2.37
"PRD-00165",2026-06-22,"Malam","Line-C","M-06","OP03","Housing",420,390,30,10325,465,2,2.27
"PRD-00166",2026-06-22,"Pagi","Line-A","M-02","OP06","Housing",450,434,16,11531,479,2,2.26
"PRD-00167",2026-06-22,"Pagi","Line-B","M-03","OP02","Bracket",450,440,10,13532,257,1.8,1.95
"PRD-00168",2026-06-22,"Pagi","Line-C","M-06","OP05","Housing",450,423,27,12265,302,2,2.07
"PRD-00169",2026-06-22,"Sore","Line-A","M-01","OP04","Bracket",450,437,13,12922,246,1.8,2.03
"PRD-00170",2026-06-22,"Sore","Line-B","M-03","OP07","Shaft",450,447,3,11369,192,2.2,2.36
"PRD-00171",2026-06-22,"Sore","Line-C","M-05","OP03","Bracket",450,405,45,13336,347,1.8,1.82
"PRD-00172",2026-06-23,"Malam","Line-A","M-02","OP04","Bracket",420,408,12,10730,337,1.8,2.28
"PRD-00173",2026-06-23,"Malam","Line-B","M-03","OP05","Housing",420,404,16,10477,257,2,2.31
"PRD-00174",2026-06-23,"Malam","Line-C","M-05","OP03","Bracket",420,410,10,11771,486,1.8,2.09
"PRD-00175",2026-06-23,"Pagi","Line-A","M-02","OP05","Shaft",450,382,68,9263,281,2.2,2.47
"PRD-00176",2026-06-23,"Pagi","Line-B","M-04","OP06","Bracket",450,406,44,11177,370,1.8,2.18
"PRD-00177",2026-06-23,"Pagi","Line-C","M-05","OP01","Housing",450,447,3,12780,336,2,2.1
"PRD-00178",2026-06-23,"Sore","Line-A","M-01","OP09","Shaft",450,431,19,11449,320,2.2,2.26
"PRD-00179",2026-06-23,"Sore","Line-B","M-03","OP10","Shaft",450,435,15,11370,224,2.2,2.3
"PRD-00180",2026-06-23,"Sore","Line-C","M-05","OP04","Bracket",450,448,2,13965,179,1.8,1.92
"PRD-00181",2026-06-24,"Malam","Line-A","M-01","OP05","Shaft",420,410,10,9471,275,2.2,2.6
"PRD-00182",2026-06-24,"Malam","Line-B","M-03","OP03","Housing",420,408,12,10042,464,2,2.44
"PRD-00183",2026-06-24,"Malam","Line-C","M-05","OP02","Shaft",420,373,47,8554,363,2.2,2.62
"PRD-00184",2026-06-24,"Pagi","Line-A","M-02","OP07","Bracket",450,373,77,10912,207,1.8,2.05
"PRD-00185",2026-06-24,"Pagi","Line-B","M-03","OP02","Housing",450,419,31,11990,306,2,2.1
"PRD-00186",2026-06-24,"Pagi","Line-C","M-05","OP10","Housing",450,426,24,12267,278,2,2.08
"PRD-00187",2026-06-24,"Sore","Line-A","M-02","OP09","Housing",450,365,85,9819,289,2,2.23
"PRD-00188",2026-06-24,"Sore","Line-B","M-04","OP05","Shaft",450,433,17,10764,272,2.2,2.41
"PRD-00189",2026-06-24,"Sore","Line-C","M-06","OP08","Bracket",450,434,16,13415,271,1.8,1.94
"PRD-00190",2026-06-25,"Malam","Line-A","M-02","OP03","Shaft",420,370,50,8068,329,2.2,2.75
"PRD-00191",2026-06-25,"Malam","Line-B","M-04","OP03","Housing",420,363,57,9034,432,2,2.41
"PRD-00192",2026-06-25,"Malam","Line-C","M-06","OP03","Bracket",420,403,17,11611,330,1.8,2.08
"PRD-00193",2026-06-25,"Pagi","Line-A","M-02","OP04","Bracket",450,392,58,12035,297,1.8,1.95
"PRD-00194",2026-06-25,"Pagi","Line-B","M-03","OP02","Bracket",450,443,7,13270,435,1.8,2
"PRD-00195",2026-06-25,"Pagi","Line-C","M-05","OP02","Housing",450,447,3,12237,235,2,2.19
"PRD-00196",2026-06-25,"Sore","Line-A","M-01","OP04","Shaft",450,433,17,11658,211,2.2,2.23
"PRD-00197",2026-06-25,"Sore","Line-B","M-03","OP10","Housing",450,446,4,12662,288,2,2.11
"PRD-00198",2026-06-25,"Sore","Line-C","M-05","OP08","Housing",450,448,2,12610,284,2,2.13
"PRD-00199",2026-06-26,"Malam","Line-A","M-01","OP09","Shaft",420,408,12,9264,280,2.2,2.64
"PRD-00200",2026-06-26,"Malam","Line-B","M-04","OP06","Housing",420,393,27,9745,469,2,2.42
"PRD-00201",2026-06-26,"Malam","Line-C","M-06","OP07","Shaft",420,389,31,9700,263,2.2,2.41
"PRD-00202",2026-06-26,"Pagi","Line-A","M-02","OP09","Housing",450,321,129,8867,353,2,2.17
"PRD-00203",2026-06-26,"Pagi","Line-B","M-03","OP03","Bracket",450,439,11,14889,346,1.8,1.77
"PRD-00204",2026-06-26,"Pagi","Line-C","M-05","OP03","Housing",450,447,3,12994,315,2,2.06
"PRD-00205",2026-06-26,"Sore","Line-A","M-01","OP09","Shaft",450,441,9,11515,220,2.2,2.3
"PRD-00206",2026-06-26,"Sore","Line-B","M-04","OP02","Shaft",450,411,39,10244,210,2.2,2.41
"PRD-00207",2026-06-26,"Sore","Line-C","M-06","OP08","Bracket",450,435,15,13507,287,1.8,1.93
"PRD-00208",2026-06-27,"Malam","Line-A","M-01","OP10","Housing",420,401,19,9867,212,2,2.44
"PRD-00209",2026-06-27,"Malam","Line-B","M-03","OP04","Bracket",420,410,10,11431,181,1.8,2.15
"PRD-00210",2026-06-27,"Malam","Line-C","M-06","OP05","Shaft",420,400,20,9554,217,2.2,2.51
"PRD-00211",2026-06-27,"Pagi","Line-A","M-01","OP02","Bracket",450,423,27,13073,268,1.8,1.94
"PRD-00212",2026-06-27,"Pagi","Line-B","M-04","OP07","Shaft",450,442,8,11193,227,2.2,2.37
"PRD-00213",2026-06-27,"Pagi","Line-C","M-06","OP09","Shaft",450,429,21,10739,260,2.2,2.4
"PRD-00214",2026-06-27,"Sore","Line-A","M-02","OP02","Shaft",450,431,19,10570,256,2.2,2.45
"PRD-00215",2026-06-27,"Sore","Line-B","M-04","OP07","Housing",450,428,22,11010,387,2,2.33
"PRD-00216",2026-06-27,"Sore","Line-C","M-05","OP08","Shaft",450,423,27,11241,205,2.2,2.26
"PRD-00217",2026-06-29,"Malam","Line-A","M-02","OP02","Bracket",420,387,33,10382,490,1.8,2.24
"PRD-00218",2026-06-29,"Malam","Line-B","M-04","OP09","Bracket",420,352,68,9109,274,1.8,2.32
"PRD-00219",2026-06-29,"Malam","Line-C","M-05","OP06","Shaft",420,409,11,9534,252,2.2,2.57
"PRD-00220",2026-06-29,"Pagi","Line-A","M-02","OP05","Bracket",450,315,135,9441,249,1.8,2
"PRD-00221",2026-06-29,"Pagi","Line-B","M-03","OP05","Housing",450,441,9,12323,338,2,2.15
"PRD-00222",2026-06-29,"Pagi","Line-C","M-05","OP05","Housing",450,435,15,12828,302,2,2.03
"PRD-00223",2026-06-29,"Sore","Line-A","M-02","OP10","Shaft",450,370,80,8583,174,2.2,2.59
"PRD-00224",2026-06-29,"Sore","Line-B","M-03","OP02","Housing",450,430,20,12592,348,2,2.05
"PRD-00225",2026-06-29,"Sore","Line-C","M-05","OP10","Bracket",450,432,18,13787,320,1.8,1.88
"PRD-00226",2026-06-30,"Malam","Line-A","M-02","OP01","Housing",420,402,18,9600,550,2,2.51
"PRD-00227",2026-06-30,"Malam","Line-B","M-03","OP06","Housing",420,406,14,10666,477,2,2.28
"PRD-00228",2026-06-30,"Malam","Line-C","M-05","OP03","Shaft",420,388,32,9312,244,2.2,2.5
"PRD-00229",2026-06-30,"Pagi","Line-A","M-01","OP04","Shaft",450,432,18,11556,143,2.2,2.24
"PRD-00230",2026-06-30,"Pagi","Line-B","M-04","OP09","Shaft",450,327,123,7933,184,2.2,2.47
"PRD-00231",2026-06-30,"Pagi","Line-C","M-06","OP04","Housing",450,442,8,12527,269,2,2.12
"PRD-00232",2026-06-30,"Sore","Line-A","M-02","OP05","Shaft",450,398,52,9989,266,2.2,2.39
"PRD-00233",2026-06-30,"Sore","Line-B","M-03","OP08","Bracket",450,429,21,14589,278,1.8,1.76
"PRD-00234",2026-06-30,"Sore","Line-C","M-05","OP02","Housing",450,450,0,13124,308,2,2.06
"PRD-00235",2026-07-01,"Malam","Line-A","M-02","OP01","Shaft",420,394,26,8921,370,2.2,2.65
"PRD-00236",2026-07-01,"Malam","Line-B","M-03","OP03","Shaft",420,366,54,8245,245,2.2,2.66
"PRD-00237",2026-07-01,"Malam","Line-C","M-05","OP07","Shaft",420,411,9,10032,316,2.2,2.46
"PRD-00238",2026-07-01,"Pagi","Line-A","M-02","OP05","Housing",450,356,94,9852,311,2,2.17
"PRD-00239",2026-07-01,"Pagi","Line-B","M-03","OP03","Shaft",450,450,0,11811,217,2.2,2.29
"PRD-00240",2026-07-01,"Pagi","Line-C","M-05","OP02","Housing",450,447,3,12291,395,2,2.18
"PRD-00241",2026-07-01,"Sore","Line-A","M-02","OP10","Shaft",450,443,7,10326,325,2.2,2.57
"PRD-00242",2026-07-01,"Sore","Line-B","M-03","OP07","Housing",450,419,31,12203,276,2,2.06
"PRD-00243",2026-07-01,"Sore","Line-C","M-06","OP09","Bracket",450,448,2,13814,241,1.8,1.95
"PRD-00244",2026-07-02,"Malam","Line-A","M-01","OP09","Shaft",420,401,19,9626,365,2.2,2.5
"PRD-00245",2026-07-02,"Malam","Line-B","M-04","OP06","Shaft",420,401,19,8645,542,2.2,2.78
"PRD-00246",2026-07-02,"Malam","Line-C","M-05","OP05","Bracket",420,409,11,12354,390,1.8,1.99
"PRD-00247",2026-07-02,"Pagi","Line-A","M-01","OP02","Bracket",450,433,17,13112,227,1.8,1.98
"PRD-00248",2026-07-02,"Pagi","Line-B","M-04","OP04","Housing",450,445,5,11877,300,2,2.25
"PRD-00249",2026-07-02,"Pagi","Line-C","M-05","OP04","Housing",450,446,4,12435,258,2,2.15
"PRD-00250",2026-07-02,"Sore","Line-A","M-01","OP01","Bracket",450,429,21,13309,279,1.8,1.93
"PRD-00251",2026-07-02,"Sore","Line-B","M-03","OP01","Housing",450,449,1,12969,383,2,2.08
"PRD-00252",2026-07-02,"Sore","Line-C","M-05","OP02","Shaft",450,448,2,11916,195,2.2,2.26
"PRD-00253",2026-07-03,"Malam","Line-A","M-02","OP02","Shaft",420,342,78,7540,282,2.2,2.72
"PRD-00254",2026-07-03,"Malam","Line-B","M-03","OP06","Housing",420,395,25,10071,502,2,2.35
"PRD-00255",2026-07-03,"Malam","Line-C","M-06","OP10","Shaft",420,408,12,9871,306,2.2,2.48
"PRD-00256",2026-07-03,"Pagi","Line-A","M-01","OP03","Shaft",450,438,12,11249,289,2.2,2.34
"PRD-00257",2026-07-03,"Pagi","Line-B","M-04","OP03","Bracket",450,438,12,13137,413,1.8,2
"PRD-00258",2026-07-03,"Pagi","Line-C","M-05","OP01","Bracket",450,442,8,14248,273,1.8,1.86
"PRD-00259",2026-07-03,"Sore","Line-A","M-01","OP10","Housing",450,416,34,11705,275,2,2.13
"PRD-00260",2026-07-03,"Sore","Line-B","M-04","OP02","Housing",450,440,10,11836,360,2,2.23
"PRD-00261",2026-07-03,"Sore","Line-C","M-05","OP04","Bracket",450,447,3,14482,359,1.8,1.85
"PRD-00262",2026-07-04,"Malam","Line-A","M-01","OP02","Housing",420,397,23,10548,413,2,2.26
"PRD-00263",2026-07-04,"Malam","Line-B","M-04","OP08","Housing",420,408,12,10184,536,2,2.4
"PRD-00264",2026-07-04,"Malam","Line-C","M-05","OP08","Bracket",420,405,15,11223,320,1.8,2.17
"PRD-00265",2026-07-04,"Pagi","Line-A","M-02","OP01","Bracket",450,427,23,12798,246,1.8,2
"PRD-00266",2026-07-04,"Pagi","Line-B","M-04","OP03","Shaft",450,442,8,10758,324,2.2,2.47
"PRD-00267",2026-07-04,"Pagi","Line-C","M-06","OP04","Housing",450,448,2,13094,301,2,2.05
"PRD-00268",2026-07-04,"Sore","Line-A","M-02","OP06","Housing",450,430,20,11480,459,2,2.25
"PRD-00269",2026-07-04,"Sore","Line-B","M-03","OP07","Bracket",450,436,14,13921,349,1.8,1.88
"PRD-00270",2026-07-04,"Sore","Line-C","M-05","OP10","Bracket",450,431,19,13908,291,1.8,1.86
"PRD-00271",2026-07-06,"Malam","Line-A","M-01","OP02","Bracket",420,408,12,11734,377,1.8,2.09
"PRD-00272",2026-07-06,"Malam","Line-B","M-04","OP01","Bracket",420,409,11,11230,560,1.8,2.19
"PRD-00273",2026-07-06,"Malam","Line-C","M-06","OP01","Shaft",420,380,40,8646,206,2.2,2.64
"PRD-00274",2026-07-06,"Pagi","Line-A","M-01","OP08","Housing",450,445,5,12711,306,2,2.1
"PRD-00275",2026-07-06,"Pagi","Line-B","M-03","OP09","Bracket",450,443,7,13969,297,1.8,1.9
"PRD-00276",2026-07-06,"Pagi","Line-C","M-06","OP07","Bracket",450,444,6,13751,219,1.8,1.94
"PRD-00277",2026-07-06,"Sore","Line-A","M-02","OP04","Bracket",450,412,38,12169,220,1.8,2.03
"PRD-00278",2026-07-06,"Sore","Line-B","M-03","OP04","Housing",450,435,15,12632,257,2,2.07
"PRD-00279",2026-07-06,"Sore","Line-C","M-05","OP10","Housing",450,449,1,12498,254,2,2.16
"PRD-00280",2026-07-07,"Malam","Line-A","M-01","OP09","Bracket",420,412,8,11535,403,1.8,2.14
"PRD-00281",2026-07-07,"Malam","Line-B","M-04","OP10","Housing",420,401,19,9839,481,2,2.45
"PRD-00282",2026-07-07,"Malam","Line-C","M-05","OP07","Bracket",420,405,15,11741,390,1.8,2.07
"PRD-00283",2026-07-07,"Pagi","Line-A","M-02","OP07","Shaft",450,431,19,10451,177,2.2,2.47
"PRD-00284",2026-07-07,"Pagi","Line-B","M-03","OP05","Bracket",450,420,30,13753,254,1.8,1.83
"PRD-00285",2026-07-07,"Pagi","Line-C","M-05","OP10","Housing",450,420,30,12347,210,2,2.04
"PRD-00286",2026-07-07,"Sore","Line-A","M-01","OP01","Housing",450,394,56,11059,300,2,2.14
"PRD-00287",2026-07-07,"Sore","Line-B","M-04","OP02","Bracket",450,439,11,13217,341,1.8,1.99
"PRD-00288",2026-07-07,"Sore","Line-C","M-05","OP02","Bracket",450,443,7,14004,271,1.8,1.9
"PRD-00289",2026-07-08,"Malam","Line-A","M-02","OP08","Shaft",420,249,171,5380,203,2.2,2.78
"PRD-00290",2026-07-08,"Malam","Line-B","M-03","OP01","Bracket",420,412,8,12200,352,1.8,2.03
"PRD-00291",2026-07-08,"Malam","Line-C","M-06","OP09","Bracket",420,400,20,11292,245,1.8,2.13
"PRD-00292",2026-07-08,"Pagi","Line-A","M-01","OP10","Bracket",450,423,27,13290,200,1.8,1.91
"PRD-00293",2026-07-08,"Pagi","Line-B","M-04","OP05","Shaft",450,414,36,10089,270,2.2,2.46
"PRD-00294",2026-07-08,"Pagi","Line-C","M-06","OP09","Bracket",450,429,21,14137,194,1.8,1.82
"PRD-00295",2026-07-08,"Sore","Line-A","M-02","OP09","Shaft",450,399,51,9764,262,2.2,2.45
"PRD-00296",2026-07-08,"Sore","Line-B","M-03","OP04","Bracket",450,440,10,13571,260,1.8,1.95
"PRD-00297",2026-07-08,"Sore","Line-C","M-06","OP04","Housing",450,447,3,12889,226,2,2.08
"PRD-00298",2026-07-09,"Malam","Line-A","M-01","OP06","Housing",420,403,17,10377,682,2,2.33
"PRD-00299",2026-07-09,"Malam","Line-B","M-03","OP08","Bracket",420,402,18,11038,399,1.8,2.19
"PRD-00300",2026-07-09,"Malam","Line-C","M-06","OP07","Housing",420,403,17,9830,281,2,2.46
"PRD-00301",2026-07-09,"Pagi","Line-A","M-02","OP09","Shaft",450,385,65,9418,246,2.2,2.45
"PRD-00302",2026-07-09,"Pagi","Line-B","M-03","OP08","Shaft",450,438,12,11212,249,2.2,2.34
"PRD-00303",2026-07-09,"Pagi","Line-C","M-05","OP07","Housing",450,411,39,11360,277,2,2.17
"PRD-00304",2026-07-09,"Sore","Line-A","M-02","OP05","Bracket",450,419,31,11849,327,1.8,2.12
"PRD-00305",2026-07-09,"Sore","Line-B","M-03","OP07","Housing",450,449,1,12871,310,2,2.09
"PRD-00306",2026-07-09,"Sore","Line-C","M-05","OP08","Bracket",450,448,2,13503,253,1.8,1.99
"PRD-00307",2026-07-10,"Malam","Line-A","M-02","OP10","Bracket",420,402,18,10254,286,1.8,2.35
"PRD-00308",2026-07-10,"Malam","Line-B","M-04","OP07","Housing",420,407,13,9966,517,2,2.45
"PRD-00309",2026-07-10,"Malam","Line-C","M-05","OP04","Shaft",420,401,19,8943,231,2.2,2.69
"PRD-00310",2026-07-10,"Pagi","Line-A","M-01","OP06","Bracket",450,439,11,13707,314,1.8,1.92
"PRD-00311",2026-07-10,"Pagi","Line-B","M-04","OP05","Housing",450,441,9,11762,605,2,2.25
"PRD-00312",2026-07-10,"Pagi","Line-C","M-06","OP10","Shaft",450,440,10,11054,208,2.2,2.39
"PRD-00313",2026-07-10,"Sore","Line-A","M-02","OP06","Housing",450,409,41,11602,505,2,2.12
"PRD-00314",2026-07-10,"Sore","Line-B","M-04","OP08","Housing",450,416,34,11107,345,2,2.25
"PRD-00315",2026-07-10,"Sore","Line-C","M-05","OP10","Shaft",450,431,19,10971,187,2.2,2.36
"PRD-00316",2026-07-11,"Malam","Line-A","M-02","OP06","Bracket",420,361,59,9846,478,1.8,2.2
"PRD-00317",2026-07-11,"Malam","Line-B","M-04","OP09","Housing",420,300,120,7162,244,2,2.51
"PRD-00318",2026-07-11,"Malam","Line-C","M-06","OP06","Shaft",420,389,31,9533,357,2.2,2.45
"PRD-00319",2026-07-11,"Pagi","Line-A","M-02","OP09","Shaft",450,411,39,9822,312,2.2,2.51
"PRD-00320",2026-07-11,"Pagi","Line-B","M-04","OP04","Bracket",450,443,7,12836,273,1.8,2.07
"PRD-00321",2026-07-11,"Pagi","Line-C","M-05","OP07","Housing",450,438,12,13108,239,2,2
"PRD-00322",2026-07-11,"Sore","Line-A","M-02","OP03","Bracket",450,402,48,11733,286,1.8,2.06
"PRD-00323",2026-07-11,"Sore","Line-B","M-03","OP01","Housing",450,429,21,12534,308,2,2.05
"PRD-00324",2026-07-11,"Sore","Line-C","M-05","OP01","Bracket",450,450,0,14684,273,1.8,1.84
"PRD-00325",2026-07-13,"Malam","Line-A","M-01","OP01","Housing",420,410,10,10459,353,2,2.35
"PRD-00326",2026-07-13,"Malam","Line-B","M-04","OP04","Shaft",420,390,30,8895,353,2.2,2.63
"PRD-00327",2026-07-13,"Malam","Line-C","M-05","OP06","Housing",420,405,15,10204,476,2,2.38
"PRD-00328",2026-07-13,"Pagi","Line-A","M-02","OP10","Housing",450,433,17,10846,220,2,2.4
"PRD-00329",2026-07-13,"Pagi","Line-B","M-04","OP06","Housing",450,346,104,8815,465,2,2.36
"PRD-00330",2026-07-13,"Pagi","Line-C","M-05","OP03","Housing",450,396,54,11250,211,2,2.11
"PRD-00331",2026-07-13,"Sore","Line-A","M-01","OP06","Bracket",450,448,2,14664,391,1.8,1.83
"PRD-00332",2026-07-13,"Sore","Line-B","M-04","OP08","Housing",450,441,9,12127,419,2,2.18
"PRD-00333",2026-07-13,"Sore","Line-C","M-06","OP07","Shaft",450,444,6,12537,315,2.2,2.12
"PRD-00334",2026-07-14,"Malam","Line-A","M-01","OP01","Housing",420,389,31,9692,276,2,2.41
"PRD-00335",2026-07-14,"Malam","Line-B","M-04","OP05","Housing",420,387,33,9779,399,2,2.37
"PRD-00336",2026-07-14,"Malam","Line-C","M-05","OP05","Bracket",420,411,9,11868,336,1.8,2.08
"PRD-00337",2026-07-14,"Pagi","Line-A","M-01","OP04","Bracket",450,441,9,12961,181,1.8,2.04
"PRD-00338",2026-07-14,"Pagi","Line-B","M-03","OP01","Shaft",450,436,14,11417,256,2.2,2.29
"PRD-00339",2026-07-14,"Pagi","Line-C","M-05","OP03","Bracket",450,449,1,14323,255,1.8,1.88
"PRD-00340",2026-07-14,"Sore","Line-A","M-01","OP04","Bracket",450,447,3,13530,190,1.8,1.98
"PRD-00341",2026-07-14,"Sore","Line-B","M-04","OP06","Bracket",450,384,66,11454,503,1.8,2.01
"PRD-00342",2026-07-14,"Sore","Line-C","M-05","OP08","Housing",450,440,10,12127,331,2,2.18
"PRD-00343",2026-07-15,"Malam","Line-A","M-02","OP09","Housing",420,411,9,10428,535,2,2.36
"PRD-00344",2026-07-15,"Malam","Line-B","M-03","OP05","Shaft",420,399,21,9294,324,2.2,2.58
"PRD-00345",2026-07-15,"Malam","Line-C","M-06","OP09","Shaft",420,406,14,9748,177,2.2,2.5
"PRD-00346",2026-07-15,"Pagi","Line-A","M-02","OP04","Shaft",450,441,9,10933,250,2.2,2.42
"PRD-00347",2026-07-15,"Pagi","Line-B","M-03","OP06","Housing",450,439,11,12524,298,2,2.1
"PRD-00348",2026-07-15,"Pagi","Line-C","M-05","OP03","Housing",450,447,3,12740,369,2,2.11
"PRD-00349",2026-07-15,"Sore","Line-A","M-02","OP05","Housing",450,402,48,10498,234,2,2.3
"PRD-00350",2026-07-15,"Sore","Line-B","M-04","OP10","Housing",450,430,20,11540,324,2,2.24
"PRD-00351",2026-07-15,"Sore","Line-C","M-05","OP09","Bracket",450,445,5,14757,251,1.8,1.81
"PRD-00352",2026-07-16,"Malam","Line-A","M-02","OP03","Shaft",420,306,114,6717,283,2.2,2.73
"PRD-00353",2026-07-16,"Malam","Line-B","M-03","OP10","Shaft",420,403,17,9895,346,2.2,2.44
"PRD-00354",2026-07-16,"Malam","Line-C","M-06","OP07","Housing",420,388,32,10489,267,2,2.22
"PRD-00355",2026-07-16,"Pagi","Line-A","M-01","OP07","Shaft",450,448,2,10917,167,2.2,2.46
"PRD-00356",2026-07-16,"Pagi","Line-B","M-04","OP06","Bracket",450,431,19,12802,480,1.8,2.02
"PRD-00357",2026-07-16,"Pagi","Line-C","M-06","OP02","Bracket",450,437,13,14920,303,1.8,1.76
"PRD-00358",2026-07-16,"Sore","Line-A","M-01","OP10","Bracket",450,425,25,13712,228,1.8,1.86
"PRD-00359",2026-07-16,"Sore","Line-B","M-04","OP09","Bracket",450,437,13,13315,328,1.8,1.97
"PRD-00360",2026-07-16,"Sore","Line-C","M-05","OP02","Housing",450,447,3,13062,351,2,2.05
"PRD-00361",2026-07-17,"Malam","Line-A","M-02","OP04","Housing",420,385,35,9745,315,2,2.37
"PRD-00362",2026-07-17,"Malam","Line-B","M-04","OP10","Bracket",420,303,117,7862,347,1.8,2.31
"PRD-00363",2026-07-17,"Malam","Line-C","M-05","OP10","Housing",420,381,39,9901,345,2,2.31
"PRD-00364",2026-07-17,"Pagi","Line-A","M-02","OP09","Bracket",450,447,3,12404,443,1.8,2.16
"PRD-00365",2026-07-17,"Pagi","Line-B","M-03","OP04","Bracket",450,423,27,13645,311,1.8,1.86
"PRD-00366",2026-07-17,"Pagi","Line-C","M-05","OP05","Housing",450,448,2,12892,218,2,2.09
"PRD-00367",2026-07-17,"Sore","Line-A","M-01","OP05","Bracket",450,443,7,14006,341,1.8,1.9
"PRD-00368",2026-07-17,"Sore","Line-B","M-04","OP05","Housing",450,447,3,12076,460,2,2.22
"PRD-00369",2026-07-17,"Sore","Line-C","M-05","OP01","Bracket",450,440,10,13603,286,1.8,1.94
"PRD-00370",2026-07-18,"Malam","Line-A","M-01","OP08","Housing",420,404,16,10927,403,2,2.22
"PRD-00371",2026-07-18,"Malam","Line-B","M-04","OP03","Shaft",420,397,23,8654,359,2.2,2.75
"PRD-00372",2026-07-18,"Malam","Line-C","M-06","OP02","Shaft",420,365,55,8250,303,2.2,2.65
"PRD-00373",2026-07-18,"Pagi","Line-A","M-01","OP10","Housing",450,446,4,13250,266,2,2.02
"PRD-00374",2026-07-18,"Pagi","Line-B","M-03","OP05","Shaft",450,424,26,11188,233,2.2,2.27
"PRD-00375",2026-07-18,"Pagi","Line-C","M-05","OP01","Shaft",450,445,5,11361,241,2.2,2.35
"PRD-00376",2026-07-18,"Sore","Line-A","M-02","OP03","Bracket",450,448,2,13461,413,1.8,2
"PRD-00377",2026-07-18,"Sore","Line-B","M-03","OP04","Bracket",450,434,16,13862,205,1.8,1.88
"PRD-00378",2026-07-18,"Sore","Line-C","M-06","OP01","Shaft",450,436,14,11036,223,2.2,2.37
"PRD-00379",2026-07-20,"Malam","Line-A","M-01","OP04","Housing",420,380,40,10098,393,2,2.26
"PRD-00380",2026-07-20,"Malam","Line-B","M-04","OP09","Shaft",420,355,65,8138,316,2.2,2.62
"PRD-00381",2026-07-20,"Malam","Line-C","M-05","OP04","Housing",420,407,13,10004,364,2,2.44
"PRD-00382",2026-07-20,"Pagi","Line-A","M-02","OP01","Housing",450,442,8,12030,402,2,2.2
"PRD-00383",2026-07-20,"Pagi","Line-B","M-03","OP04","Housing",450,440,10,12758,285,2,2.07
"PRD-00384",2026-07-20,"Pagi","Line-C","M-06","OP01","Bracket",450,432,18,13168,190,1.8,1.97
"PRD-00385",2026-07-20,"Sore","Line-A","M-01","OP08","Bracket",450,449,1,13671,261,1.8,1.97
"PRD-00386",2026-07-20,"Sore","Line-B","M-04","OP04","Bracket",450,391,59,11612,302,1.8,2.02
"PRD-00387",2026-07-20,"Sore","Line-C","M-05","OP09","Housing",450,448,2,12382,410,2,2.17
"PRD-00388",2026-07-21,"Malam","Line-A","M-02","OP04","Shaft",420,409,11,8882,216,2.2,2.76
"PRD-00389",2026-07-21,"Malam","Line-B","M-03","OP09","Bracket",420,390,30,10855,322,1.8,2.16
"PRD-00390",2026-07-21,"Malam","Line-C","M-06","OP07","Housing",420,375,45,9837,507,2,2.29
"PRD-00391",2026-07-21,"Pagi","Line-A","M-02","OP02","Bracket",450,387,63,11730,307,1.8,1.98
"PRD-00392",2026-07-21,"Pagi","Line-B","M-04","OP03","Bracket",450,444,6,13412,441,1.8,1.99
"PRD-00393",2026-07-21,"Pagi","Line-C","M-06","OP01","Bracket",450,445,5,14231,304,1.8,1.88
"PRD-00394",2026-07-21,"Sore","Line-A","M-02","OP05","Bracket",450,445,5,13155,384,1.8,2.03
"PRD-00395",2026-07-21,"Sore","Line-B","M-03","OP03","Bracket",450,411,39,13365,301,1.8,1.85
"PRD-00396",2026-07-21,"Sore","Line-C","M-06","OP06","Housing",450,440,10,11847,323,2,2.23
"PRD-00397",2026-07-22,"Malam","Line-A","M-02","OP05","Bracket",420,400,20,10567,456,1.8,2.27
"PRD-00398",2026-07-22,"Malam","Line-B","M-03","OP04","Housing",420,408,12,10541,399,2,2.32
"PRD-00399",2026-07-22,"Malam","Line-C","M-05","OP08","Shaft",420,406,14,10033,231,2.2,2.43
"PRD-00400",2026-07-22,"Pagi","Line-A","M-02","OP04","Housing",450,318,132,8239,167,2,2.32
"PRD-00401",2026-07-22,"Pagi","Line-B","M-04","OP02","Shaft",450,429,21,10268,322,2.2,2.51
"PRD-00402",2026-07-22,"Pagi","Line-C","M-05","OP01","Bracket",450,443,7,13642,276,1.8,1.95
"PRD-00403",2026-07-22,"Sore","Line-A","M-02","OP04","Bracket",450,448,2,13264,253,1.8,2.03
"PRD-00404",2026-07-22,"Sore","Line-B","M-03","OP10","Housing",450,438,12,12322,268,2,2.13
"PRD-00405",2026-07-22,"Sore","Line-C","M-05","OP01","Shaft",450,441,9,11376,248,2.2,2.33
"PRD-00406",2026-07-23,"Malam","Line-A","M-01","OP02","Bracket",420,386,34,11283,409,1.8,2.05
"PRD-00407",2026-07-23,"Malam","Line-B","M-03","OP06","Bracket",420,411,9,12204,425,1.8,2.02
"PRD-00408",2026-07-23,"Malam","Line-C","M-05","OP02","Shaft",420,410,10,10081,336,2.2,2.44
"PRD-00409",2026-07-23,"Pagi","Line-A","M-02","OP06","Bracket",450,364,86,10936,544,1.8,2
"PRD-00410",2026-07-23,"Pagi","Line-B","M-03","OP07","Housing",450,445,5,12608,294,2,2.12
"PRD-00411",2026-07-23,"Pagi","Line-C","M-05","OP05","Housing",450,447,3,12371,284,2,2.17
"PRD-00412",2026-07-23,"Sore","Line-A","M-01","OP06","Bracket",450,440,10,14070,357,1.8,1.88
"PRD-00413",2026-07-23,"Sore","Line-B","M-03","OP07","Shaft",450,430,20,11068,248,2.2,2.33
"PRD-00414",2026-07-23,"Sore","Line-C","M-06","OP04","Shaft",450,440,10,10719,162,2.2,2.46
"PRD-00415",2026-07-24,"Malam","Line-A","M-01","OP04","Bracket",420,410,10,11708,385,1.8,2.1
"PRD-00416",2026-07-24,"Malam","Line-B","M-04","OP04","Housing",420,386,34,9354,391,2,2.48
"PRD-00417",2026-07-24,"Malam","Line-C","M-06","OP06","Bracket",420,409,11,12346,476,1.8,1.99
"PRD-00418",2026-07-24,"Pagi","Line-A","M-01","OP05","Shaft",450,393,57,10467,180,2.2,2.25
"PRD-00419",2026-07-24,"Pagi","Line-B","M-03","OP10","Shaft",450,444,6,11673,127,2.2,2.28
"PRD-00420",2026-07-24,"Pagi","Line-C","M-05","OP09","Shaft",450,448,2,11345,297,2.2,2.37
"PRD-00421",2026-07-24,"Sore","Line-A","M-01","OP09","Housing",450,439,11,11857,211,2,2.22
"PRD-00422",2026-07-24,"Sore","Line-B","M-04","OP06","Bracket",450,435,15,12723,593,1.8,2.05
"PRD-00423",2026-07-24,"Sore","Line-C","M-06","OP09","Shaft",450,428,22,11057,285,2.2,2.32
"PRD-00424",2026-07-25,"Malam","Line-A","M-01","OP07","Bracket",420,410,10,11424,240,1.8,2.15
"PRD-00425",2026-07-25,"Malam","Line-B","M-03","OP02","Bracket",420,413,7,11517,289,1.8,2.15
"PRD-00426",2026-07-25,"Malam","Line-C","M-05","OP02","Shaft",420,381,39,8880,274,2.2,2.57
"PRD-00427",2026-07-25,"Pagi","Line-A","M-02","OP03","Housing",450,426,24,10905,357,2,2.34
"PRD-00428",2026-07-25,"Pagi","Line-B","M-03","OP08","Bracket",450,428,22,13727,282,1.8,1.87
"PRD-00429",2026-07-25,"Pagi","Line-C","M-06","OP05","Shaft",450,419,31,10677,152,2.2,2.35
"PRD-00430",2026-07-25,"Sore","Line-A","M-01","OP04","Bracket",450,450,0,14635,223,1.8,1.84
"PRD-00431",2026-07-25,"Sore","Line-B","M-04","OP08","Housing",450,421,29,11022,241,2,2.29
"PRD-00432",2026-07-25,"Sore","Line-C","M-06","OP09","Bracket",450,450,0,14092,397,1.8,1.92
"PRD-00433",2026-07-27,"Malam","Line-A","M-01","OP03","Shaft",420,414,6,9810,312,2.2,2.53
"PRD-00434",2026-07-27,"Malam","Line-B","M-03","OP03","Housing",420,413,7,10530,419,2,2.35
"PRD-00435",2026-07-27,"Malam","Line-C","M-05","OP01","Bracket",420,392,28,11127,360,1.8,2.11
"PRD-00436",2026-07-27,"Pagi","Line-A","M-01","OP02","Bracket",450,418,32,12830,204,1.8,1.95
"PRD-00437",2026-07-27,"Pagi","Line-B","M-03","OP02","Bracket",450,450,0,14545,227,1.8,1.86
"PRD-00438",2026-07-27,"Pagi","Line-C","M-05","OP07","Shaft",450,432,18,11144,178,2.2,2.33
"PRD-00439",2026-07-27,"Sore","Line-A","M-01","OP02","Bracket",450,440,10,14442,295,1.8,1.83
"PRD-00440",2026-07-27,"Sore","Line-B","M-04","OP04","Bracket",450,441,9,12840,280,1.8,2.06
"PRD-00441",2026-07-27,"Sore","Line-C","M-05","OP09","Housing",450,419,31,11741,275,2,2.14
"PRD-00442",2026-07-28,"Malam","Line-A","M-01","OP08","Housing",420,393,27,10393,324,2,2.27
"PRD-00443",2026-07-28,"Malam","Line-B","M-03","OP03","Shaft",420,399,21,9342,270,2.2,2.56
"PRD-00444",2026-07-28,"Malam","Line-C","M-05","OP09","Shaft",420,391,29,8800,259,2.2,2.67
"PRD-00445",2026-07-28,"Pagi","Line-A","M-02","OP03","Bracket",450,441,9,13218,299,1.8,2
"PRD-00446",2026-07-28,"Pagi","Line-B","M-04","OP09","Bracket",450,448,2,13790,504,1.8,1.95
"PRD-00447",2026-07-28,"Pagi","Line-C","M-06","OP09","Bracket",450,438,12,14305,220,1.8,1.84
"PRD-00448",2026-07-28,"Sore","Line-A","M-02","OP04","Shaft",450,404,46,10337,178,2.2,2.34
"PRD-00449",2026-07-28,"Sore","Line-B","M-03","OP03","Bracket",450,397,53,12776,423,1.8,1.86
"PRD-00450",2026-07-28,"Sore","Line-C","M-05","OP04","Shaft",450,431,19,11464,189,2.2,2.26
"PRD-00451",2026-07-29,"Malam","Line-A","M-01","OP01","Bracket",420,412,8,11799,411,1.8,2.1
"PRD-00452",2026-07-29,"Malam","Line-B","M-03","OP03","Bracket",420,408,12,11134,390,1.8,2.2
"PRD-00453",2026-07-29,"Malam","Line-C","M-05","OP10","Housing",420,407,13,10364,333,2,2.36
"PRD-00454",2026-07-29,"Pagi","Line-A","M-02","OP08","Shaft",450,404,46,9707,223,2.2,2.5
"PRD-00455",2026-07-29,"Pagi","Line-B","M-04","OP03","Bracket",450,415,35,12735,455,1.8,1.96
"PRD-00456",2026-07-29,"Pagi","Line-C","M-06","OP09","Housing",450,435,15,12667,311,2,2.06
"PRD-00457",2026-07-29,"Sore","Line-A","M-02","OP03","Bracket",450,390,60,11408,369,1.8,2.05
"PRD-00458",2026-07-29,"Sore","Line-B","M-03","OP05","Shaft",450,428,22,11522,359,2.2,2.23
"PRD-00459",2026-07-29,"Sore","Line-C","M-06","OP02","Shaft",450,448,2,11473,209,2.2,2.34
"PRD-00460",2026-07-30,"Malam","Line-A","M-01","OP08","Bracket",420,410,10,11848,328,1.8,2.08
"PRD-00461",2026-07-30,"Malam","Line-B","M-04","OP10","Bracket",420,375,45,10293,325,1.8,2.19
"PRD-00462",2026-07-30,"Malam","Line-C","M-06","OP09","Shaft",420,399,21,8943,267,2.2,2.68
"PRD-00463",2026-07-30,"Pagi","Line-A","M-02","OP05","Shaft",450,400,50,9269,204,2.2,2.59
"PRD-00464",2026-07-30,"Pagi","Line-B","M-04","OP01","Shaft",450,369,81,8580,278,2.2,2.58
"PRD-00465",2026-07-30,"Pagi","Line-C","M-06","OP09","Shaft",450,444,6,11489,298,2.2,2.32
"PRD-00466",2026-07-30,"Sore","Line-A","M-01","OP08","Bracket",450,448,2,13484,261,1.8,1.99
"PRD-00467",2026-07-30,"Sore","Line-B","M-03","OP09","Bracket",450,425,25,12980,265,1.8,1.96
"PRD-00468",2026-07-30,"Sore","Line-C","M-05","OP01","Bracket",450,449,1,13718,271,1.8,1.96
"PRD-00469",2026-07-31,"Malam","Line-A","M-01","OP10","Shaft",420,384,36,9006,287,2.2,2.56
"PRD-00470",2026-07-31,"Malam","Line-B","M-03","OP04","Bracket",420,409,11,11530,289,1.8,2.13
"PRD-00471",2026-07-31,"Malam","Line-C","M-05","OP03","Bracket",420,408,12,11185,367,1.8,2.19
"PRD-00472",2026-07-31,"Pagi","Line-A","M-02","OP06","Housing",450,369,81,9907,450,2,2.23
"PRD-00473",2026-07-31,"Pagi","Line-B","M-04","OP04","Housing",450,391,59,10000,258,2,2.35
"PRD-00474",2026-07-31,"Pagi","Line-C","M-06","OP09","Shaft",450,440,10,11232,267,2.2,2.35
"PRD-00475",2026-07-31,"Sore","Line-A","M-02","OP05","Housing",450,424,26,11016,352,2,2.31
"PRD-00476",2026-07-31,"Sore","Line-B","M-03","OP09","Housing",450,426,24,12339,269,2,2.07
"PRD-00477",2026-07-31,"Sore","Line-C","M-06","OP03","Bracket",450,431,19,12909,217,1.8,2
"PRD-00478",2026-08-01,"Malam","Line-A","M-02","OP02","Shaft",420,411,9,8584,394,2.2,2.87
"PRD-00479",2026-08-01,"Malam","Line-B","M-04","OP01","Bracket",420,403,17,11233,487,1.8,2.15
"PRD-00480",2026-08-01,"Malam","Line-C","M-05","OP09","Bracket",420,410,10,11505,477,1.8,2.14
"PRD-00481",2026-08-01,"Pagi","Line-A","M-02","OP02","Shaft",450,441,9,10361,255,2.2,2.55
"PRD-00482",2026-08-01,"Pagi","Line-B","M-04","OP01","Housing",450,417,33,10782,266,2,2.32
"PRD-00483",2026-08-01,"Pagi","Line-C","M-05","OP02","Shaft",450,443,7,11793,169,2.2,2.25
"PRD-00484",2026-08-01,"Sore","Line-A","M-01","OP09","Shaft",450,440,10,11253,172,2.2,2.35
"PRD-00485",2026-08-01,"Sore","Line-B","M-04","OP02","Bracket",450,398,52,11947,307,1.8,2
"PRD-00486",2026-08-01,"Sore","Line-C","M-06","OP10","Housing",450,447,3,12530,321,2,2.14
"PRD-00487",2026-08-03,"Malam","Line-A","M-02","OP03","Bracket",420,405,15,10515,772,1.8,2.31
"PRD-00488",2026-08-03,"Malam","Line-B","M-03","OP08","Shaft",420,399,21,9212,283,2.2,2.6
"PRD-00489",2026-08-03,"Malam","Line-C","M-06","OP04","Shaft",420,410,10,9515,216,2.2,2.59
"PRD-00490",2026-08-03,"Pagi","Line-A","M-02","OP01","Housing",450,417,33,10839,280,2,2.31
"PRD-00491",2026-08-03,"Pagi","Line-B","M-04","OP08","Bracket",450,415,35,12594,280,1.8,1.98
"PRD-00492",2026-08-03,"Pagi","Line-C","M-06","OP01","Shaft",450,447,3,11537,174,2.2,2.32
"PRD-00493",2026-08-03,"Sore","Line-A","M-02","OP05","Bracket",450,424,26,12866,447,1.8,1.98
"PRD-00494",2026-08-03,"Sore","Line-B","M-03","OP05","Bracket",450,449,1,14321,288,1.8,1.88
"PRD-00495",2026-08-03,"Sore","Line-C","M-05","OP06","Housing",450,441,9,13068,562,2,2.02
"PRD-00496",2026-08-04,"Malam","Line-A","M-01","OP09","Housing",420,356,64,9027,342,2,2.37
"PRD-00497",2026-08-04,"Malam","Line-B","M-03","OP01","Housing",420,377,43,9585,477,2,2.36
"PRD-00498",2026-08-04,"Malam","Line-C","M-05","OP07","Shaft",420,411,9,9953,219,2.2,2.48
"PRD-00499",2026-08-04,"Pagi","Line-A","M-01","OP09","Bracket",450,449,1,13700,234,1.8,1.97
"PRD-00500",2026-08-04,"Pagi","Line-B","M-03","OP08","Shaft",450,440,10,11133,259,2.2,2.37
"PRD-00501",2026-08-04,"Pagi","Line-C","M-06","OP10","Bracket",450,438,12,13671,251,1.8,1.92
"PRD-00502",2026-08-04,"Sore","Line-A","M-02","OP10","Bracket",450,425,25,12912,204,1.8,1.97
"PRD-00503",2026-08-04,"Sore","Line-B","M-03","OP01","Bracket",450,416,34,12983,217,1.8,1.92
"PRD-00504",2026-08-04,"Sore","Line-C","M-05","OP01","Bracket",450,449,1,13503,268,1.8,2
"PRD-00505",2026-08-05,"Malam","Line-A","M-02","OP04","Bracket",420,409,11,10895,285,1.8,2.25
"PRD-00506",2026-08-05,"Malam","Line-B","M-04","OP06","Bracket",420,366,54,9757,494,1.8,2.25
"PRD-00507",2026-08-05,"Malam","Line-C","M-06","OP10","Bracket",420,412,8,11348,295,1.8,2.18
"PRD-00508",2026-08-05,"Pagi","Line-A","M-02","OP05","Bracket",450,389,61,11039,316,1.8,2.11
"PRD-00509",2026-08-05,"Pagi","Line-B","M-03","OP10","Housing",450,424,26,12094,185,2,2.1
"PRD-00510",2026-08-05,"Pagi","Line-C","M-05","OP04","Bracket",450,449,1,14475,224,1.8,1.86
"PRD-00511",2026-08-05,"Sore","Line-A","M-01","OP09","Bracket",450,428,22,13310,305,1.8,1.93
"PRD-00512",2026-08-05,"Sore","Line-B","M-04","OP07","Housing",450,435,15,11802,335,2,2.21
"PRD-00513",2026-08-05,"Sore","Line-C","M-06","OP10","Shaft",450,446,4,12071,183,2.2,2.22
"PRD-00514",2026-08-06,"Malam","Line-A","M-01","OP06","Bracket",420,401,19,11652,499,1.8,2.06
"PRD-00515",2026-08-06,"Malam","Line-B","M-03","OP09","Shaft",420,414,6,9241,258,2.2,2.69
"PRD-00516",2026-08-06,"Malam","Line-C","M-05","OP08","Housing",420,361,59,9251,345,2,2.34
"PRD-00517",2026-08-06,"Pagi","Line-A","M-02","OP03","Shaft",450,449,1,10688,313,2.2,2.52
"PRD-00518",2026-08-06,"Pagi","Line-B","M-04","OP06","Bracket",450,259,191,7568,231,1.8,2.05
"PRD-00519",2026-08-06,"Pagi","Line-C","M-05","OP06","Shaft",450,437,13,11253,352,2.2,2.33
"PRD-00520",2026-08-06,"Sore","Line-A","M-02","OP09","Bracket",450,424,26,12565,323,1.8,2.02
"PRD-00521",2026-08-06,"Sore","Line-B","M-04","OP01","Housing",450,446,4,12652,425,2,2.12
"PRD-00522",2026-08-06,"Sore","Line-C","M-05","OP01","Housing",450,450,0,13056,318,2,2.07
"PRD-00523",2026-08-07,"Malam","Line-A","M-02","OP09","Shaft",420,380,40,8178,476,2.2,2.79
"PRD-00524",2026-08-07,"Malam","Line-B","M-04","OP06","Bracket",420,361,59,9244,538,1.8,2.34
"PRD-00525",2026-08-07,"Malam","Line-C","M-05","OP03","Shaft",420,404,16,9653,344,2.2,2.51
"PRD-00526",2026-08-07,"Pagi","Line-A","M-01","OP07","Housing",450,439,11,12413,296,2,2.12
"PRD-00527",2026-08-07,"Pagi","Line-B","M-04","OP05","Housing",450,430,20,11429,339,2,2.26
"PRD-00528",2026-08-07,"Pagi","Line-C","M-06","OP04","Shaft",450,446,4,10859,196,2.2,2.46
"PRD-00529",2026-08-07,"Sore","Line-A","M-02","OP05","Bracket",450,393,57,11657,257,1.8,2.02
"PRD-00530",2026-08-07,"Sore","Line-B","M-03","OP10","Housing",450,435,15,12196,322,2,2.14
"PRD-00531",2026-08-07,"Sore","Line-C","M-05","OP09","Housing",450,444,6,12435,316,2,2.14
"PRD-00532",2026-08-08,"Malam","Line-A","M-02","OP04","Bracket",420,404,16,10686,300,1.8,2.27
"PRD-00533",2026-08-08,"Malam","Line-B","M-04","OP10","Bracket",420,413,7,10669,319,1.8,2.32
"PRD-00534",2026-08-08,"Malam","Line-C","M-05","OP06","Shaft",420,395,25,9287,390,2.2,2.55
"PRD-00535",2026-08-08,"Pagi","Line-A","M-01","OP02","Bracket",450,450,0,14708,310,1.8,1.84
"PRD-00536",2026-08-08,"Pagi","Line-B","M-04","OP02","Bracket",450,403,47,11454,234,1.8,2.11
"PRD-00537",2026-08-08,"Pagi","Line-C","M-05","OP09","Housing",450,441,9,12228,313,2,2.16
"PRD-00538",2026-08-08,"Sore","Line-A","M-02","OP07","Bracket",450,443,7,13092,278,1.8,2.03
"PRD-00539",2026-08-08,"Sore","Line-B","M-03","OP05","Bracket",450,408,42,13349,220,1.8,1.83
"PRD-00540",2026-08-08,"Sore","Line-C","M-06","OP02","Shaft",450,418,32,11213,204,2.2,2.24
"PRD-00541",2026-08-10,"Malam","Line-A","M-01","OP08","Bracket",420,407,13,11452,349,1.8,2.13
"PRD-00542",2026-08-10,"Malam","Line-B","M-03","OP05","Bracket",420,401,19,11419,280,1.8,2.11
"PRD-00543",2026-08-10,"Malam","Line-C","M-05","OP04","Bracket",420,411,9,11643,248,1.8,2.12
"PRD-00544",2026-08-10,"Pagi","Line-A","M-02","OP01","Housing",450,444,6,12222,292,2,2.18
"PRD-00545",2026-08-10,"Pagi","Line-B","M-04","OP04","Shaft",450,406,44,9725,185,2.2,2.5
"PRD-00546",2026-08-10,"Pagi","Line-C","M-06","OP01","Housing",450,422,28,11487,292,2,2.2
"PRD-00547",2026-08-10,"Sore","Line-A","M-02","OP10","Bracket",450,408,42,12710,292,1.8,1.93
"PRD-00548",2026-08-10,"Sore","Line-B","M-04","OP03","Housing",450,449,1,11223,589,2,2.4
"PRD-00549",2026-08-10,"Sore","Line-C","M-05","OP08","Housing",450,415,35,11804,265,2,2.11
"PRD-00550",2026-08-11,"Malam","Line-A","M-01","OP01","Shaft",420,413,7,9355,244,2.2,2.65
"PRD-00551",2026-08-11,"Malam","Line-B","M-04","OP02","Bracket",420,382,38,10132,528,1.8,2.26
"PRD-00552",2026-08-11,"Malam","Line-C","M-05","OP10","Bracket",420,410,10,11348,306,1.8,2.17
"PRD-00553",2026-08-11,"Pagi","Line-A","M-01","OP06","Bracket",450,445,5,14149,422,1.8,1.89
"PRD-00554",2026-08-11,"Pagi","Line-B","M-04","OP01","Shaft",450,446,4,10079,239,2.2,2.66
"PRD-00555",2026-08-11,"Pagi","Line-C","M-05","OP01","Housing",450,430,20,12727,233,2,2.03
"PRD-00556",2026-08-11,"Sore","Line-A","M-01","OP09","Housing",450,444,6,13009,269,2,2.05
"PRD-00557",2026-08-11,"Sore","Line-B","M-03","OP02","Bracket",450,425,25,12725,204,1.8,2
"PRD-00558",2026-08-11,"Sore","Line-C","M-05","OP05","Shaft",450,449,1,11664,211,2.2,2.31
"PRD-00559",2026-08-12,"Malam","Line-A","M-02","OP02","Housing",420,324,96,7706,365,2,2.52
"PRD-00560",2026-08-12,"Malam","Line-B","M-03","OP09","Shaft",420,371,49,8378,239,2.2,2.66
"PRD-00561",2026-08-12,"Malam","Line-C","M-05","OP05","Housing",420,411,9,9848,279,2,2.5
"PRD-00562",2026-08-12,"Pagi","Line-A","M-02","OP09","Housing",450,432,18,11745,425,2,2.21
"PRD-00563",2026-08-12,"Pagi","Line-B","M-04","OP08","Shaft",450,437,13,10992,240,2.2,2.39
"PRD-00564",2026-08-12,"Pagi","Line-C","M-05","OP06","Shaft",450,448,2,11554,231,2.2,2.33
"PRD-00565",2026-08-12,"Sore","Line-A","M-02","OP05","Bracket",450,439,11,13637,266,1.8,1.93
"PRD-00566",2026-08-12,"Sore","Line-B","M-03","OP04","Bracket",450,449,1,13890,293,1.8,1.94
"PRD-00567",2026-08-12,"Sore","Line-C","M-06","OP04","Housing",450,449,1,12638,188,2,2.13
"PRD-00568",2026-08-13,"Malam","Line-A","M-01","OP08","Shaft",420,374,46,9038,250,2.2,2.48
"PRD-00569",2026-08-13,"Malam","Line-B","M-03","OP09","Housing",420,394,26,10527,320,2,2.25
"PRD-00570",2026-08-13,"Malam","Line-C","M-05","OP01","Bracket",420,406,14,11945,304,1.8,2.04
"PRD-00571",2026-08-13,"Pagi","Line-A","M-02","OP01","Shaft",450,376,74,8817,148,2.2,2.56
"PRD-00572",2026-08-13,"Pagi","Line-B","M-03","OP08","Housing",450,442,8,12692,320,2,2.09
"PRD-00573",2026-08-13,"Pagi","Line-C","M-05","OP10","Housing",450,447,3,13158,230,2,2.04
"PRD-00574",2026-08-13,"Sore","Line-A","M-02","OP09","Housing",450,423,27,11032,406,2,2.3
"PRD-00575",2026-08-13,"Sore","Line-B","M-03","OP06","Housing",450,443,7,12653,427,2,2.1
"PRD-00576",2026-08-13,"Sore","Line-C","M-06","OP09","Shaft",450,446,4,12765,287,2.2,2.1
"PRD-00577",2026-08-14,"Malam","Line-A","M-01","OP05","Housing",420,412,8,11087,360,2,2.23
"PRD-00578",2026-08-14,"Malam","Line-B","M-03","OP09","Shaft",420,400,20,9561,361,2.2,2.51
"PRD-00579",2026-08-14,"Malam","Line-C","M-06","OP04","Housing",420,329,91,9056,201,2,2.18
"PRD-00580",2026-08-14,"Pagi","Line-A","M-01","OP05","Housing",450,442,8,12907,262,2,2.05
"PRD-00581",2026-08-14,"Pagi","Line-B","M-04","OP01","Bracket",450,427,23,13073,432,1.8,1.96
"PRD-00582",2026-08-14,"Pagi","Line-C","M-05","OP10","Housing",450,438,12,12293,194,2,2.14
"PRD-00583",2026-08-14,"Sore","Line-A","M-01","OP09","Shaft",450,437,13,11193,188,2.2,2.34
"PRD-00584",2026-08-14,"Sore","Line-B","M-03","OP07","Housing",450,448,2,12518,261,2,2.15
"PRD-00585",2026-08-14,"Sore","Line-C","M-06","OP03","Bracket",450,440,10,13569,249,1.8,1.95
"PRD-00586",2026-08-15,"Malam","Line-A","M-01","OP10","Housing",420,374,46,9463,380,2,2.37
"PRD-00587",2026-08-15,"Malam","Line-B","M-03","OP10","Housing",420,407,13,10797,253,2,2.26
"PRD-00588",2026-08-15,"Malam","Line-C","M-05","OP09","Shaft",420,393,27,9092,199,2.2,2.59
"PRD-00589",2026-08-15,"Pagi","Line-A","M-01","OP05","Housing",450,445,5,12341,211,2,2.16
"PRD-00590",2026-08-15,"Pagi","Line-B","M-04","OP03","Bracket",450,368,82,10836,259,1.8,2.04
"PRD-00591",2026-08-15,"Pagi","Line-C","M-06","OP05","Bracket",450,435,15,13931,239,1.8,1.87
"PRD-00592",2026-08-15,"Sore","Line-A","M-02","OP06","Bracket",450,443,7,12931,548,1.8,2.06
"PRD-00593",2026-08-15,"Sore","Line-B","M-03","OP01","Housing",450,447,3,13222,487,2,2.03
"PRD-00594",2026-08-15,"Sore","Line-C","M-05","OP09","Bracket",450,423,27,13921,249,1.8,1.82
"PRD-00595",2026-08-17,"Malam","Line-A","M-01","OP09","Shaft",420,372,48,8651,350,2.2,2.58
"PRD-00596",2026-08-17,"Malam","Line-B","M-04","OP09","Bracket",420,380,40,10067,537,1.8,2.26
"PRD-00597",2026-08-17,"Malam","Line-C","M-06","OP08","Shaft",420,413,7,9631,363,2.2,2.57
"PRD-00598",2026-08-17,"Pagi","Line-A","M-01","OP06","Shaft",450,449,1,11925,267,2.2,2.26
"PRD-00599",2026-08-17,"Pagi","Line-B","M-03","OP10","Housing",450,427,23,12475,256,2,2.05
"PRD-00600",2026-08-17,"Pagi","Line-C","M-06","OP09","Shaft",450,432,18,11218,217,2.2,2.31
"PRD-00601",2026-08-17,"Sore","Line-A","M-02","OP05","Shaft",450,434,16,10787,319,2.2,2.41
"PRD-00602",2026-08-17,"Sore","Line-B","M-04","OP09","Bracket",450,431,19,12986,306,1.8,1.99
"PRD-00603",2026-08-17,"Sore","Line-C","M-06","OP07","Housing",450,448,2,12767,250,2,2.11
"PRD-00604",2026-08-18,"Malam","Line-A","M-02","OP04","Housing",420,387,33,9400,341,2,2.47
"PRD-00605",2026-08-18,"Malam","Line-B","M-03","OP09","Bracket",420,373,47,10782,303,1.8,2.08
"PRD-00606",2026-08-18,"Malam","Line-C","M-05","OP09","Bracket",420,405,15,11402,335,1.8,2.13
"PRD-00607",2026-08-18,"Pagi","Line-A","M-02","OP06","Bracket",450,386,64,11325,395,1.8,2.05
"PRD-00608",2026-08-18,"Pagi","Line-B","M-04","OP07","Housing",450,429,21,11868,423,2,2.17
"PRD-00609",2026-08-18,"Pagi","Line-C","M-05","OP02","Housing",450,446,4,12241,236,2,2.19
"PRD-00610",2026-08-18,"Sore","Line-A","M-02","OP02","Shaft",450,425,25,10692,328,2.2,2.38
"PRD-00611",2026-08-18,"Sore","Line-B","M-04","OP04","Housing",450,437,13,11879,284,2,2.21
"PRD-00612",2026-08-18,"Sore","Line-C","M-05","OP07","Housing",450,440,10,12576,232,2,2.1
"PRD-00613",2026-08-19,"Malam","Line-A","M-02","OP10","Shaft",420,386,34,8099,290,2.2,2.86
"PRD-00614",2026-08-19,"Malam","Line-B","M-04","OP07","Housing",420,367,53,9143,380,2,2.41
"PRD-00615",2026-08-19,"Malam","Line-C","M-06","OP06","Bracket",420,365,55,10588,392,1.8,2.07
"PRD-00616",2026-08-19,"Pagi","Line-A","M-01","OP08","Housing",450,448,2,13193,207,2,2.04
"PRD-00617",2026-08-19,"Pagi","Line-B","M-04","OP07","Bracket",450,438,12,13210,323,1.8,1.99
"PRD-00618",2026-08-19,"Pagi","Line-C","M-06","OP02","Housing",450,443,7,12442,360,2,2.14
"PRD-00619",2026-08-19,"Sore","Line-A","M-01","OP03","Bracket",450,449,1,14171,293,1.8,1.9
"PRD-00620",2026-08-19,"Sore","Line-B","M-03","OP01","Bracket",450,439,11,14152,330,1.8,1.86
"PRD-00621",2026-08-19,"Sore","Line-C","M-05","OP06","Bracket",450,438,12,14044,397,1.8,1.87
"PRD-00622",2026-08-20,"Malam","Line-A","M-02","OP08","Bracket",420,384,36,10687,451,1.8,2.16
"PRD-00623",2026-08-20,"Malam","Line-B","M-04","OP09","Bracket",420,364,56,9824,601,1.8,2.22
"PRD-00624",2026-08-20,"Malam","Line-C","M-06","OP04","Housing",420,400,20,10281,336,2,2.33
"PRD-00625",2026-08-20,"Pagi","Line-A","M-01","OP06","Bracket",450,446,4,14475,401,1.8,1.85
"PRD-00626",2026-08-20,"Pagi","Line-B","M-03","OP07","Housing",450,438,12,12921,289,2,2.03
"PRD-00627",2026-08-20,"Pagi","Line-C","M-06","OP10","Housing",450,448,2,13172,396,2,2.04
"PRD-00628",2026-08-20,"Sore","Line-A","M-02","OP08","Housing",450,414,36,10951,394,2,2.27
"PRD-00629",2026-08-20,"Sore","Line-B","M-04","OP05","Housing",450,440,10,11632,190,2,2.27
"PRD-00630",2026-08-20,"Sore","Line-C","M-05","OP06","Shaft",450,444,6,11565,252,2.2,2.3
"PRD-00631",2026-08-21,"Malam","Line-A","M-02","OP09","Bracket",420,374,46,10180,393,1.8,2.2
"PRD-00632",2026-08-21,"Malam","Line-B","M-04","OP06","Bracket",420,366,54,9711,411,1.8,2.26
"PRD-00633",2026-08-21,"Malam","Line-C","M-06","OP07","Bracket",420,394,26,11373,295,1.8,2.08
"PRD-00634",2026-08-21,"Pagi","Line-A","M-01","OP02","Housing",450,445,5,12806,517,2,2.08
"PRD-00635",2026-08-21,"Pagi","Line-B","M-04","OP09","Bracket",450,429,21,12770,267,1.8,2.02
"PRD-00636",2026-08-21,"Pagi","Line-C","M-06","OP07","Shaft",450,448,2,11619,238,2.2,2.31
"PRD-00637",2026-08-21,"Sore","Line-A","M-02","OP09","Bracket",450,403,47,11810,317,1.8,2.05
"PRD-00638",2026-08-21,"Sore","Line-B","M-04","OP07","Bracket",450,336,114,10349,336,1.8,1.95
"PRD-00639",2026-08-21,"Sore","Line-C","M-06","OP03","Bracket",450,422,28,13619,380,1.8,1.86
"PRD-00640",2026-08-22,"Malam","Line-A","M-02","OP09","Housing",420,394,26,9219,355,2,2.56
"PRD-00641",2026-08-22,"Malam","Line-B","M-03","OP09","Housing",420,410,10,10330,450,2,2.38
"PRD-00642",2026-08-22,"Malam","Line-C","M-06","OP02","Bracket",420,406,14,11758,302,1.8,2.07
"PRD-00643",2026-08-22,"Pagi","Line-A","M-01","OP03","Shaft",450,448,2,11376,279,2.2,2.36
"PRD-00644",2026-08-22,"Pagi","Line-B","M-03","OP01","Bracket",450,438,12,14504,322,1.8,1.81
"PRD-00645",2026-08-22,"Pagi","Line-C","M-05","OP06","Shaft",450,435,15,11387,285,2.2,2.29
"PRD-00646",2026-08-22,"Sore","Line-A","M-01","OP07","Bracket",450,429,21,14177,283,1.8,1.82
"PRD-00647",2026-08-22,"Sore","Line-B","M-03","OP10","Bracket",450,441,9,14423,291,1.8,1.83
"PRD-00648",2026-08-22,"Sore","Line-C","M-05","OP04","Bracket",450,447,3,14955,159,1.8,1.79
"PRD-00649",2026-08-24,"Malam","Line-A","M-01","OP04","Housing",420,408,12,10049,216,2,2.44
"PRD-00650",2026-08-24,"Malam","Line-B","M-03","OP09","Housing",420,400,20,10176,351,2,2.36
"PRD-00651",2026-08-24,"Malam","Line-C","M-06","OP04","Bracket",420,414,6,11960,222,1.8,2.08
"PRD-00652",2026-08-24,"Pagi","Line-A","M-02","OP08","Housing",450,448,2,12366,456,2,2.17
"PRD-00653",2026-08-24,"Pagi","Line-B","M-04","OP05","Shaft",450,442,8,11441,344,2.2,2.32
"PRD-00654",2026-08-24,"Pagi","Line-C","M-06","OP04","Shaft",450,447,3,11520,184,2.2,2.33
"PRD-00655",2026-08-24,"Sore","Line-A","M-02","OP09","Shaft",450,423,27,10300,266,2.2,2.46
"PRD-00656",2026-08-24,"Sore","Line-B","M-03","OP08","Bracket",450,446,4,14449,284,1.8,1.85
"PRD-00657",2026-08-24,"Sore","Line-C","M-05","OP10","Shaft",450,446,4,11621,170,2.2,2.3
"PRD-00658",2026-08-25,"Malam","Line-A","M-02","OP06","Bracket",420,361,59,9728,512,1.8,2.23
"PRD-00659",2026-08-25,"Malam","Line-B","M-03","OP04","Shaft",420,386,34,8563,189,2.2,2.7
"PRD-00660",2026-08-25,"Malam","Line-C","M-06","OP09","Shaft",420,398,22,8905,340,2.2,2.68
"PRD-00661",2026-08-25,"Pagi","Line-A","M-01","OP08","Shaft",450,441,9,11715,217,2.2,2.26
"PRD-00662",2026-08-25,"Pagi","Line-B","M-03","OP08","Shaft",450,443,7,11718,171,2.2,2.27
"PRD-00663",2026-08-25,"Pagi","Line-C","M-05","OP01","Bracket",450,441,9,13671,277,1.8,1.94
"PRD-00664",2026-08-25,"Sore","Line-A","M-02","OP09","Housing",450,414,36,10826,323,2,2.29
"PRD-00665",2026-08-25,"Sore","Line-B","M-04","OP09","Shaft",450,445,5,11168,239,2.2,2.39
"PRD-00666",2026-08-25,"Sore","Line-C","M-05","OP02","Shaft",450,444,6,10965,329,2.2,2.43
"PRD-00667",2026-08-26,"Malam","Line-A","M-01","OP03","Housing",420,402,18,10626,401,2,2.27
"PRD-00668",2026-08-26,"Malam","Line-B","M-03","OP09","Bracket",420,381,39,10680,270,1.8,2.14
"PRD-00669",2026-08-26,"Malam","Line-C","M-06","OP07","Housing",420,385,35,9716,287,2,2.38
"PRD-00670",2026-08-26,"Pagi","Line-A","M-02","OP06","Bracket",450,449,1,12849,311,1.8,2.1
"PRD-00671",2026-08-26,"Pagi","Line-B","M-03","OP08","Shaft",450,436,14,11210,225,2.2,2.33
"PRD-00672",2026-08-26,"Pagi","Line-C","M-06","OP03","Bracket",450,448,2,13873,233,1.8,1.94
"PRD-00673",2026-08-26,"Sore","Line-A","M-01","OP10","Housing",450,440,10,12516,234,2,2.11
"PRD-00674",2026-08-26,"Sore","Line-B","M-03","OP04","Bracket",450,445,5,14858,171,1.8,1.8
"PRD-00675",2026-08-26,"Sore","Line-C","M-05","OP02","Shaft",450,440,10,11352,228,2.2,2.33
"PRD-00676",2026-08-27,"Malam","Line-A","M-02","OP09","Bracket",420,373,47,9767,494,1.8,2.29
"PRD-00677",2026-08-27,"Malam","Line-B","M-03","OP03","Housing",420,398,22,9677,503,2,2.47
"PRD-00678",2026-08-27,"Malam","Line-C","M-05","OP08","Bracket",420,412,8,11645,395,1.8,2.12
"PRD-00679",2026-08-27,"Pagi","Line-A","M-01","OP04","Bracket",450,445,5,14706,249,1.8,1.82
"PRD-00680",2026-08-27,"Pagi","Line-B","M-03","OP10","Housing",450,445,5,12574,237,2,2.12
"PRD-00681",2026-08-27,"Pagi","Line-C","M-06","OP09","Housing",450,441,9,12342,362,2,2.14
"PRD-00682",2026-08-27,"Sore","Line-A","M-01","OP06","Housing",450,444,6,12282,312,2,2.17
"PRD-00683",2026-08-27,"Sore","Line-B","M-03","OP04","Housing",450,436,14,12270,189,2,2.13
"PRD-00684",2026-08-27,"Sore","Line-C","M-05","OP04","Housing",450,434,16,11503,194,2,2.26
"PRD-00685",2026-08-28,"Malam","Line-A","M-02","OP04","Bracket",420,380,40,10299,350,1.8,2.21
"PRD-00686",2026-08-28,"Malam","Line-B","M-03","OP06","Housing",420,402,18,9884,467,2,2.44
"PRD-00687",2026-08-28,"Malam","Line-C","M-05","OP01","Bracket",420,390,30,11006,299,1.8,2.13
"PRD-00688",2026-08-28,"Pagi","Line-A","M-01","OP04","Housing",450,449,1,12940,295,2,2.08
"PRD-00689",2026-08-28,"Pagi","Line-B","M-04","OP04","Housing",450,419,31,11050,298,2,2.28
"PRD-00690",2026-08-28,"Pagi","Line-C","M-06","OP10","Bracket",450,447,3,13971,192,1.8,1.92
"PRD-00691",2026-08-28,"Sore","Line-A","M-02","OP09","Housing",450,449,1,11332,391,2,2.38
"PRD-00692",2026-08-28,"Sore","Line-B","M-04","OP08","Bracket",450,433,17,12676,576,1.8,2.05
"PRD-00693",2026-08-28,"Sore","Line-C","M-06","OP05","Housing",450,436,14,13145,359,2,1.99
"PRD-00694",2026-08-29,"Malam","Line-A","M-02","OP02","Housing",420,403,17,9392,368,2,2.57
"PRD-00695",2026-08-29,"Malam","Line-B","M-03","OP03","Housing",420,413,7,10028,406,2,2.47
"PRD-00696",2026-08-29,"Malam","Line-C","M-05","OP06","Bracket",420,414,6,11719,475,1.8,2.12
"PRD-00697",2026-08-29,"Pagi","Line-A","M-02","OP04","Housing",450,436,14,11636,329,2,2.25
"PRD-00698",2026-08-29,"Pagi","Line-B","M-04","OP04","Housing",450,431,19,11930,283,2,2.17
"PRD-00699",2026-08-29,"Pagi","Line-C","M-06","OP03","Housing",450,423,27,12534,401,2,2.02
"PRD-00700",2026-08-29,"Sore","Line-A","M-02","OP09","Housing",450,397,53,10464,303,2,2.28
"PRD-00701",2026-08-29,"Sore","Line-B","M-03","OP02","Bracket",450,445,5,14081,239,1.8,1.9
"PRD-00702",2026-08-29,"Sore","Line-C","M-06","OP06","Shaft",450,428,22,11142,187,2.2,2.3
"PRD-00703",2026-08-31,"Malam","Line-A","M-01","OP10","Shaft",420,394,26,8731,233,2.2,2.71
"PRD-00704",2026-08-31,"Malam","Line-B","M-03","OP09","Housing",420,413,7,11030,481,2,2.25
"PRD-00705",2026-08-31,"Malam","Line-C","M-06","OP04","Bracket",420,397,23,11573,245,1.8,2.06
"PRD-00706",2026-08-31,"Pagi","Line-A","M-01","OP06","Bracket",450,440,10,13687,363,1.8,1.93
"PRD-00707",2026-08-31,"Pagi","Line-B","M-03","OP10","Bracket",450,429,21,14132,241,1.8,1.82
"PRD-00708",2026-08-31,"Pagi","Line-C","M-06","OP03","Bracket",450,436,14,14042,423,1.8,1.86
"PRD-00709",2026-08-31,"Sore","Line-A","M-02","OP07","Housing",450,424,26,11899,299,2,2.14
"PRD-00710",2026-08-31,"Sore","Line-B","M-04","OP05","Bracket",450,445,5,13691,273,1.8,1.95
"PRD-00711",2026-08-31,"Sore","Line-C","M-06","OP04","Housing",450,430,20,12081,210,2,2.14
