"Tanggal","Produksi","Cacat","DefectRatePct","DowntimeMnt"
2026-01-02,1941,40,2.06,160
2026-01-03,2013,47,2.33,123
2026-01-05,2129,38,1.78,180
2026-01-06,1971,80,4.06,192
2026-01-07,2147,52,2.42,151
2026-01-08,2206,70,3.17,84
2026-01-09,2035,40,1.97,102
2026-01-10,1869,31,1.66,161
2026-01-12,1894,56,2.96,114
2026-01-13,2215,69,3.12,182
2026-01-14,1994,37,1.86,131
2026-01-15,2078,63,3.03,110
2026-01-16,1997,54,2.7,74
2026-01-17,1963,49,2.5,126
2026-01-19,2224,67,3.01,143
2026-01-20,1961,43,2.19,134
2026-01-21,2048,94,4.59,113
2026-01-22,1796,47,2.62,197
2026-01-23,2119,56,2.64,110
2026-01-24,2018,48,2.38,216
2026-01-26,2119,62,2.93,95
2026-01-27,2151,46,2.14,103
2026-01-28,2078,40,1.92,135
2026-01-29,1980,40,2.02,96
2026-01-30,1820,63,3.46,163
2026-01-31,2247,63,2.8,123
2026-02-02,2153,70,3.25,127
2026-02-03,2145,73,3.4,126
2026-02-04,1960,40,2.04,158
2026-02-05,1989,54,2.71,161
2026-02-06,1972,78,3.96,97
2026-02-07,2075,64,3.08,99
2026-02-09,2011,49,2.44,150
2026-02-10,2015,55,2.73,141
2026-02-11,1943,35,1.8,137
2026-02-12,2050,35,1.71,183
2026-02-13,1915,38,1.98,62
2026-02-14,1861,36,1.93,220
2026-02-16,2077,63,3.03,161
2026-02-17,2113,49,2.32,119
2026-02-18,2181,53,2.43,100
2026-02-19,2039,35,1.72,169
2026-02-20,2003,56,2.8,75
2026-02-21,1911,53,2.77,90
2026-02-23,2076,57,2.75,174
2026-02-24,2089,60,2.87,116
2026-02-25,2020,43,2.13,197
2026-02-26,1973,29,1.47,79
2026-02-27,2007,51,2.54,84
2026-02-28,2154,55,2.55,117
2026-03-02,2216,80,3.61,154
2026-03-03,2161,35,1.62,172
2026-03-04,2120,50,2.36,183
2026-03-05,2095,65,3.1,165
2026-03-06,1813,45,2.48,113
2026-03-07,2139,25,1.17,44
2026-03-09,2186,54,2.47,73
2026-03-10,2008,55,2.74,212
2026-03-11,2200,48,2.18,94
2026-03-12,1828,39,2.13,105
2026-03-13,1735,41,2.36,118
2026-03-14,2081,43,2.07,143
2026-03-16,2171,52,2.4,96
2026-03-17,1918,73,3.81,295
2026-03-18,1955,27,1.38,184
2026-03-19,1888,48,2.54,81
2026-03-20,1914,45,2.35,90
2026-03-21,1922,52,2.71,106
2026-03-23,2013,47,2.33,89
2026-03-24,1958,51,2.6,151
2026-03-25,2043,47,2.3,169
2026-03-26,2065,50,2.42,141
2026-03-27,2105,73,3.47,64
2026-03-28,1964,48,2.44,83
2026-03-30,2051,34,1.66,70
2026-03-31,2254,83,3.68,103
2026-04-01,1866,33,1.77,122
2026-04-02,2095,44,2.1,116
2026-04-03,1841,52,2.82,129
2026-04-04,2018,73,3.62,80
2026-04-06,1889,41,2.17,172
2026-04-07,1940,42,2.16,148
2026-04-08,2045,35,1.71,97
2026-04-09,2154,56,2.6,176
2026-04-10,1984,67,3.38,156
2026-04-11,2416,55,2.28,150
2026-04-13,1978,51,2.58,133
2026-04-14,1890,27,1.43,61
2026-04-15,2251,78,3.47,163
2026-04-16,2090,63,3.01,191
2026-04-17,1960,53,2.7,145
2026-04-18,1889,48,2.54,200
2026-04-20,2190,62,2.83,84
2026-04-21,2176,46,2.11,112
2026-04-22,1969,56,2.84,91
2026-04-23,1972,50,2.54,65
2026-04-24,1956,50,2.56,76
2026-04-25,2062,68,3.3,100
2026-04-27,1828,46,2.52,225
2026-04-28,2194,40,1.82,180
2026-04-29,1984,63,3.18,95
2026-04-30,2090,27,1.29,120
2026-05-01,2078,40,1.92,95
2026-05-02,2284,60,2.63,206
2026-05-04,2188,47,2.15,60
2026-05-05,2041,44,2.16,74
2026-05-06,2225,70,3.15,58
2026-05-07,1945,52,2.67,100
2026-05-08,1968,55,2.79,134
2026-05-09,2168,56,2.58,166
2026-05-11,1967,35,1.78,95
2026-05-12,1984,64,3.23,113
2026-05-13,2210,42,1.9,150
2026-05-14,2058,53,2.58,84
2026-05-15,2064,54,2.62,107
2026-05-16,1923,72,3.74,108
2026-05-18,1894,60,3.17,181
2026-05-19,2081,43,2.07,196
2026-05-20,2103,56,2.66,120
2026-05-21,1993,54,2.71,132
2026-05-22,1986,51,2.57,107
2026-05-23,2066,60,2.9,260
2026-05-25,1872,64,3.42,149
2026-05-26,2003,74,3.69,65
2026-05-27,1994,45,2.26,148
2026-05-28,2075,47,2.27,103
2026-05-29,2240,67,2.99,159
2026-05-30,2028,46,2.27,124
2026-06-01,2053,61,2.97,137
2026-06-02,2290,58,2.53,142
2026-06-03,2118,54,2.55,93
2026-06-04,1945,55,2.83,180
2026-06-05,2082,41,1.97,95
2026-06-06,1786,44,2.46,147
2026-06-08,1863,49,2.63,138
2026-06-09,2479,71,2.86,51
2026-06-10,1919,33,1.72,84
2026-06-11,2060,38,1.84,211
2026-06-12,2130,61,2.86,91
2026-06-13,2025,78,3.85,159
2026-06-15,2033,51,2.51,134
2026-06-16,1963,46,2.34,187
2026-06-17,1844,60,3.25,193
2026-06-18,1917,34,1.77,118
2026-06-19,1756,53,3.02,117
2026-06-20,1927,46,2.39,160
2026-06-22,2465,80,3.25,122
2026-06-23,1987,71,3.57,130
2026-06-24,2189,65,2.97,102
2026-06-25,1884,34,1.8,209
2026-06-26,2136,64,3,158
2026-06-27,2246,36,1.6,100
2026-06-29,1946,42,2.16,164
2026-06-30,1916,44,2.3,107
