"InspectionDate","Line","Product","Operator","Shift","DefectType","Inspected","Defect","CycleTimeSec"
2026-07-01,"A","Bracket","OP08","Pagi","NONE",121,2,43.4
2026-07-08,"A","Panel","OP02","Pagi","Color",130,15,40.8
2026-07-15,"A","Panel","OP05","Siang","Dimension",118,9,42.2
2026-07-22,"A","Housing","OP06","Siang","NONE",126,10,45.4
2026-07-29,"A","Bracket","OP06","Malam","NONE",116,6,41.6
2026-08-05,"A","Bracket","OP08","Siang","NONE",134,3,43.5
2026-08-12,"A","Bracket","OP06","Malam","Scratch",132,6,43.8
2026-08-19,"A","Bracket","OP07","Pagi","Scratch",130,5,43.4
2026-08-26,"A","Housing","OP04","Siang","NONE",133,4,53.9
2026-09-02,"A","Housing","OP05","Siang","Scratch",138,10,48.7
2026-09-09,"A","Housing","OP04","Malam","Dimension",123,3,51.1
2026-09-16,"A","Bracket","OP05","Siang","NONE",121,8,43.7
2026-09-23,"A","Panel","OP04","Siang","NONE",116,3,41.1
2026-09-30,"A","Bracket","OP05","Malam","Color",116,3,43.5
2026-10-07,"A","Bracket","OP04","Malam","NONE",123,6,45.8
2026-10-14,"A","Bracket","OP05","Pagi","Crack",115,0,42.4
2026-10-21,"A","Housing","OP08","Pagi","Dimension",125,3,50.3
2026-10-28,"A","Housing","OP06","Malam","NONE",134,4,48.6
2026-11-04,"A","Bracket","OP08","Malam","NONE",115,7,42.2
2026-11-11,"A","Bracket","OP04","Pagi","NONE",128,3,40.9
2026-07-01,"B","Panel","OP01","Malam","Crack",131,6,44
2026-07-08,"B","Bracket","OP07","Malam","Crack",123,15,45.1
2026-07-15,"B","Bracket","OP05","Pagi","Crack",126,6,40.1
2026-07-22,"B","Panel","OP06","Siang","Crack",123,9,45.1
2026-07-29,"B","Housing","OP01","Siang","Dimension",126,4,48
2026-08-05,"B","Bracket","OP01","Malam","NONE",149,7,45.1
2026-08-12,"B","Bracket","OP07","Pagi","Dimension",122,5,41.3
2026-08-19,"B","Bracket","OP01","Siang","Scratch",129,8,45.9
2026-08-26,"B","Housing","OP01","Siang","Scratch",125,5,53
2026-09-02,"B","Bracket","OP08","Malam","Dimension",141,9,43.9
2026-09-09,"B","Housing","OP02","Siang","NONE",131,3,51.2
2026-09-16,"B","Bracket","OP03","Siang","Crack",140,4,44
2026-09-23,"B","Bracket","OP01","Siang","Crack",138,3,44.2
2026-09-30,"B","Bracket","OP04","Pagi","Crack",126,5,47.3
2026-10-07,"B","Panel","OP04","Pagi","NONE",122,9,45.7
2026-10-14,"B","Housing","OP04","Malam","Crack",116,3,53.5
2026-10-21,"B","Bracket","OP08","Pagi","Scratch",129,7,43
2026-10-28,"B","Bracket","OP08","Pagi","Scratch",111,3,45.9
2026-11-04,"B","Panel","OP06","Malam","NONE",119,4,48.4
2026-11-11,"B","Bracket","OP02","Pagi","Dimension",126,9,43.7
2026-07-01,"C","Housing","OP03","Siang","NONE",122,4,48.1
2026-07-08,"C","Bracket","OP01","Malam","NONE",114,2,46.4
2026-07-15,"C","Housing","OP08","Pagi","NONE",113,6,49
2026-07-22,"C","Bracket","OP07","Pagi","Dimension",121,3,45.6
2026-07-29,"C","Housing","OP07","Pagi","Dimension",123,2,50
2026-08-05,"C","Panel","OP02","Siang","NONE",127,2,48.2
2026-08-12,"C","Housing","OP08","Siang","Scratch",136,5,49.2
2026-08-19,"C","Panel","OP07","Pagi","NONE",130,3,44.3
2026-08-26,"C","Panel","OP01","Malam","NONE",121,3,46.8
2026-09-02,"C","Panel","OP02","Siang","Dimension",127,7,43
2026-09-09,"C","Bracket","OP01","Malam","NONE",119,2,48.4
2026-09-16,"C","Housing","OP07","Malam","Crack",136,3,51.1
2026-09-23,"C","Bracket","OP07","Pagi","NONE",111,6,42.7
2026-09-30,"C","Bracket","OP08","Pagi","NONE",135,2,42.5
2026-10-07,"C","Panel","OP05","Siang","NONE",116,7,42.6
2026-10-14,"C","Bracket","OP07","Siang","Color",112,3,46
2026-10-21,"C","Bracket","OP03","Pagi","Scratch",130,6,44
2026-10-28,"C","Panel","OP07","Malam","Color",131,5,45.9
2026-11-04,"C","Housing","OP07","Pagi","NONE",122,4,47.7
2026-11-11,"C","Bracket","OP06","Pagi","NONE",116,1,43.6
2026-07-01,"A","Panel","OP07","Malam","NONE",125,2,45.8
2026-07-08,"A","Panel","OP07","Malam","Dimension",127,3,41.8
2026-07-15,"A","Housing","OP01","Pagi","Scratch",123,7,50.9
2026-07-22,"A","Panel","OP04","Pagi","Scratch",110,4,39.7
2026-07-29,"A","Bracket","OP01","Pagi","Crack",126,2,41.4
2026-08-05,"A","Bracket","OP02","Pagi","Scratch",132,8,42.4
2026-08-12,"A","Housing","OP06","Malam","Color",133,9,50.9
2026-08-19,"A","Panel","OP06","Malam","Color",144,4,45.5
2026-08-26,"A","Bracket","OP07","Malam","NONE",109,9,44
2026-09-02,"A","Housing","OP06","Malam","NONE",127,7,49
2026-09-09,"A","Panel","OP07","Malam","NONE",141,6,44.6
2026-09-16,"A","Bracket","OP05","Malam","NONE",127,2,45.1
2026-09-23,"A","Housing","OP05","Pagi","Color",116,3,47
2026-09-30,"A","Bracket","OP08","Malam","Crack",147,7,42.9
2026-10-07,"A","Housing","OP04","Pagi","Crack",152,4,50.4
2026-10-14,"A","Panel","OP07","Siang","Color",139,4,41.5
2026-10-21,"A","Housing","OP08","Siang","Crack",116,2,49.4
2026-10-28,"A","Housing","OP07","Malam","NONE",115,6,51.5
2026-11-04,"A","Housing","OP05","Malam","Color",127,7,48.1
2026-11-11,"A","Panel","OP06","Pagi","NONE",112,8,46.1
2026-07-01,"B","Panel","OP07","Pagi","Crack",124,10,43.6
2026-07-08,"B","Housing","OP03","Malam","Scratch",128,7,55.1
2026-07-15,"B","Panel","OP01","Malam","Scratch",100,6,48.4
2026-07-22,"B","Bracket","OP07","Malam","Crack",130,4,48
2026-07-29,"B","Panel","OP06","Siang","Scratch",129,14,45.6
2026-08-05,"B","Bracket","OP05","Malam","Scratch",116,3,47.8
2026-08-12,"B","Panel","OP07","Siang","Crack",138,9,43.4
2026-08-19,"B","Bracket","OP04","Malam","Scratch",132,5,46.3
2026-08-26,"B","Panel","OP04","Malam","Scratch",123,4,46.3
2026-09-02,"B","Panel","OP07","Siang","Crack",127,10,49.9
2026-09-09,"B","Housing","OP07","Siang","Dimension",127,6,47.2
2026-09-16,"B","Bracket","OP02","Pagi","Dimension",126,5,44.6
2026-09-23,"B","Bracket","OP04","Pagi","Dimension",132,9,46.9
2026-09-30,"B","Housing","OP06","Siang","Dimension",141,10,51.4
2026-10-07,"B","Housing","OP03","Pagi","Scratch",137,5,47.9
2026-10-14,"B","Housing","OP07","Siang","Scratch",136,8,52
2026-10-21,"B","Housing","OP01","Siang","Crack",114,7,46.6
2026-10-28,"B","Bracket","OP04","Siang","Dimension",122,5,47.2
2026-11-04,"B","Panel","OP08","Pagi","NONE",122,4,43.4
2026-11-11,"B","Bracket","OP08","Pagi","Crack",138,7,45.2
2026-07-01,"C","Panel","OP02","Siang","Color",133,3,44.3
2026-07-08,"C","Bracket","OP04","Malam","Color",142,3,46.2
2026-07-15,"C","Panel","OP04","Siang","Scratch",122,6,43.8
2026-07-22,"C","Bracket","OP06","Pagi","NONE",118,2,40.9
2026-07-29,"C","Panel","OP02","Malam","NONE",145,5,45
2026-08-05,"C","Bracket","OP03","Malam","NONE",129,3,46.6
2026-08-12,"C","Panel","OP02","Siang","NONE",140,7,42.8
2026-08-19,"C","Bracket","OP03","Malam","Dimension",115,1,47.5
2026-08-26,"C","Bracket","OP08","Siang","NONE",121,3,44.4
2026-09-02,"C","Housing","OP04","Pagi","Crack",112,2,48
2026-09-09,"C","Bracket","OP03","Malam","Color",126,6,44.2
2026-09-16,"C","Bracket","OP04","Siang","NONE",126,2,44.9
2026-09-23,"C","Bracket","OP01","Pagi","NONE",119,4,44.3
2026-09-30,"C","Panel","OP02","Pagi","NONE",136,2,44
2026-10-07,"C","Housing","OP06","Malam","NONE",120,0,50.5
2026-10-14,"C","Bracket","OP05","Siang","Dimension",117,2,41.6
2026-10-21,"C","Bracket","OP07","Pagi","Scratch",112,3,44.7
2026-10-28,"C","Housing","OP05","Siang","Dimension",121,3,48.9
2026-11-04,"C","Panel","OP04","Siang","Crack",116,4,49.5
2026-11-11,"C","Panel","OP01","Siang","NONE",134,4,46.1
2026-07-01,"A","Panel","OP04","Siang","Color",145,9,44.4
2026-07-08,"A","Bracket","OP08","Siang","Dimension",107,2,40.5
2026-07-15,"A","Panel","OP02","Siang","Crack",133,4,48.4
2026-07-22,"A","Bracket","OP08","Malam","Crack",137,4,44
2026-07-29,"A","Bracket","OP05","Siang","Scratch",120,5,40.9
2026-08-05,"A","Housing","OP08","Pagi","Color",135,4,48.3
2026-08-12,"A","Panel","OP06","Siang","Color",126,4,40.1
2026-08-19,"A","Panel","OP07","Siang","Scratch",129,5,40.5
2026-08-26,"A","Bracket","OP01","Pagi","NONE",139,4,42.9
2026-09-02,"A","Bracket","OP04","Siang","NONE",111,4,40.2
2026-09-09,"A","Panel","OP07","Pagi","NONE",125,8,41.9
2026-09-16,"A","Housing","OP08","Pagi","NONE",140,18,47.8
2026-09-23,"A","Bracket","OP01","Siang","Dimension",124,4,40.7
2026-09-30,"A","Panel","OP05","Pagi","NONE",113,4,36.2
2026-10-07,"A","Bracket","OP07","Siang","Dimension",128,3,45.4
2026-10-14,"A","Housing","OP07","Pagi","Scratch",128,7,49.1
2026-10-21,"A","Housing","OP08","Pagi","NONE",107,4,50.2
2026-10-28,"A","Panel","OP07","Siang","Scratch",122,2,45.4
2026-11-04,"A","Panel","OP06","Malam","Scratch",114,1,42.2
2026-11-11,"A","Housing","OP06","Malam","Scratch",132,1,51.5
2026-07-01,"B","Bracket","OP05","Malam","Dimension",123,12,49.4
2026-07-08,"B","Panel","OP01","Malam","NONE",113,18,43.1
2026-07-15,"B","Bracket","OP07","Malam","NONE",141,10,40.7
2026-07-22,"B","Panel","OP02","Pagi","Scratch",132,6,48.9
2026-07-29,"B","Bracket","OP05","Malam","Dimension",119,4,43.7
2026-08-05,"B","Bracket","OP02","Siang","Crack",137,7,43.6
2026-08-12,"B","Bracket","OP01","Pagi","Scratch",126,7,43.8
2026-08-19,"B","Panel","OP03","Malam","Dimension",127,13,47.3
2026-08-26,"B","Housing","OP07","Malam","NONE",115,7,51.6
2026-09-02,"B","Panel","OP07","Malam","NONE",127,9,46.7
2026-09-09,"B","Panel","OP03","Pagi","Crack",124,6,40.8
2026-09-16,"B","Panel","OP05","Malam","Dimension",113,2,47.1
2026-09-23,"B","Panel","OP05","Pagi","Scratch",129,7,48
2026-09-30,"B","Panel","OP08","Siang","NONE",121,9,43.6
2026-10-07,"B","Panel","OP03","Pagi","Scratch",121,8,44.9
2026-10-14,"B","Housing","OP01","Pagi","NONE",123,9,45.6
2026-10-21,"B","Panel","OP01","Pagi","Color",121,3,47.1
2026-10-28,"B","Housing","OP03","Siang","Crack",117,9,52.9
2026-11-04,"B","Housing","OP02","Siang","Crack",120,9,51.3
2026-11-11,"B","Housing","OP02","Malam","NONE",116,12,50.2
2026-07-01,"C","Panel","OP06","Siang","Dimension",124,0,38.5
2026-07-08,"C","Panel","OP01","Pagi","Color",124,3,40.2
2026-07-15,"C","Bracket","OP04","Malam","NONE",114,1,47.1
2026-07-22,"C","Panel","OP05","Siang","Scratch",124,4,45.1
2026-07-29,"C","Panel","OP05","Malam","NONE",135,1,43.6
2026-08-05,"C","Housing","OP01","Siang","NONE",105,0,49.2
2026-08-12,"C","Bracket","OP05","Siang","Color",123,5,42
2026-08-19,"C","Panel","OP08","Siang","NONE",131,5,44.6
2026-08-26,"C","Bracket","OP03","Malam","NONE",123,4,44.2
2026-09-02,"C","Panel","OP04","Siang","NONE",131,2,40.2
2026-09-09,"C","Panel","OP05","Siang","NONE",114,1,46.5
2026-09-16,"C","Panel","OP04","Pagi","Crack",123,2,43.9
2026-09-23,"C","Panel","OP04","Pagi","NONE",124,3,46.3
2026-09-30,"C","Panel","OP01","Pagi","Dimension",119,1,45.6
2026-10-07,"C","Bracket","OP02","Pagi","NONE",133,2,45.2
2026-10-14,"C","Housing","OP08","Pagi","NONE",133,4,49.6
2026-10-21,"C","Bracket","OP04","Siang","Scratch",121,4,42
2026-10-28,"C","Housing","OP07","Pagi","NONE",125,7,46.5
2026-11-04,"C","Panel","OP05","Malam","NONE",121,1,46.9
2026-11-11,"C","Panel","OP07","Pagi","Dimension",120,5,41.2
2026-07-01,"A","Bracket","OP02","Siang","Color",124,6,45.5
2026-07-08,"A","Housing","OP01","Malam","Dimension",127,5,55.1
2026-07-15,"A","Panel","OP01","Malam","NONE",122,5,45.2
2026-07-22,"A","Bracket","OP04","Malam","Scratch",119,10,45.6
2026-07-29,"A","Panel","OP01","Siang","NONE",145,9,44.4
2026-08-05,"A","Panel","OP01","Pagi","NONE",132,2,44.1
2026-08-12,"A","Bracket","OP03","Siang","Crack",114,9,40.9
2026-08-19,"A","Bracket","OP04","Siang","NONE",121,8,46.4
2026-08-26,"A","Housing","OP01","Siang","Color",134,6,49.9
2026-09-02,"A","Bracket","OP02","Pagi","Color",129,2,41.3
2026-09-09,"A","Housing","OP04","Siang","Dimension",123,9,51.4
2026-09-16,"A","Bracket","OP08","Malam","Dimension",137,4,46.2
2026-09-23,"A","Bracket","OP08","Pagi","Color",123,0,39.5
2026-09-30,"A","Panel","OP07","Pagi","Dimension",126,3,41
2026-10-07,"A","Housing","OP05","Siang","NONE",115,2,48.8
2026-10-14,"A","Bracket","OP03","Malam","Color",121,6,41.7
2026-10-21,"A","Panel","OP05","Malam","NONE",127,8,45.2
2026-10-28,"A","Bracket","OP05","Malam","Dimension",119,7,47.5
2026-11-04,"A","Bracket","OP05","Pagi","NONE",142,6,40.2
2026-11-11,"A","Panel","OP05","Malam","Color",136,2,43.7
2026-07-01,"B","Bracket","OP07","Pagi","Scratch",117,11,47.2
2026-07-08,"B","Panel","OP01","Siang","Crack",129,11,47
2026-07-15,"B","Panel","OP06","Siang","Scratch",143,9,45.1
2026-07-22,"B","Bracket","OP01","Siang","Scratch",115,7,44.9
2026-07-29,"B","Bracket","OP06","Siang","Crack",130,8,42.6
2026-08-05,"B","Bracket","OP05","Pagi","Dimension",133,5,46.3
2026-08-12,"B","Bracket","OP06","Pagi","Dimension",107,5,45.4
2026-08-19,"B","Panel","OP04","Pagi","NONE",128,9,43.4
2026-08-26,"B","Panel","OP07","Malam","Crack",129,2,47.9
2026-09-02,"B","Bracket","OP05","Pagi","NONE",130,6,41.9
2026-09-09,"B","Panel","OP05","Malam","Scratch",118,4,47
2026-09-16,"B","Panel","OP04","Siang","NONE",139,5,46.3
2026-09-23,"B","Panel","OP03","Siang","NONE",131,7,44.1
2026-09-30,"B","Panel","OP02","Pagi","Scratch",126,20,47.5
2026-10-07,"B","Bracket","OP05","Siang","NONE",103,8,49.3
2026-10-14,"B","Panel","OP04","Pagi","NONE",118,7,45.5
2026-10-21,"B","Housing","OP06","Pagi","Scratch",90,4,50.7
2026-10-28,"B","Panel","OP06","Pagi","Crack",128,12,40.1
2026-11-04,"B","Panel","OP04","Pagi","Dimension",119,5,43.6
2026-11-11,"B","Bracket","OP04","Siang","Dimension",123,10,42.1
2026-07-01,"C","Panel","OP06","Malam","Dimension",119,2,46
2026-07-08,"C","Panel","OP06","Siang","Color",135,1,44
2026-07-15,"C","Panel","OP02","Pagi","Dimension",120,7,44.3
2026-07-22,"C","Bracket","OP01","Siang","NONE",123,4,47.2
2026-07-29,"C","Housing","OP04","Siang","NONE",123,1,50.1
2026-08-05,"C","Panel","OP08","Siang","Scratch",123,3,45.1
2026-08-12,"C","Panel","OP04","Pagi","Scratch",125,2,47.1
2026-08-19,"C","Panel","OP07","Pagi","Dimension",139,5,45.1
2026-08-26,"C","Panel","OP02","Malam","NONE",148,1,43.3
2026-09-02,"C","Panel","OP06","Pagi","Crack",110,3,43.4
2026-09-09,"C","Panel","OP01","Pagi","Scratch",121,4,44
2026-09-16,"C","Bracket","OP07","Malam","Dimension",133,8,45
2026-09-23,"C","Bracket","OP04","Pagi","NONE",138,2,41.9
2026-09-30,"C","Bracket","OP08","Malam","NONE",124,1,46.5
2026-10-07,"C","Panel","OP04","Pagi","Dimension",124,2,44.4
2026-10-14,"C","Bracket","OP05","Siang","Crack",124,4,42.9
2026-10-21,"C","Panel","OP06","Siang","NONE",133,1,40.6
2026-10-28,"C","Bracket","OP05","Pagi","Crack",124,3,43.5
2026-11-04,"C","Housing","OP02","Malam","Crack",117,4,50.2
2026-11-11,"C","Bracket","OP04","Malam","Crack",119,7,44.2
2026-07-01,"A","Bracket","OP05","Malam","NONE",117,7,41.1
2026-07-08,"A","Bracket","OP01","Siang","NONE",125,6,38.2
2026-07-15,"A","Panel","OP03","Malam","Crack",123,2,41.1
2026-07-22,"A","Housing","OP06","Siang","Dimension",135,8,44.3
2026-07-29,"A","Housing","OP07","Pagi","Dimension",118,4,44.2
2026-08-05,"A","Panel","OP08","Pagi","Dimension",122,0,44.4
2026-08-12,"A","Housing","OP07","Malam","NONE",123,2,46.3
2026-08-19,"A","Panel","OP04","Pagi","Dimension",133,4,40
2026-08-26,"A","Panel","OP07","Pagi","NONE",123,3,42.3
2026-09-02,"A","Bracket","OP02","Malam","NONE",127,6,44.5
2026-09-09,"A","Panel","OP08","Siang","Dimension",123,4,40.4
2026-09-16,"A","Bracket","OP04","Siang","Dimension",130,9,43.2
2026-09-23,"A","Bracket","OP05","Pagi","Dimension",132,6,41.4
2026-09-30,"A","Bracket","OP03","Pagi","Dimension",130,5,41.4
2026-10-07,"A","Bracket","OP03","Siang","NONE",119,2,43.3
2026-10-14,"A","Panel","OP04","Siang","Dimension",118,2,45
2026-10-21,"A","Housing","OP07","Pagi","Color",125,5,49.6
2026-10-28,"A","Housing","OP04","Pagi","NONE",120,5,48.3
2026-11-04,"A","Bracket","OP07","Pagi","Scratch",124,3,44
2026-11-11,"A","Housing","OP06","Pagi","Scratch",142,4,48.6
2026-07-01,"B","Panel","OP02","Pagi","Dimension",111,8,45.1
2026-07-08,"B","Panel","OP07","Malam","Dimension",126,1,49.7
2026-07-15,"B","Housing","OP01","Malam","Scratch",132,8,51.8
2026-07-22,"B","Panel","OP02","Pagi","Scratch",124,4,46.3
2026-07-29,"B","Panel","OP06","Malam","Dimension",122,7,46.8
2026-08-05,"B","Panel","OP01","Malam","Crack",129,8,45.7
2026-08-12,"B","Panel","OP08","Pagi","NONE",131,9,42.6
2026-08-19,"B","Housing","OP04","Malam","NONE",116,10,54.4
2026-08-26,"B","Bracket","OP05","Pagi","Crack",123,6,41
2026-09-02,"B","Housing","OP04","Pagi","Scratch",129,8,50.5
2026-09-09,"B","Panel","OP02","Malam","Crack",125,6,45.5
2026-09-16,"B","Bracket","OP01","Siang","NONE",107,3,42.7
2026-09-23,"B","Bracket","OP07","Pagi","NONE",132,12,45.3
2026-09-30,"B","Panel","OP08","Malam","Crack",137,3,44.7
2026-10-07,"B","Panel","OP03","Pagi","NONE",131,4,46.3
2026-10-14,"B","Bracket","OP06","Siang","Crack",125,3,44.6
2026-10-21,"B","Bracket","OP02","Malam","Scratch",130,8,50.2
2026-10-28,"B","Bracket","OP04","Pagi","NONE",117,7,42.4
2026-11-04,"B","Bracket","OP08","Pagi","NONE",122,11,42.5
2026-11-11,"B","Bracket","OP01","Siang","NONE",114,5,43.2
2026-07-01,"C","Panel","OP02","Malam","NONE",105,2,42.6
2026-07-08,"C","Panel","OP07","Siang","Crack",121,5,44.2
2026-07-15,"C","Bracket","OP07","Siang","Scratch",135,4,47.5
2026-07-22,"C","Housing","OP02","Pagi","Dimension",115,0,48.2
2026-07-29,"C","Panel","OP01","Pagi","Scratch",123,10,43.6
2026-08-05,"C","Housing","OP03","Malam","NONE",123,5,48.2
2026-08-12,"C","Bracket","OP04","Siang","NONE",133,2,45.9
2026-08-19,"C","Bracket","OP03","Malam","NONE",122,2,44
2026-08-26,"C","Panel","OP06","Pagi","Scratch",115,1,44.7
2026-09-02,"C","Housing","OP06","Malam","NONE",125,4,49.6
2026-09-09,"C","Panel","OP08","Siang","Dimension",138,8,46.9
2026-09-16,"C","Housing","OP06","Siang","NONE",129,1,47.8
2026-09-23,"C","Bracket","OP08","Malam","NONE",132,2,48.3
2026-09-30,"C","Panel","OP02","Siang","Scratch",126,4,45.5
2026-10-07,"C","Housing","OP06","Malam","Dimension",130,5,52.2
2026-10-14,"C","Housing","OP05","Malam","NONE",129,1,51.8
2026-10-21,"C","Housing","OP06","Malam","NONE",117,1,57.4
2026-10-28,"C","Housing","OP03","Pagi","Dimension",123,4,49.2
2026-11-04,"C","Bracket","OP06","Siang","NONE",128,2,40.7
2026-11-11,"C","Panel","OP07","Pagi","Color",125,6,46
2026-07-01,"A","Bracket","OP03","Siang","NONE",123,4,39.7
2026-07-08,"A","Bracket","OP05","Siang","Crack",129,4,41.3
2026-07-15,"A","Bracket","OP02","Pagi","Dimension",121,5,43.7
2026-07-22,"A","Bracket","OP06","Malam","Scratch",123,3,42.2
2026-07-29,"A","Panel","OP02","Siang","Scratch",130,2,43.8
2026-08-05,"A","Bracket","OP04","Malam","Scratch",124,2,44.4
2026-08-12,"A","Bracket","OP05","Siang","NONE",127,3,41.8
2026-08-19,"A","Panel","OP04","Pagi","NONE",139,3,46.8
2026-08-26,"A","Bracket","OP05","Siang","Crack",117,3,44.5
2026-09-02,"A","Housing","OP05","Pagi","NONE",123,9,48.2
2026-09-09,"A","Bracket","OP04","Siang","Crack",128,4,42.3
2026-09-16,"A","Panel","OP04","Malam","Scratch",128,6,43.1
2026-09-23,"A","Bracket","OP01","Pagi","Scratch",119,1,40.2
2026-09-30,"A","Panel","OP01","Pagi","NONE",126,11,44.5
2026-10-07,"A","Bracket","OP01","Siang","NONE",128,5,40.5
2026-10-14,"A","Bracket","OP05","Siang","NONE",132,4,40.7
2026-10-21,"A","Bracket","OP08","Siang","Dimension",127,2,42.1
2026-10-28,"A","Housing","OP06","Pagi","NONE",127,9,45.8
2026-11-04,"A","Panel","OP04","Pagi","Dimension",133,7,40.9
2026-11-11,"A","Panel","OP03","Siang","Scratch",128,2,39.9
2026-07-01,"B","Panel","OP01","Pagi","Scratch",134,7,43.2
2026-07-08,"B","Housing","OP03","Pagi","Color",128,5,49.5
2026-07-15,"B","Bracket","OP01","Siang","NONE",113,3,40.7
2026-07-22,"B","Bracket","OP06","Malam","Crack",129,5,42.4
2026-07-29,"B","Bracket","OP02","Pagi","NONE",133,7,42.1
2026-08-05,"B","Bracket","OP02","Siang","Crack",127,8,42.6
2026-08-12,"B","Bracket","OP03","Siang","Crack",127,4,46.1
2026-08-19,"B","Bracket","OP04","Malam","Color",131,9,46.6
2026-08-26,"B","Panel","OP04","Siang","Crack",140,10,46.5
2026-09-02,"B","Panel","OP01","Pagi","Dimension",99,6,41.8
2026-09-09,"B","Housing","OP08","Siang","Crack",130,15,52.1
2026-09-16,"B","Housing","OP06","Pagi","Scratch",127,8,48.8
2026-09-23,"B","Panel","OP07","Siang","Crack",109,9,47
2026-09-30,"B","Housing","OP05","Pagi","Crack",123,12,51.3
2026-10-07,"B","Panel","OP01","Pagi","Crack",131,1,44.3
2026-10-14,"B","Panel","OP02","Pagi","Scratch",129,8,45.7
2026-10-21,"B","Bracket","OP05","Pagi","NONE",128,8,44.5
2026-10-28,"B","Bracket","OP03","Pagi","Dimension",108,11,46.3
2026-11-04,"B","Bracket","OP03","Malam","Dimension",127,8,44
2026-11-11,"B","Bracket","OP05","Malam","Crack",135,9,42.7
2026-07-01,"C","Bracket","OP07","Siang","NONE",116,4,43.2
2026-07-08,"C","Housing","OP01","Malam","Dimension",115,5,52.4
2026-07-15,"C","Bracket","OP03","Pagi","NONE",123,3,42.6
2026-07-22,"C","Bracket","OP04","Siang","NONE",141,6,40.3
2026-07-29,"C","Bracket","OP05","Malam","NONE",109,2,42.1
2026-08-05,"C","Panel","OP04","Pagi","NONE",146,3,41.1
2026-08-12,"C","Housing","OP03","Malam","Color",130,5,51.9
2026-08-19,"C","Panel","OP04","Siang","NONE",130,5,44.1
2026-08-26,"C","Bracket","OP06","Malam","NONE",124,6,46.5
2026-09-02,"C","Panel","OP06","Siang","Scratch",128,1,39.2
2026-09-09,"C","Panel","OP08","Malam","Dimension",127,3,46.1
2026-09-16,"C","Panel","OP02","Pagi","NONE",129,6,43
2026-09-23,"C","Panel","OP05","Pagi","Color",123,4,46.8
2026-09-30,"C","Panel","OP06","Pagi","NONE",109,0,44.2
2026-10-07,"C","Housing","OP06","Siang","Color",118,0,51.5
2026-10-14,"C","Panel","OP04","Malam","NONE",129,5,43.2
2026-10-21,"C","Bracket","OP03","Pagi","NONE",108,1,42
2026-10-28,"C","Housing","OP05","Pagi","Scratch",129,3,51.5
2026-11-04,"C","Housing","OP03","Pagi","NONE",129,2,48.3
2026-11-11,"C","Housing","OP01","Malam","NONE",127,0,50.4
2026-07-01,"A","Panel","OP03","Malam","NONE",126,0,45.3
2026-07-08,"A","Bracket","OP07","Malam","Crack",115,2,42.9
2026-07-15,"A","Panel","OP06","Malam","Dimension",144,12,43.4
2026-07-22,"A","Panel","OP01","Pagi","NONE",117,3,44.8
2026-07-29,"A","Panel","OP02","Pagi","NONE",134,5,40.8
2026-08-05,"A","Bracket","OP08","Siang","NONE",132,7,38.3
2026-08-12,"A","Housing","OP05","Malam","Color",134,6,50.9
2026-08-19,"A","Panel","OP05","Malam","Color",126,8,45.3
2026-08-26,"A","Bracket","OP02","Malam","NONE",116,9,46.6
2026-09-02,"A","Panel","OP02","Siang","NONE",124,3,42.5
2026-09-09,"A","Bracket","OP07","Siang","Crack",129,4,42
2026-09-16,"A","Panel","OP06","Pagi","NONE",118,6,43.3
2026-09-23,"A","Panel","OP04","Malam","Scratch",132,9,49.2
2026-09-30,"A","Bracket","OP08","Malam","Crack",127,8,43.8
2026-10-07,"A","Bracket","OP03","Siang","Dimension",133,5,44.3
2026-10-14,"A","Bracket","OP06","Siang","Dimension",144,4,45.3
2026-10-21,"A","Bracket","OP01","Malam","Color",135,2,44
2026-10-28,"A","Bracket","OP08","Pagi","Scratch",131,5,39.1
2026-11-04,"A","Housing","OP02","Siang","NONE",130,2,52.6
2026-11-11,"A","Bracket","OP05","Pagi","Color",113,6,41.9
2026-07-01,"B","Panel","OP02","Siang","Dimension",132,7,46.1
2026-07-08,"B","Bracket","OP02","Malam","Crack",132,11,46.1
2026-07-15,"B","Panel","OP04","Siang","Scratch",127,13,49
2026-07-22,"B","Bracket","OP01","Siang","Scratch",125,1,42.6
2026-07-29,"B","Panel","OP02","Siang","Scratch",122,10,47
2026-08-05,"B","Panel","OP05","Pagi","Dimension",126,2,48.2
2026-08-12,"B","Bracket","OP06","Siang","NONE",132,5,46.2
2026-08-19,"B","Bracket","OP03","Malam","Scratch",128,8,45.9
2026-08-26,"B","Bracket","OP04","Siang","NONE",124,4,49.2
2026-09-02,"B","Panel","OP06","Pagi","Crack",119,9,48.5
2026-09-09,"B","Bracket","OP07","Malam","Color",133,3,46.5
2026-09-16,"B","Housing","OP04","Siang","Scratch",116,1,49.1
2026-09-23,"B","Bracket","OP05","Siang","Scratch",118,6,45.5
2026-09-30,"B","Bracket","OP05","Pagi","Dimension",128,5,48.6
2026-10-07,"B","Bracket","OP08","Pagi","Scratch",136,7,44.9
2026-10-14,"B","Housing","OP06","Siang","Scratch",131,12,52.1
2026-10-21,"B","Bracket","OP03","Siang","NONE",134,4,43.4
2026-10-28,"B","Panel","OP03","Malam","Crack",125,13,45
2026-11-04,"B","Panel","OP08","Siang","Scratch",139,6,52.3
2026-11-11,"B","Bracket","OP08","Siang","NONE",118,11,46.2
2026-07-01,"C","Housing","OP02","Pagi","NONE",115,0,47.2
2026-07-08,"C","Bracket","OP01","Pagi","NONE",140,7,43.4
2026-07-15,"C","Housing","OP06","Pagi","Color",140,5,48.8
2026-07-22,"C","Housing","OP05","Pagi","Scratch",128,1,45.3
2026-07-29,"C","Panel","OP06","Malam","NONE",136,2,46
2026-08-05,"C","Panel","OP06","Pagi","Crack",144,3,44.1
2026-08-12,"C","Bracket","OP04","Siang","Scratch",116,1,39.6
2026-08-19,"C","Panel","OP07","Malam","NONE",128,1,44.1
2026-08-26,"C","Bracket","OP07","Siang","Color",123,3,42.6
2026-09-02,"C","Bracket","OP07","Pagi","Color",128,4,41.2
2026-09-09,"C","Panel","OP04","Pagi","NONE",130,3,45.6
2026-09-16,"C","Bracket","OP07","Pagi","NONE",125,1,44.9
2026-09-23,"C","Bracket","OP06","Malam","NONE",132,2,43.6
2026-09-30,"C","Panel","OP03","Malam","Scratch",130,1,45.5
2026-10-07,"C","Bracket","OP06","Siang","Color",137,3,42.6
2026-10-14,"C","Housing","OP01","Pagi","NONE",115,3,49.6
2026-10-21,"C","Housing","OP02","Siang","NONE",132,7,49.4
2026-10-28,"C","Housing","OP02","Pagi","NONE",121,4,49.7
2026-11-04,"C","Panel","OP03","Pagi","NONE",119,4,43
2026-11-11,"C","Housing","OP08","Pagi","Scratch",129,4,50.2
2026-07-01,"A","Housing","OP03","Pagi","Color",116,1,49.2
2026-07-08,"A","Bracket","OP08","Pagi","Scratch",118,3,41.6
2026-07-15,"A","Bracket","OP01","Malam","Scratch",118,3,44.4
2026-07-22,"A","Bracket","OP06","Malam","Scratch",123,4,43.9
2026-07-29,"A","Housing","OP03","Pagi","Scratch",121,11,49.6
2026-08-05,"A","Bracket","OP07","Pagi","Dimension",119,4,41.2
2026-08-12,"A","Panel","OP07","Malam","NONE",126,5,48
2026-08-19,"A","Bracket","OP06","Siang","Crack",138,4,42.6
2026-08-26,"A","Housing","OP04","Pagi","Dimension",116,4,47.6
2026-09-02,"A","Housing","OP01","Malam","NONE",114,4,47.6
2026-09-09,"A","Housing","OP01","Siang","NONE",132,5,43.1
2026-09-16,"A","Bracket","OP06","Malam","NONE",124,6,41.3
2026-09-23,"A","Housing","OP04","Pagi","Dimension",135,3,48.8
2026-09-30,"A","Panel","OP03","Pagi","Dimension",142,3,43.4
2026-10-07,"A","Panel","OP03","Malam","NONE",127,1,43.8
2026-10-14,"A","Bracket","OP02","Malam","NONE",117,4,44.2
2026-10-21,"A","Panel","OP04","Siang","NONE",115,12,41.4
2026-10-28,"A","Bracket","OP05","Malam","Scratch",121,5,39.7
2026-11-04,"A","Panel","OP02","Malam","Color",127,3,47.6
2026-11-11,"A","Panel","OP06","Malam","NONE",143,8,41.3
2026-07-01,"B","Housing","OP08","Malam","NONE",135,5,49.6
2026-07-08,"B","Panel","OP06","Malam","NONE",112,6,47
2026-07-15,"B","Panel","OP04","Pagi","Color",128,7,45.4
2026-07-22,"B","Bracket","OP07","Siang","Scratch",122,17,41.6
2026-07-29,"B","Bracket","OP07","Pagi","NONE",142,6,44.4
2026-08-05,"B","Bracket","OP01","Malam","NONE",135,16,48.4
2026-08-12,"B","Housing","OP02","Pagi","Crack",113,11,52.4
2026-08-19,"B","Bracket","OP03","Pagi","Crack",136,10,45.2
2026-08-26,"B","Housing","OP01","Siang","Crack",114,10,44.1
2026-09-02,"B","Panel","OP06","Pagi","Scratch",128,10,44.2
2026-09-09,"B","Housing","OP04","Malam","NONE",119,6,50.4
2026-09-16,"B","Bracket","OP05","Pagi","Scratch",135,6,50.1
2026-09-23,"B","Panel","OP03","Siang","NONE",127,11,41.9
2026-09-30,"B","Bracket","OP02","Pagi","NONE",130,14,45.1
2026-10-07,"B","Housing","OP04","Malam","NONE",126,12,46.4
2026-10-14,"B","Bracket","OP06","Siang","Crack",117,7,42.7
2026-10-21,"B","Housing","OP08","Malam","Scratch",117,3,56.2
2026-10-28,"B","Bracket","OP08","Siang","NONE",131,6,43.9
2026-11-04,"B","Bracket","OP01","Pagi","Crack",118,12,43.6
2026-11-11,"B","Panel","OP04","Pagi","NONE",121,8,43.6
2026-07-01,"C","Panel","OP04","Pagi","NONE",117,0,46.4
2026-07-08,"C","Bracket","OP08","Malam","NONE",132,3,45.5
2026-07-15,"C","Housing","OP02","Pagi","Dimension",123,1,48.9
2026-07-22,"C","Panel","OP03","Malam","NONE",127,2,46.5
2026-07-29,"C","Bracket","OP06","Malam","Color",124,6,47.3
2026-08-05,"C","Panel","OP06","Malam","NONE",121,7,51
2026-08-12,"C","Housing","OP01","Malam","NONE",133,2,48.5
2026-08-19,"C","Housing","OP03","Siang","Dimension",126,4,50.7
2026-08-26,"C","Bracket","OP07","Malam","NONE",117,2,46.7
2026-09-02,"C","Housing","OP04","Pagi","Dimension",120,1,49.3
2026-09-09,"C","Bracket","OP07","Siang","NONE",119,10,41.6
2026-09-16,"C","Panel","OP07","Siang","Color",122,2,41.9
2026-09-23,"C","Panel","OP01","Malam","NONE",116,2,45.1
2026-09-30,"C","Panel","OP04","Siang","NONE",133,1,49.7
2026-10-07,"C","Housing","OP07","Siang","NONE",138,0,53.1
2026-10-14,"C","Bracket","OP06","Malam","NONE",136,1,44.7
2026-10-21,"C","Bracket","OP01","Siang","NONE",132,4,38.8
2026-10-28,"C","Panel","OP08","Siang","NONE",120,1,43.5
2026-11-04,"C","Bracket","OP01","Pagi","Color",124,1,42.8
2026-11-11,"C","Bracket","OP03","Siang","Dimension",121,1,43.3
2026-07-01,"A","Housing","OP05","Pagi","Crack",123,8,47.2
2026-07-08,"A","Panel","OP08","Siang","Dimension",127,4,40.4
2026-07-15,"A","Bracket","OP06","Malam","Dimension",136,9,47.2
2026-07-22,"A","Panel","OP08","Siang","NONE",130,1,44.1
2026-07-29,"A","Bracket","OP01","Siang","Dimension",134,8,49.2
2026-08-05,"A","Bracket","OP08","Siang","NONE",142,0,45
2026-08-12,"A","Housing","OP05","Pagi","NONE",134,1,48.6
2026-08-19,"A","Bracket","OP05","Siang","Color",131,8,45.1
2026-08-26,"A","Bracket","OP01","Malam","Crack",130,3,45.3
2026-09-02,"A","Bracket","OP02","Pagi","Scratch",126,3,42.1
2026-09-09,"A","Panel","OP07","Pagi","Crack",126,19,38.9
2026-09-16,"A","Bracket","OP07","Malam","Scratch",116,3,39
2026-09-23,"A","Panel","OP06","Malam","Color",122,7,45.3
2026-09-30,"A","Bracket","OP06","Siang","Scratch",126,4,39.1
2026-10-07,"A","Panel","OP08","Pagi","Scratch",138,4,47.8
2026-10-14,"A","Bracket","OP02","Pagi","Dimension",117,3,42.3
2026-10-21,"A","Housing","OP01","Siang","NONE",149,2,47.5
2026-10-28,"A","Bracket","OP06","Siang","NONE",138,9,44.4
2026-11-04,"A","Bracket","OP04","Siang","NONE",106,6,43.8
2026-11-11,"A","Housing","OP04","Pagi","NONE",129,7,49.9
2026-07-01,"B","Panel","OP02","Pagi","NONE",117,5,48.1
2026-07-08,"B","Panel","OP01","Malam","Crack",132,3,47.9
2026-07-15,"B","Bracket","OP03","Pagi","Crack",130,5,40.6
2026-07-22,"B","Bracket","OP01","Siang","Crack",133,7,44.2
2026-07-29,"B","Bracket","OP08","Malam","NONE",125,4,44.2
2026-08-05,"B","Panel","OP07","Siang","Crack",116,14,43.7
2026-08-12,"B","Bracket","OP02","Siang","Scratch",125,2,42.6
2026-08-19,"B","Housing","OP02","Malam","NONE",132,5,52.7
2026-08-26,"B","Panel","OP06","Siang","NONE",126,25,46.3
2026-09-02,"B","Bracket","OP04","Pagi","Crack",148,7,44.7
2026-09-09,"B","Panel","OP05","Malam","Color",120,7,48.3
2026-09-16,"B","Panel","OP04","Siang","Scratch",105,8,44.2
2026-09-23,"B","Panel","OP01","Pagi","Scratch",113,5,44.3
2026-09-30,"B","Bracket","OP01","Malam","Scratch",121,3,47.3
2026-10-07,"B","Bracket","OP02","Pagi","Scratch",120,9,46.9
2026-10-14,"B","Panel","OP08","Malam","NONE",126,7,47
2026-10-21,"B","Panel","OP02","Malam","NONE",127,6,48.2
2026-10-28,"B","Bracket","OP02","Pagi","Color",129,1,42.6
2026-11-04,"B","Bracket","OP06","Pagi","NONE",130,12,44.7
2026-11-11,"B","Bracket","OP05","Pagi","Scratch",132,12,46.4
2026-07-01,"C","Panel","OP02","Malam","NONE",109,7,40
2026-07-08,"C","Housing","OP05","Siang","Crack",142,4,47.7
2026-07-15,"C","Panel","OP02","Pagi","Color",122,9,41.3
2026-07-22,"C","Housing","OP05","Pagi","Crack",121,5,49.1
2026-07-29,"C","Housing","OP03","Pagi","Color",135,1,51.1
2026-08-05,"C","Bracket","OP03","Malam","Color",126,5,49.7
2026-08-12,"C","Bracket","OP07","Malam","NONE",123,2,40.5
2026-08-19,"C","Bracket","OP05","Pagi","NONE",115,2,42.1
2026-08-26,"C","Panel","OP06","Pagi","Scratch",120,3,41.9
2026-09-02,"C","Bracket","OP03","Pagi","Crack",109,2,44.9
2026-09-09,"C","Bracket","OP08","Siang","Crack",132,8,47.8
2026-09-16,"C","Panel","OP02","Pagi","Dimension",118,5,43.8
2026-09-23,"C","Bracket","OP07","Siang","Scratch",135,5,44.7
2026-09-30,"C","Panel","OP05","Siang","Crack",130,2,47
2026-10-07,"C","Housing","OP08","Siang","Color",105,4,48.7
2026-10-14,"C","Panel","OP04","Malam","Color",120,2,46.9
2026-10-21,"C","Panel","OP04","Malam","Dimension",134,3,51
2026-10-28,"C","Housing","OP02","Malam","NONE",131,8,51.5
2026-11-04,"C","Housing","OP03","Malam","NONE",122,1,48.4
2026-11-11,"C","Bracket","OP05","Pagi","NONE",128,2,42.9
2026-07-01,"A","Housing","OP06","Siang","Color",144,7,50.1
2026-07-08,"A","Housing","OP03","Siang","Color",123,8,47.9
2026-07-15,"A","Panel","OP05","Siang","Scratch",126,0,40.4
2026-07-22,"A","Housing","OP02","Siang","Color",118,3,49.5
2026-07-29,"A","Bracket","OP05","Siang","NONE",138,6,42.4
2026-08-05,"A","Panel","OP04","Pagi","Crack",121,3,48.2
2026-08-12,"A","Panel","OP01","Siang","NONE",126,7,38.6
2026-08-19,"A","Housing","OP07","Siang","Scratch",100,5,47.1
2026-08-26,"A","Panel","OP06","Siang","NONE",127,2,43.7
2026-09-02,"A","Housing","OP05","Siang","Dimension",129,5,47.1
2026-09-09,"A","Panel","OP03","Pagi","Dimension",127,6,44.2
2026-09-16,"A","Bracket","OP02","Pagi","NONE",119,7,44.6
2026-09-23,"A","Panel","OP02","Pagi","Scratch",140,7,43.1
2026-09-30,"A","Bracket","OP04","Malam","Color",140,1,45.1
2026-10-07,"A","Bracket","OP03","Siang","Scratch",129,5,43.1
2026-10-14,"A","Bracket","OP02","Malam","Crack",118,6,48
2026-10-21,"A","Panel","OP01","Malam","NONE",115,4,44.3
2026-10-28,"A","Bracket","OP03","Siang","Color",123,6,41.7
2026-11-04,"A","Panel","OP08","Pagi","Scratch",127,0,43.7
2026-11-11,"A","Panel","OP05","Malam","Color",124,6,45.7
2026-07-01,"B","Panel","OP02","Siang","Scratch",113,19,44.8
2026-07-08,"B","Bracket","OP04","Siang","Crack",126,4,43.7
2026-07-15,"B","Bracket","OP08","Siang","Crack",134,10,41.1
2026-07-22,"B","Housing","OP08","Pagi","Scratch",132,4,45.6
2026-07-29,"B","Panel","OP06","Pagi","Crack",97,6,45.3
2026-08-05,"B","Bracket","OP06","Siang","Dimension",130,9,45.7
2026-08-12,"B","Panel","OP06","Siang","NONE",130,3,43.2
2026-08-19,"B","Housing","OP02","Pagi","NONE",130,3,50.1
2026-08-26,"B","Bracket","OP07","Malam","Scratch",132,9,43
2026-09-02,"B","Bracket","OP03","Siang","Crack",118,4,44.2
2026-09-09,"B","Housing","OP05","Malam","NONE",124,15,53.1
2026-09-16,"B","Panel","OP07","Pagi","Dimension",110,1,43.6
2026-09-23,"B","Bracket","OP08","Pagi","Scratch",123,5,41.8
2026-09-30,"B","Housing","OP06","Siang","Dimension",123,11,55.8
2026-10-07,"B","Panel","OP05","Malam","Scratch",122,4,47.7
2026-10-14,"B","Bracket","OP05","Malam","NONE",124,10,45.5
2026-10-21,"B","Panel","OP05","Malam","NONE",117,11,48.4
2026-10-28,"B","Housing","OP05","Siang","Dimension",129,6,51.9
2026-11-04,"B","Housing","OP04","Malam","Scratch",139,6,55.2
2026-11-11,"B","Housing","OP04","Pagi","NONE",115,4,52
2026-07-01,"C","Bracket","OP03","Malam","NONE",126,2,45.6
2026-07-08,"C","Housing","OP03","Pagi","NONE",120,6,48.7
2026-07-15,"C","Bracket","OP02","Pagi","Scratch",139,2,42.2
2026-07-22,"C","Panel","OP05","Pagi","NONE",118,1,44.2
2026-07-29,"C","Housing","OP04","Siang","NONE",122,5,49.3
2026-08-05,"C","Bracket","OP08","Siang","NONE",126,3,43.3
2026-08-12,"C","Panel","OP08","Pagi","Color",134,6,41.2
2026-08-19,"C","Panel","OP07","Malam","NONE",125,3,46.6
2026-08-26,"C","Bracket","OP04","Pagi","NONE",118,3,42.2
2026-09-02,"C","Panel","OP07","Siang","Crack",102,4,43
2026-09-09,"C","Bracket","OP02","Pagi","NONE",129,2,41.8
2026-09-16,"C","Bracket","OP07","Pagi","NONE",135,2,43.4
2026-09-23,"C","Bracket","OP07","Malam","Dimension",116,6,48.5
2026-09-30,"C","Bracket","OP07","Malam","NONE",133,8,42.2
2026-10-07,"C","Panel","OP07","Malam","NONE",119,6,47.7
2026-10-14,"C","Panel","OP07","Malam","NONE",137,3,44.7
2026-10-21,"C","Panel","OP06","Malam","NONE",129,6,42.3
2026-10-28,"C","Housing","OP08","Pagi","NONE",126,1,50.8
2026-11-04,"C","Panel","OP04","Pagi","NONE",123,4,46.2
2026-11-11,"C","Panel","OP07","Siang","Scratch",134,5,44
2026-07-01,"A","Panel","OP04","Malam","Dimension",113,5,46.2
2026-07-08,"A","Bracket","OP07","Siang","Color",124,2,41.9
2026-07-15,"A","Bracket","OP01","Siang","NONE",122,2,43.6
2026-07-22,"A","Panel","OP01","Malam","NONE",125,5,41.5
2026-07-29,"A","Housing","OP05","Siang","NONE",124,8,49.6
2026-08-05,"A","Panel","OP07","Siang","Scratch",115,4,43.6
2026-08-12,"A","Bracket","OP08","Malam","Dimension",131,2,42.3
2026-08-19,"A","Bracket","OP04","Siang","Dimension",121,14,41.9
2026-08-26,"A","Panel","OP02","Pagi","NONE",124,5,43.9
2026-09-02,"A","Bracket","OP07","Siang","Dimension",132,5,36
2026-09-09,"A","Bracket","OP05","Malam","NONE",127,7,41.5
2026-09-16,"A","Panel","OP07","Pagi","NONE",113,4,43.8
2026-09-23,"A","Housing","OP06","Siang","NONE",125,8,51.4
2026-09-30,"A","Bracket","OP04","Siang","NONE",137,9,44
2026-10-07,"A","Bracket","OP06","Pagi","NONE",135,10,45
2026-10-14,"A","Panel","OP01","Malam","Crack",125,10,44
2026-10-21,"A","Panel","OP03","Siang","Scratch",133,2,43.8
2026-10-28,"A","Housing","OP03","Malam","Scratch",110,4,53.2
2026-11-04,"A","Bracket","OP01","Pagi","Scratch",137,6,41.7
2026-11-11,"A","Panel","OP02","Malam","Dimension",126,6,43
2026-07-01,"B","Housing","OP04","Malam","Crack",123,8,53.3
2026-07-08,"B","Panel","OP08","Siang","Dimension",114,5,41.9
2026-07-15,"B","Bracket","OP05","Pagi","Crack",129,6,42.8
2026-07-22,"B","Panel","OP04","Pagi","Color",134,10,45.8
2026-07-29,"B","Bracket","OP07","Siang","NONE",113,10,39.3
2026-08-05,"B","Housing","OP07","Siang","NONE",127,2,49.7
2026-08-12,"B","Panel","OP01","Siang","Scratch",125,12,42.2
2026-08-19,"B","Panel","OP04","Pagi","NONE",131,10,42.7
2026-08-26,"B","Housing","OP04","Siang","NONE",113,8,49.2
2026-09-02,"B","Bracket","OP01","Pagi","NONE",135,5,42.5
2026-09-09,"B","Housing","OP03","Siang","Color",131,7,50.6
2026-09-16,"B","Bracket","OP05","Malam","Crack",111,11,50.7
2026-09-23,"B","Bracket","OP08","Malam","NONE",126,8,47
2026-09-30,"B","Panel","OP05","Siang","NONE",119,7,42
2026-10-07,"B","Bracket","OP03","Siang","Dimension",110,2,45.4
2026-10-14,"B","Bracket","OP05","Siang","Crack",118,16,45.5
2026-10-21,"B","Bracket","OP03","Pagi","Dimension",127,4,46.2
2026-10-28,"B","Panel","OP02","Malam","Crack",133,5,49.3
2026-11-04,"B","Bracket","OP05","Siang","NONE",130,13,44.8
2026-11-11,"B","Panel","OP01","Malam","NONE",136,7,47.5
2026-07-01,"C","Panel","OP07","Pagi","NONE",132,3,42.5
2026-07-08,"C","Bracket","OP02","Pagi","NONE",112,4,47.7
2026-07-15,"C","Housing","OP02","Pagi","Color",119,0,51.3
2026-07-22,"C","Bracket","OP07","Pagi","Color",127,3,41.2
2026-07-29,"C","Bracket","OP05","Malam","Dimension",123,5,46.8
2026-08-05,"C","Bracket","OP07","Siang","NONE",139,4,45.3
2026-08-12,"C","Housing","OP07","Siang","NONE",136,4,47.6
2026-08-19,"C","Housing","OP04","Pagi","Dimension",119,3,47.9
2026-08-26,"C","Panel","OP07","Pagi","NONE",148,3,43.3
2026-09-02,"C","Bracket","OP06","Malam","Dimension",122,1,43.7
2026-09-09,"C","Housing","OP01","Pagi","Dimension",128,2,48.5
2026-09-16,"C","Bracket","OP03","Siang","NONE",116,2,40.8
2026-09-23,"C","Housing","OP08","Pagi","Dimension",130,1,46.9
2026-09-30,"C","Panel","OP05","Siang","Scratch",134,3,46.6
2026-10-07,"C","Bracket","OP07","Pagi","NONE",126,3,45.4
2026-10-14,"C","Housing","OP01","Siang","Dimension",124,3,47.2
2026-10-21,"C","Panel","OP06","Malam","NONE",114,3,43.3
2026-10-28,"C","Bracket","OP05","Siang","NONE",108,7,45.9
2026-11-04,"C","Bracket","OP05","Siang","Dimension",123,3,43
2026-11-11,"C","Bracket","OP05","Pagi","Scratch",109,1,41.8
2026-07-01,"A","Bracket","OP03","Siang","Dimension",112,4,41.2
2026-07-08,"A","Bracket","OP02","Malam","NONE",136,1,43.7
2026-07-15,"A","Bracket","OP04","Pagi","Color",126,5,40.2
2026-07-22,"A","Housing","OP08","Malam","Scratch",126,7,48.5
2026-07-29,"A","Housing","OP04","Siang","Dimension",122,4,49.3
2026-08-05,"A","Bracket","OP05","Malam","Crack",129,6,44.1
2026-08-12,"A","Bracket","OP07","Malam","Dimension",116,4,45.1
2026-08-19,"A","Bracket","OP04","Siang","Scratch",114,4,41.9
2026-08-26,"A","Panel","OP08","Malam","Scratch",117,4,45.7
2026-09-02,"A","Panel","OP05","Siang","NONE",120,3,40.8
2026-09-09,"A","Bracket","OP08","Pagi","NONE",135,7,43.9
2026-09-16,"A","Panel","OP07","Siang","NONE",121,6,40.3
2026-09-23,"A","Housing","OP03","Pagi","Scratch",122,9,48
2026-09-30,"A","Panel","OP02","Malam","Dimension",129,6,45.9
2026-10-07,"A","Panel","OP03","Malam","Crack",118,2,43
2026-10-14,"A","Panel","OP03","Siang","NONE",118,3,43.7
2026-10-21,"A","Bracket","OP08","Malam","Color",128,4,44.6
2026-10-28,"A","Panel","OP06","Pagi","NONE",136,5,45.8
2026-11-04,"A","Panel","OP06","Pagi","Color",127,8,39.8
2026-11-11,"A","Bracket","OP05","Siang","NONE",126,2,42.9
2026-07-01,"B","Bracket","OP07","Siang","NONE",110,4,43
2026-07-08,"B","Housing","OP02","Pagi","Crack",116,12,53.6
2026-07-15,"B","Panel","OP06","Malam","Scratch",122,1,49.1
2026-07-22,"B","Bracket","OP07","Siang","Crack",132,5,48
2026-07-29,"B","Bracket","OP02","Siang","Crack",117,9,45.4
2026-08-05,"B","Panel","OP01","Pagi","Crack",125,6,42.6
2026-08-12,"B","Panel","OP08","Siang","NONE",109,9,49.5
2026-08-19,"B","Bracket","OP07","Pagi","Crack",113,1,42.7
2026-08-26,"B","Bracket","OP05","Malam","Crack",117,7,44.8
2026-09-02,"B","Bracket","OP02","Malam","Dimension",106,3,43.9
2026-09-09,"B","Panel","OP06","Siang","Scratch",118,8,46.7
2026-09-16,"B","Panel","OP02","Pagi","Color",119,7,48
2026-09-23,"B","Housing","OP08","Pagi","Color",126,10,52
2026-09-30,"B","Panel","OP01","Pagi","Crack",120,8,45.8
2026-10-07,"B","Bracket","OP05","Siang","NONE",121,9,45.7
2026-10-14,"B","Bracket","OP06","Siang","Dimension",129,12,41.8
2026-10-21,"B","Panel","OP03","Malam","Crack",142,6,44.1
2026-10-28,"B","Housing","OP03","Siang","Scratch",132,4,51
2026-11-04,"B","Bracket","OP08","Pagi","NONE",135,8,46.1
2026-11-11,"B","Panel","OP02","Pagi","Crack",114,0,44.2
2026-07-01,"C","Panel","OP06","Pagi","Dimension",125,6,44.9
2026-07-08,"C","Panel","OP02","Malam","Dimension",139,2,48.1
2026-07-15,"C","Panel","OP06","Malam","Dimension",118,3,46
2026-07-22,"C","Housing","OP04","Pagi","NONE",121,5,43.2
2026-07-29,"C","Panel","OP05","Pagi","Dimension",124,5,40.3
2026-08-05,"C","Panel","OP08","Pagi","Crack",132,3,44.4
2026-08-12,"C","Panel","OP06","Pagi","NONE",130,8,49.4
2026-08-19,"C","Housing","OP05","Pagi","Crack",131,1,49.3
2026-08-26,"C","Housing","OP01","Malam","Crack",125,6,54.3
2026-09-02,"C","Housing","OP02","Malam","NONE",119,4,51
2026-09-09,"C","Bracket","OP03","Malam","Color",129,4,45.1
2026-09-16,"C","Panel","OP08","Siang","NONE",134,4,44.2
2026-09-23,"C","Bracket","OP05","Siang","NONE",132,7,38.9
2026-09-30,"C","Bracket","OP05","Pagi","NONE",109,2,45.4
2026-10-07,"C","Panel","OP03","Siang","NONE",124,3,47.4
2026-10-14,"C","Panel","OP07","Malam","NONE",140,2,44.1
2026-10-21,"C","Housing","OP03","Siang","NONE",113,1,50.5
2026-10-28,"C","Panel","OP02","Malam","Color",121,6,46.3
2026-11-04,"C","Housing","OP08","Malam","NONE",133,5,53.6
2026-11-11,"C","Panel","OP04","Malam","NONE",127,3,43.1
2026-07-01,"A","Housing","OP04","Malam","Scratch",130,10,47.2
2026-07-08,"A","Bracket","OP07","Siang","Dimension",130,7,42.8
2026-07-15,"A","Bracket","OP08","Siang","Dimension",129,7,41.8
2026-07-22,"A","Bracket","OP06","Malam","NONE",123,5,42.3
2026-07-29,"A","Bracket","OP05","Pagi","NONE",117,2,44
2026-08-05,"A","Bracket","OP01","Siang","Color",113,4,42
2026-08-12,"A","Panel","OP06","Malam","NONE",115,3,42
2026-08-19,"A","Bracket","OP08","Siang","NONE",123,2,42.4
2026-08-26,"A","Panel","OP06","Malam","NONE",122,5,47
2026-09-02,"A","Bracket","OP01","Malam","Color",128,6,43
2026-09-09,"A","Panel","OP04","Siang","NONE",131,6,43.3
2026-09-16,"A","Bracket","OP05","Malam","Scratch",124,10,46.3
2026-09-23,"A","Panel","OP06","Siang","Dimension",140,5,43.9
2026-09-30,"A","Housing","OP06","Pagi","NONE",118,7,45.6
2026-10-07,"A","Panel","OP01","Pagi","NONE",129,2,44.1
2026-10-14,"A","Housing","OP01","Pagi","NONE",141,5,48.6
2026-10-21,"A","Bracket","OP04","Malam","Scratch",140,7,40.8
2026-10-28,"A","Panel","OP02","Pagi","NONE",125,2,45.1
2026-11-04,"A","Bracket","OP04","Malam","NONE",125,5,42.7
2026-11-11,"A","Housing","OP03","Malam","NONE",103,5,50.7
2026-07-01,"B","Housing","OP08","Malam","Dimension",123,9,52.3
2026-07-08,"B","Bracket","OP03","Pagi","NONE",136,10,42
2026-07-15,"B","Housing","OP04","Pagi","NONE",127,10,49.4
2026-07-22,"B","Bracket","OP04","Malam","Dimension",119,9,45.8
2026-07-29,"B","Panel","OP06","Pagi","Crack",135,6,45.6
2026-08-05,"B","Bracket","OP03","Pagi","Scratch",126,4,46.4
2026-08-12,"B","Panel","OP07","Pagi","Scratch",118,9,46.8
2026-08-19,"B","Housing","OP07","Pagi","NONE",122,1,49.3
2026-08-26,"B","Bracket","OP05","Pagi","NONE",114,6,44
2026-09-02,"B","Housing","OP06","Pagi","Dimension",130,18,49.5
2026-09-09,"B","Bracket","OP02","Malam","Scratch",127,2,46.6
2026-09-16,"B","Bracket","OP03","Pagi","NONE",119,6,43.4
2026-09-23,"B","Housing","OP05","Pagi","NONE",122,9,47.7
2026-09-30,"B","Housing","OP07","Malam","Dimension",107,7,51.8
2026-10-07,"B","Bracket","OP01","Pagi","Crack",130,8,47.4
2026-10-14,"B","Bracket","OP04","Siang","Dimension",122,9,43.9
2026-10-21,"B","Panel","OP02","Siang","Scratch",147,1,45.6
2026-10-28,"B","Housing","OP01","Pagi","Dimension",131,8,48.8
2026-11-04,"B","Panel","OP02","Pagi","Dimension",123,3,47.5
2026-11-11,"B","Bracket","OP03","Malam","NONE",122,8,46.2
2026-07-01,"C","Bracket","OP05","Malam","Scratch",136,1,43.1
2026-07-08,"C","Panel","OP01","Siang","Scratch",116,1,44.4
2026-07-15,"C","Bracket","OP03","Siang","Scratch",107,4,40.7
2026-07-22,"C","Panel","OP07","Siang","NONE",130,5,38.5
2026-07-29,"C","Bracket","OP01","Pagi","Scratch",134,3,42.9
2026-08-05,"C","Bracket","OP01","Malam","Crack",126,3,42.8
2026-08-12,"C","Housing","OP01","Malam","Dimension",125,2,49.8
2026-08-19,"C","Panel","OP06","Pagi","NONE",118,2,43.3
2026-08-26,"C","Panel","OP01","Siang","Color",124,4,42
2026-09-02,"C","Panel","OP08","Siang","Color",123,7,43.5
2026-09-09,"C","Housing","OP02","Malam","Crack",119,3,51.5
2026-09-16,"C","Bracket","OP04","Malam","NONE",124,5,50
2026-09-23,"C","Panel","OP05","Siang","NONE",126,2,44.1
2026-09-30,"C","Bracket","OP08","Siang","NONE",126,6,41.7
2026-10-07,"C","Panel","OP08","Siang","Dimension",131,7,44.3
2026-10-14,"C","Bracket","OP03","Pagi","Dimension",115,5,41.5
2026-10-21,"C","Panel","OP08","Siang","Color",138,6,44.4
2026-10-28,"C","Bracket","OP07","Pagi","Dimension",122,4,44.1
2026-11-04,"C","Bracket","OP05","Pagi","NONE",125,1,42.2
2026-11-11,"C","Panel","OP05","Malam","NONE",129,2,43.7
2026-07-01,"A","Bracket","OP05","Pagi","NONE",125,13,41.4
2026-07-08,"A","Housing","OP05","Siang","NONE",122,6,47.3
2026-07-15,"A","Bracket","OP04","Siang","Scratch",128,3,43.6
2026-07-22,"A","Bracket","OP03","Siang","NONE",133,2,42.3
2026-07-29,"A","Bracket","OP01","Malam","Dimension",118,3,42
2026-08-05,"A","Panel","OP05","Pagi","NONE",130,3,41.5
2026-08-12,"A","Bracket","OP04","Malam","Color",122,4,43.7
2026-08-19,"A","Panel","OP06","Malam","NONE",114,3,45.7
2026-08-26,"A","Housing","OP07","Siang","Scratch",120,0,45.3
2026-09-02,"A","Panel","OP02","Siang","Dimension",117,2,43.9
2026-09-09,"A","Housing","OP01","Pagi","Dimension",127,3,46.5
2026-09-16,"A","Housing","OP04","Pagi","Dimension",132,6,49.9
2026-09-23,"A","Bracket","OP05","Pagi","Color",128,1,42.7
2026-09-30,"A","Housing","OP05","Malam","Scratch",126,10,47.6
2026-10-07,"A","Panel","OP06","Siang","NONE",130,8,42.2
2026-10-14,"A","Bracket","OP04","Malam","Color",135,4,42.9
2026-10-21,"A","Panel","OP05","Siang","NONE",122,6,39.5
2026-10-28,"A","Bracket","OP04","Siang","Crack",104,6,44.3
2026-11-04,"A","Panel","OP04","Pagi","Color",116,1,44.7
2026-11-11,"A","Panel","OP01","Pagi","Color",145,5,41.1
2026-07-01,"B","Housing","OP05","Malam","Color",126,13,54
2026-07-08,"B","Panel","OP05","Siang","NONE",120,9,44
2026-07-15,"B","Housing","OP06","Malam","Scratch",131,11,52
2026-07-22,"B","Panel","OP02","Pagi","NONE",130,8,44.2
2026-07-29,"B","Panel","OP05","Pagi","Dimension",132,5,40.2
2026-08-05,"B","Panel","OP03","Siang","Color",130,11,43
2026-08-12,"B","Panel","OP07","Siang","Crack",124,13,44.6
2026-08-19,"B","Housing","OP08","Pagi","Scratch",130,16,47.9
2026-08-26,"B","Bracket","OP08","Siang","Crack",117,8,43
2026-09-02,"B","Housing","OP06","Malam","Crack",119,7,51.5
2026-09-09,"B","Housing","OP02","Pagi","Crack",117,15,49.3
2026-09-16,"B","Bracket","OP03","Pagi","Crack",110,6,43.7
2026-09-23,"B","Housing","OP03","Malam","Crack",117,9,54.1
2026-09-30,"B","Panel","OP04","Pagi","NONE",121,6,47.5
2026-10-07,"B","Bracket","OP03","Pagi","Dimension",122,16,47.1
2026-10-14,"B","Panel","OP01","Malam","Color",120,6,45.3
2026-10-21,"B","Housing","OP07","Siang","NONE",128,8,49.7
2026-10-28,"B","Housing","OP06","Pagi","NONE",129,9,51.5
2026-11-04,"B","Bracket","OP08","Pagi","Crack",125,8,47.3
2026-11-11,"B","Housing","OP08","Siang","Crack",114,8,52.9
2026-07-01,"C","Panel","OP05","Malam","Dimension",130,6,49.3
2026-07-08,"C","Housing","OP05","Siang","Scratch",125,5,47.9
2026-07-15,"C","Bracket","OP04","Siang","NONE",121,4,42.4
2026-07-22,"C","Bracket","OP03","Pagi","Scratch",121,1,47.8
2026-07-29,"C","Bracket","OP03","Pagi","NONE",129,1,42.6
2026-08-05,"C","Housing","OP06","Siang","Color",112,1,49.1
2026-08-12,"C","Housing","OP03","Siang","Scratch",128,4,45.4
2026-08-19,"C","Housing","OP02","Pagi","Dimension",117,5,50.1
2026-08-26,"C","Housing","OP01","Pagi","Color",105,7,49.2
2026-09-02,"C","Housing","OP05","Malam","Scratch",141,4,51.3
2026-09-09,"C","Bracket","OP08","Malam","NONE",133,6,46.4
2026-09-16,"C","Panel","OP04","Malam","NONE",137,5,48.6
2026-09-23,"C","Housing","OP06","Siang","NONE",106,4,47.2
2026-09-30,"C","Panel","OP02","Siang","NONE",108,5,48
2026-10-07,"C","Bracket","OP07","Siang","Dimension",128,3,46.2
2026-10-14,"C","Bracket","OP04","Siang","Color",115,4,43.1
2026-10-21,"C","Panel","OP02","Pagi","Dimension",120,3,38.7
2026-10-28,"C","Housing","OP04","Malam","NONE",123,5,48.9
2026-11-04,"C","Panel","OP08","Malam","Dimension",120,0,45.5
2026-11-11,"C","Housing","OP06","Pagi","NONE",108,6,45.4
2026-07-01,"A","Bracket","OP04","Siang","Color",123,8,38.7
2026-07-08,"A","Housing","OP01","Pagi","Dimension",117,2,45.3
2026-07-15,"A","Panel","OP04","Malam","NONE",119,6,47.5
2026-07-22,"A","Bracket","OP03","Pagi","Scratch",131,1,38.9
2026-07-29,"A","Panel","OP01","Pagi","Dimension",123,3,45.1
2026-08-05,"A","Panel","OP04","Pagi","Dimension",119,5,42.3
2026-08-12,"A","Housing","OP06","Siang","Scratch",124,2,46.2
2026-08-19,"A","Bracket","OP07","Siang","NONE",117,9,42.8
2026-08-26,"A","Housing","OP04","Pagi","Scratch",111,3,47.8
2026-09-02,"A","Housing","OP02","Pagi","Scratch",116,3,45.1
2026-09-09,"A","Housing","OP07","Siang","NONE",133,2,47.5
2026-09-16,"A","Housing","OP04","Pagi","NONE",129,3,49.4
2026-09-23,"A","Bracket","OP07","Siang","Scratch",125,5,38.3
2026-09-30,"A","Panel","OP01","Siang","Scratch",129,4,41.5
2026-10-07,"A","Panel","OP03","Siang","NONE",109,6,42.1
2026-10-14,"A","Panel","OP03","Pagi","NONE",131,4,45.6
2026-10-21,"A","Housing","OP07","Siang","Color",138,6,51.1
2026-10-28,"A","Bracket","OP03","Pagi","NONE",126,5,40.7
2026-11-04,"A","Housing","OP06","Malam","Scratch",125,6,47.9
2026-11-11,"A","Panel","OP08","Pagi","Scratch",131,4,43.7
2026-07-01,"B","Housing","OP02","Pagi","Color",128,13,54.2
2026-07-08,"B","Panel","OP05","Pagi","NONE",132,8,45.9
2026-07-15,"B","Bracket","OP02","Pagi","Dimension",125,5,46.3
2026-07-22,"B","Panel","OP07","Malam","Dimension",129,13,46.6
2026-07-29,"B","Panel","OP07","Siang","Scratch",144,7,44.3
2026-08-05,"B","Housing","OP07","Siang","Crack",117,9,47.9
2026-08-12,"B","Bracket","OP08","Malam","Crack",129,4,46.6
2026-08-19,"B","Housing","OP01","Malam","Dimension",130,6,53.1
2026-08-26,"B","Bracket","OP07","Siang","NONE",134,7,43.1
2026-09-02,"B","Housing","OP05","Malam","NONE",110,7,53.5
2026-09-09,"B","Panel","OP08","Siang","Scratch",127,7,43.2
2026-09-16,"B","Panel","OP03","Pagi","Scratch",133,13,45.6
2026-09-23,"B","Housing","OP05","Malam","Crack",113,5,52.8
2026-09-30,"B","Panel","OP07","Siang","NONE",112,4,40
2026-10-07,"B","Bracket","OP08","Siang","Dimension",121,10,44.3
2026-10-14,"B","Bracket","OP02","Malam","Crack",106,2,48.7
2026-10-21,"B","Bracket","OP08","Pagi","NONE",134,5,44.2
2026-10-28,"B","Housing","OP04","Pagi","Scratch",139,5,47.5
2026-11-04,"B","Panel","OP04","Siang","NONE",123,14,47.2
2026-11-11,"B","Bracket","OP03","Siang","Crack",126,7,47.8
2026-07-01,"C","Panel","OP04","Pagi","NONE",117,5,48
2026-07-08,"C","Panel","OP03","Siang","Dimension",127,2,44.3
2026-07-15,"C","Housing","OP03","Pagi","Dimension",125,9,47.2
2026-07-22,"C","Panel","OP06","Pagi","NONE",126,1,46.9
2026-07-29,"C","Housing","OP04","Siang","Dimension",137,4,48.7
2026-08-05,"C","Bracket","OP03","Siang","Crack",125,4,40.8
2026-08-12,"C","Bracket","OP02","Malam","NONE",121,3,49.3
2026-08-19,"C","Bracket","OP04","Siang","Dimension",111,0,38.8
2026-08-26,"C","Bracket","OP08","Pagi","Scratch",117,5,44
2026-09-02,"C","Housing","OP08","Siang","Color",137,10,51.6
2026-09-09,"C","Housing","OP05","Pagi","Dimension",129,4,51.2
2026-09-16,"C","Housing","OP01","Siang","Scratch",121,5,50
2026-09-23,"C","Bracket","OP05","Siang","NONE",130,10,42.3
2026-09-30,"C","Housing","OP05","Siang","NONE",132,1,51
2026-10-07,"C","Bracket","OP03","Pagi","Scratch",117,4,42.5
2026-10-14,"C","Panel","OP04","Malam","NONE",126,3,49.9
2026-10-21,"C","Bracket","OP02","Malam","NONE",129,6,47.2
2026-10-28,"C","Panel","OP05","Malam","NONE",129,2,47.7
2026-11-04,"C","Panel","OP02","Malam","Scratch",129,2,42.8
2026-11-11,"C","Housing","OP01","Pagi","Dimension",136,4,51.9
