"Tanggal","Produk","Permintaan","Aterpen","StokBegint","StokEnd","Stockout","Defisit"
2025-01-01,"P-01",7,0,144,137,0,0
2025-01-01,"P-02",5,0,198,193,0,0
2025-01-01,"P-03",26,0,660,634,0,0
2025-01-01,"P-04",39,0,840,801,0,0
2025-01-01,"P-05",51,0,2255,2204,0,0
2025-01-01,"P-06",49,0,2600,2551,0,0
2025-01-02,"P-01",21,0,137,116,0,0
2025-01-02,"P-02",7,0,193,186,0,0
2025-01-02,"P-03",29,0,634,605,0,0
2025-01-02,"P-04",38,0,801,763,0,0
2025-01-02,"P-05",53,0,2204,2151,0,0
2025-01-02,"P-06",49,0,2551,2502,0,0
2025-01-03,"P-01",3,0,116,113,0,0
2025-01-03,"P-02",4,0,186,182,0,0
2025-01-03,"P-03",27,0,605,578,0,0
2025-01-03,"P-04",45,0,763,718,0,0
2025-01-03,"P-05",52,0,2151,2099,0,0
2025-01-03,"P-06",65,0,2502,2437,0,0
2025-01-04,"P-01",14,0,113,99,0,0
2025-01-04,"P-02",14,0,182,168,0,0
2025-01-04,"P-03",31,0,578,547,0,0
2025-01-04,"P-04",41,0,718,677,0,0
2025-01-04,"P-05",56,0,2099,2043,0,0
2025-01-04,"P-06",55,0,2437,2382,0,0
2025-01-06,"P-01",15,0,99,84,0,0
2025-01-06,"P-02",13,0,168,155,0,0
2025-01-06,"P-03",29,0,547,518,0,0
2025-01-06,"P-04",45,0,677,632,0,0
2025-01-06,"P-05",44,0,2043,1999,0,0
2025-01-06,"P-06",63,0,2382,2319,0,0
2025-01-07,"P-01",10,0,84,74,0,0
2025-01-07,"P-02",9,0,155,146,0,0
2025-01-07,"P-03",34,0,518,484,0,0
2025-01-07,"P-04",32,0,632,600,0,0
2025-01-07,"P-05",50,0,1999,1949,0,0
2025-01-07,"P-06",62,0,2319,2257,0,0
2025-01-08,"P-01",4,0,74,70,0,0
2025-01-08,"P-02",9,0,146,137,0,0
2025-01-08,"P-03",34,0,484,450,0,0
2025-01-08,"P-04",36,0,600,564,0,0
2025-01-08,"P-05",53,0,1949,1896,0,0
2025-01-08,"P-06",75,0,2257,2182,0,0
2025-01-09,"P-01",2,0,70,68,0,0
2025-01-09,"P-02",2,0,137,135,0,0
2025-01-09,"P-03",21,0,450,429,0,0
2025-01-09,"P-04",38,0,564,526,0,0
2025-01-09,"P-05",55,0,1896,1841,0,0
2025-01-09,"P-06",73,0,2182,2109,0,0
2025-01-10,"P-01",2,0,68,66,0,0
2025-01-10,"P-02",2,0,135,133,0,0
2025-01-10,"P-03",41,0,429,388,0,0
2025-01-10,"P-04",44,0,526,482,0,0
2025-01-10,"P-05",55,0,1841,1786,0,0
2025-01-10,"P-06",73,0,2109,2036,0,0
2025-01-11,"P-01",3,42,108,105,0,0
2025-01-11,"P-02",4,0,133,129,0,0
2025-01-11,"P-03",17,0,388,371,0,0
2025-01-11,"P-04",42,0,482,440,0,0
2025-01-11,"P-05",58,0,1786,1728,0,0
2025-01-11,"P-06",54,0,2036,1982,0,0
2025-01-13,"P-01",8,0,105,97,0,0
2025-01-13,"P-02",1,0,129,128,0,0
2025-01-13,"P-03",33,0,371,338,0,0
2025-01-13,"P-04",37,0,440,403,0,0
2025-01-13,"P-05",66,0,1728,1662,0,0
2025-01-13,"P-06",58,0,1982,1924,0,0
2025-01-14,"P-01",2,0,97,95,0,0
2025-01-14,"P-02",17,0,128,111,0,0
2025-01-14,"P-03",31,0,338,307,0,0
2025-01-14,"P-04",28,0,403,375,0,0
2025-01-14,"P-05",43,0,1662,1619,0,0
2025-01-14,"P-06",66,455,2379,2313,0,0
2025-01-15,"P-01",4,0,95,91,0,0
2025-01-15,"P-02",30,0,111,81,0,0
2025-01-15,"P-03",24,0,307,283,0,0
2025-01-15,"P-04",45,0,375,330,0,0
2025-01-15,"P-05",61,0,1619,1558,0,0
2025-01-15,"P-06",59,0,2313,2254,0,0
2025-01-16,"P-01",3,0,91,88,0,0
2025-01-16,"P-02",17,0,81,64,0,0
2025-01-16,"P-03",29,0,283,254,0,0
2025-01-16,"P-04",44,280,610,566,0,0
2025-01-16,"P-05",52,385,1943,1891,0,0
2025-01-16,"P-06",56,0,2254,2198,0,0
2025-01-17,"P-01",5,0,88,83,0,0
2025-01-17,"P-02",4,0,64,60,0,0
2025-01-17,"P-03",33,0,254,221,0,0
2025-01-17,"P-04",46,0,566,520,0,0
2025-01-17,"P-05",45,0,1891,1846,0,0
2025-01-17,"P-06",62,0,2198,2136,0,0
2025-01-18,"P-01",7,0,83,76,0,0
2025-01-18,"P-02",6,0,60,54,0,0
2025-01-18,"P-03",27,210,431,404,0,0
2025-01-18,"P-04",43,0,520,477,0,0
2025-01-18,"P-05",52,0,1846,1794,0,0
2025-01-18,"P-06",63,0,2136,2073,0,0
2025-01-20,"P-01",5,0,76,71,0,0
2025-01-20,"P-02",8,0,54,46,0,0
2025-01-20,"P-03",36,0,404,368,0,0
2025-01-20,"P-04",46,0,477,431,0,0
2025-01-20,"P-05",50,0,1794,1744,0,0
2025-01-20,"P-06",70,0,2073,2003,0,0
2025-01-21,"P-01",21,0,71,50,0,0
2025-01-21,"P-02",0,0,46,46,0,0
2025-01-21,"P-03",29,0,368,339,0,0
2025-01-21,"P-04",46,0,431,385,0,0
2025-01-21,"P-05",61,0,1744,1683,0,0
2025-01-21,"P-06",65,0,2003,1938,0,0
2025-01-22,"P-01",4,0,50,46,0,0
2025-01-22,"P-02",21,0,46,25,0,0
2025-01-22,"P-03",32,0,339,307,0,0
2025-01-22,"P-04",43,0,385,342,0,0
2025-01-22,"P-05",53,0,1683,1630,0,0
2025-01-22,"P-06",56,0,1938,1882,0,0
2025-01-23,"P-01",8,0,46,38,0,0
2025-01-23,"P-02",14,0,25,11,0,0
2025-01-23,"P-03",26,0,307,281,0,0
2025-01-23,"P-04",49,280,622,573,0,0
2025-01-23,"P-05",46,0,1630,1584,0,0
2025-01-23,"P-06",64,455,2337,2273,0,0
2025-01-24,"P-01",13,0,38,25,0,0
2025-01-24,"P-02",3,0,11,8,0,0
2025-01-24,"P-03",33,0,281,248,0,0
2025-01-24,"P-04",39,0,573,534,0,0
2025-01-24,"P-05",51,0,1584,1533,0,0
2025-01-24,"P-06",63,0,2273,2210,0,0
2025-01-25,"P-01",9,0,25,16,0,0
2025-01-25,"P-02",12,63,71,59,0,0
2025-01-25,"P-03",37,210,458,421,0,0
2025-01-25,"P-04",45,0,534,489,0,0
2025-01-25,"P-05",55,0,1533,1478,0,0
2025-01-25,"P-06",70,0,2210,2140,0,0
2025-01-27,"P-01",3,42,58,55,0,0
2025-01-27,"P-02",18,0,59,41,0,0
2025-01-27,"P-03",26,0,421,395,0,0
2025-01-27,"P-04",35,0,489,454,0,0
2025-01-27,"P-05",48,385,1863,1815,0,0
2025-01-27,"P-06",68,0,2140,2072,0,0
2025-01-28,"P-01",13,0,55,42,0,0
2025-01-28,"P-02",8,0,41,33,0,0
2025-01-28,"P-03",36,0,395,359,0,0
2025-01-28,"P-04",36,0,454,418,0,0
2025-01-28,"P-05",48,0,1815,1767,0,0
2025-01-28,"P-06",69,455,2527,2458,0,0
2025-01-29,"P-01",5,0,42,37,0,0
2025-01-29,"P-02",5,63,96,91,0,0
2025-01-29,"P-03",23,0,359,336,0,0
2025-01-29,"P-04",36,0,418,382,0,0
2025-01-29,"P-05",55,385,2152,2097,0,0
2025-01-29,"P-06",62,0,2458,2396,0,0
2025-01-30,"P-01",8,0,37,29,0,0
2025-01-30,"P-02",6,0,91,85,0,0
2025-01-30,"P-03",37,0,336,299,0,0
2025-01-30,"P-04",40,0,382,342,0,0
2025-01-30,"P-05",48,0,2097,2049,0,0
2025-01-30,"P-06",58,0,2396,2338,0,0
2025-01-31,"P-01",8,0,29,21,0,0
2025-01-31,"P-02",9,0,85,76,0,0
2025-01-31,"P-03",32,210,509,477,0,0
2025-01-31,"P-04",44,0,342,298,0,0
2025-01-31,"P-05",59,0,2049,1990,0,0
2025-01-31,"P-06",62,0,2338,2276,0,0
2025-02-01,"P-01",6,0,21,15,0,0
2025-02-01,"P-02",14,0,76,62,0,0
2025-02-01,"P-03",30,0,477,447,0,0
2025-02-01,"P-04",47,280,578,531,0,0
2025-02-01,"P-05",52,0,1990,1938,0,0
2025-02-01,"P-06",68,0,2276,2208,0,0
2025-02-03,"P-01",5,0,15,10,0,0
2025-02-03,"P-02",11,0,62,51,0,0
2025-02-03,"P-03",23,0,447,424,0,0
2025-02-03,"P-04",34,0,531,497,0,0
2025-02-03,"P-05",56,0,1938,1882,0,0
2025-02-03,"P-06",58,0,2208,2150,0,0
2025-02-04,"P-01",7,0,10,3,0,0
2025-02-04,"P-02",14,63,114,100,0,0
2025-02-04,"P-03",32,0,424,392,0,0
2025-02-04,"P-04",35,0,497,462,0,0
2025-02-04,"P-05",52,0,1882,1830,0,0
2025-02-04,"P-06",64,0,2150,2086,0,0
2025-02-05,"P-01",7,0,3,0,1,4
2025-02-05,"P-02",28,0,100,72,0,0
2025-02-05,"P-03",25,0,392,367,0,0
2025-02-05,"P-04",35,0,462,427,0,0
2025-02-05,"P-05",49,0,1830,1781,0,0
2025-02-05,"P-06",66,0,2086,2020,0,0
2025-02-06,"P-01",0,0,0,0,0,0
2025-02-06,"P-02",6,0,72,66,0,0
2025-02-06,"P-03",26,0,367,341,0,0
2025-02-06,"P-04",46,0,427,381,0,0
2025-02-06,"P-05",47,0,1781,1734,0,0
2025-02-06,"P-06",55,0,2020,1965,0,0
2025-02-07,"P-01",5,0,0,0,1,5
2025-02-07,"P-02",14,0,66,52,0,0
2025-02-07,"P-03",26,0,341,315,0,0
2025-02-07,"P-04",37,280,661,624,0,0
2025-02-07,"P-05",57,0,1734,1677,0,0
2025-02-07,"P-06",65,0,1965,1900,0,0
2025-02-08,"P-01",2,0,0,0,1,2
2025-02-08,"P-02",18,0,52,34,0,0
2025-02-08,"P-03",27,0,315,288,0,0
2025-02-08,"P-04",41,0,624,583,0,0
2025-02-08,"P-05",56,0,1677,1621,0,0
2025-02-08,"P-06",69,0,1900,1831,0,0
2025-02-10,"P-01",0,0,0,0,0,0
2025-02-10,"P-02",2,0,34,32,0,0
2025-02-10,"P-03",32,210,498,466,0,0
2025-02-10,"P-04",43,0,583,540,0,0
2025-02-10,"P-05",55,0,1621,1566,0,0
2025-02-10,"P-06",74,0,1831,1757,0,0
2025-02-11,"P-01",3,0,0,0,1,3
2025-02-11,"P-02",2,0,32,30,0,0
2025-02-11,"P-03",29,0,466,437,0,0
2025-02-11,"P-04",42,0,540,498,0,0
2025-02-11,"P-05",55,0,1566,1511,0,0
2025-02-11,"P-06",55,0,1757,1702,0,0
2025-02-12,"P-01",10,0,0,0,1,10
2025-02-12,"P-02",18,0,30,12,0,0
2025-02-12,"P-03",34,0,437,403,0,0
2025-02-12,"P-04",37,0,498,461,0,0
2025-02-12,"P-05",60,0,1511,1451,0,0
2025-02-12,"P-06",54,0,1702,1648,0,0
2025-02-13,"P-01",12,0,0,0,1,12
2025-02-13,"P-02",5,0,12,7,0,0
2025-02-13,"P-03",26,0,403,377,0,0
2025-02-13,"P-04",40,0,461,421,0,0
2025-02-13,"P-05",61,0,1451,1390,0,0
2025-02-13,"P-06",60,455,2103,2043,0,0
2025-02-14,"P-01",2,0,0,0,1,2
2025-02-14,"P-02",1,63,70,69,0,0
2025-02-14,"P-03",24,210,587,563,0,0
2025-02-14,"P-04",42,0,421,379,0,0
2025-02-14,"P-05",56,385,1775,1719,0,0
2025-02-14,"P-06",70,0,2043,1973,0,0
2025-02-15,"P-01",4,0,0,0,1,4
2025-02-15,"P-02",6,0,69,63,0,0
2025-02-15,"P-03",32,0,563,531,0,0
2025-02-15,"P-04",35,0,379,344,0,0
2025-02-15,"P-05",60,0,1719,1659,0,0
2025-02-15,"P-06",69,0,1973,1904,0,0
2025-02-17,"P-01",10,84,84,74,0,0
2025-02-17,"P-02",19,0,63,44,0,0
2025-02-17,"P-03",38,0,531,493,0,0
2025-02-17,"P-04",42,0,344,302,0,0
2025-02-17,"P-05",59,0,1659,1600,0,0
2025-02-17,"P-06",66,0,1904,1838,0,0
2025-02-18,"P-01",0,0,74,74,0,0
2025-02-18,"P-02",17,0,44,27,0,0
2025-02-18,"P-03",23,0,493,470,0,0
2025-02-18,"P-04",34,0,302,268,0,0
2025-02-18,"P-05",50,0,1600,1550,0,0
2025-02-18,"P-06",58,0,1838,1780,0,0
2025-02-19,"P-01",3,0,74,71,0,0
2025-02-19,"P-02",3,0,27,24,0,0
2025-02-19,"P-03",40,0,470,430,0,0
2025-02-19,"P-04",45,0,268,223,0,0
2025-02-19,"P-05",48,0,1550,1502,0,0
2025-02-19,"P-06",61,455,2235,2174,0,0
2025-02-20,"P-01",5,0,71,66,0,0
2025-02-20,"P-02",18,63,87,69,0,0
2025-02-20,"P-03",25,0,430,405,0,0
2025-02-20,"P-04",42,280,503,461,0,0
2025-02-20,"P-05",57,385,1887,1830,0,0
2025-02-20,"P-06",52,0,2174,2122,0,0
2025-02-21,"P-01",0,42,108,108,0,0
2025-02-21,"P-02",22,0,69,47,0,0
2025-02-21,"P-03",32,0,405,373,0,0
2025-02-21,"P-04",37,0,461,424,0,0
2025-02-21,"P-05",55,0,1830,1775,0,0
2025-02-21,"P-06",55,0,2122,2067,0,0
2025-02-22,"P-01",1,0,108,107,0,0
2025-02-22,"P-02",1,0,47,46,0,0
2025-02-22,"P-03",29,0,373,344,0,0
2025-02-22,"P-04",28,0,424,396,0,0
2025-02-22,"P-05",53,0,1775,1722,0,0
2025-02-22,"P-06",45,0,2067,2022,0,0
2025-02-24,"P-01",5,0,107,102,0,0
2025-02-24,"P-02",12,0,46,34,0,0
2025-02-24,"P-03",20,0,344,324,0,0
2025-02-24,"P-04",38,0,396,358,0,0
2025-02-24,"P-05",61,0,1722,1661,0,0
2025-02-24,"P-06",52,0,2022,1970,0,0
2025-02-25,"P-01",5,0,102,97,0,0
2025-02-25,"P-02",10,0,34,24,0,0
2025-02-25,"P-03",37,0,324,287,0,0
2025-02-25,"P-04",30,0,358,328,0,0
2025-02-25,"P-05",57,0,1661,1604,0,0
2025-02-25,"P-06",63,455,2425,2362,0,0
2025-02-26,"P-01",2,0,97,95,0,0
2025-02-26,"P-02",4,63,87,83,0,0
2025-02-26,"P-03",34,0,287,253,0,0
2025-02-26,"P-04",43,0,328,285,0,0
2025-02-26,"P-05",59,0,1604,1545,0,0
2025-02-26,"P-06",58,0,2362,2304,0,0
2025-02-27,"P-01",4,0,95,91,0,0
2025-02-27,"P-02",5,0,83,78,0,0
2025-02-27,"P-03",31,0,253,222,0,0
2025-02-27,"P-04",45,0,285,240,0,0
2025-02-27,"P-05",54,385,1930,1876,0,0
2025-02-27,"P-06",49,0,2304,2255,0,0
2025-02-28,"P-01",13,0,91,78,0,0
2025-02-28,"P-02",10,0,78,68,0,0
2025-02-28,"P-03",24,0,222,198,0,0
2025-02-28,"P-04",39,0,240,201,0,0
2025-02-28,"P-05",50,0,1876,1826,0,0
2025-02-28,"P-06",69,0,2255,2186,0,0
2025-03-01,"P-01",25,42,120,95,0,0
2025-03-01,"P-02",6,0,68,62,0,0
2025-03-01,"P-03",52,210,408,356,0,0
2025-03-01,"P-04",68,280,481,413,0,0
2025-03-01,"P-05",59,0,1826,1767,0,0
2025-03-01,"P-06",53,0,2186,2133,0,0
2025-03-03,"P-01",17,0,95,78,0,0
2025-03-03,"P-02",8,0,62,54,0,0
2025-03-03,"P-03",61,0,356,295,0,0
2025-03-03,"P-04",67,0,413,346,0,0
2025-03-03,"P-05",65,0,1767,1702,0,0
2025-03-03,"P-06",58,0,2133,2075,0,0
2025-03-04,"P-01",5,0,78,73,0,0
2025-03-04,"P-02",13,0,54,41,0,0
2025-03-04,"P-03",50,0,295,245,0,0
2025-03-04,"P-04",94,0,346,252,0,0
2025-03-04,"P-05",54,0,1702,1648,0,0
2025-03-04,"P-06",50,0,2075,2025,0,0
2025-03-05,"P-01",0,0,73,73,0,0
2025-03-05,"P-02",9,0,41,32,0,0
2025-03-05,"P-03",67,0,245,178,0,0
2025-03-05,"P-04",84,0,252,168,0,0
2025-03-05,"P-05",53,0,1648,1595,0,0
2025-03-05,"P-06",72,455,2480,2408,0,0
2025-03-06,"P-01",11,0,73,62,0,0
2025-03-06,"P-02",11,0,32,21,0,0
2025-03-06,"P-03",58,0,178,120,0,0
2025-03-06,"P-04",71,0,168,97,0,0
2025-03-06,"P-05",52,385,1980,1928,0,0
2025-03-06,"P-06",69,0,2408,2339,0,0
2025-03-07,"P-01",1,0,62,61,0,0
2025-03-07,"P-02",6,0,21,15,0,0
2025-03-07,"P-03",49,210,330,281,0,0
2025-03-07,"P-04",80,280,377,297,0,0
2025-03-07,"P-05",58,0,1928,1870,0,0
2025-03-07,"P-06",60,0,2339,2279,0,0
2025-03-08,"P-01",9,0,61,52,0,0
2025-03-08,"P-02",11,63,78,67,0,0
2025-03-08,"P-03",48,0,281,233,0,0
2025-03-08,"P-04",87,0,297,210,0,0
2025-03-08,"P-05",64,0,1870,1806,0,0
2025-03-08,"P-06",73,0,2279,2206,0,0
2025-03-10,"P-01",3,0,52,49,0,0
2025-03-10,"P-02",12,0,67,55,0,0
2025-03-10,"P-03",53,0,233,180,0,0
2025-03-10,"P-04",63,0,210,147,0,0
2025-03-10,"P-05",61,0,1806,1745,0,0
2025-03-10,"P-06",64,0,2206,2142,0,0
2025-03-11,"P-01",5,0,49,44,0,0
2025-03-11,"P-02",8,0,55,47,0,0
2025-03-11,"P-03",52,0,180,128,0,0
2025-03-11,"P-04",88,0,147,59,0,0
2025-03-11,"P-05",45,0,1745,1700,0,0
2025-03-11,"P-06",65,0,2142,2077,0,0
2025-03-12,"P-01",2,0,44,42,0,0
2025-03-12,"P-02",5,0,47,42,0,0
2025-03-12,"P-03",58,0,128,70,0,0
2025-03-12,"P-04",72,0,59,0,1,13
2025-03-12,"P-05",58,0,1700,1642,0,0
2025-03-12,"P-06",76,0,2077,2001,0,0
2025-03-13,"P-01",8,0,42,34,0,0
2025-03-13,"P-02",10,0,42,32,0,0
2025-03-13,"P-03",51,0,70,19,0,0
2025-03-13,"P-04",56,0,0,0,1,56
2025-03-13,"P-05",55,0,1642,1587,0,0
2025-03-13,"P-06",74,0,2001,1927,0,0
2025-03-14,"P-01",12,0,34,22,0,0
2025-03-14,"P-02",4,0,32,28,0,0
2025-03-14,"P-03",43,0,19,0,1,24
2025-03-14,"P-04",67,0,0,0,1,67
2025-03-14,"P-05",54,385,1972,1918,0,0
2025-03-14,"P-06",78,0,1927,1849,0,0
2025-03-15,"P-01",3,0,22,19,0,0
2025-03-15,"P-02",4,0,28,24,0,0
2025-03-15,"P-03",68,0,0,0,1,68
2025-03-15,"P-04",82,280,280,198,0,0
2025-03-15,"P-05",56,0,1918,1862,0,0
2025-03-15,"P-06",71,0,1849,1778,0,0
2025-03-17,"P-01",1,0,19,18,0,0
2025-03-17,"P-02",3,0,24,21,0,0
2025-03-17,"P-03",46,0,0,0,1,46
2025-03-17,"P-04",74,0,198,124,0,0
2025-03-17,"P-05",53,0,1862,1809,0,0
2025-03-17,"P-06",70,0,1778,1708,0,0
2025-03-18,"P-01",4,0,18,14,0,0
2025-03-18,"P-02",32,0,21,0,1,11
2025-03-18,"P-03",61,0,0,0,1,61
2025-03-18,"P-04",71,0,124,53,0,0
2025-03-18,"P-05",67,0,1809,1742,0,0
2025-03-18,"P-06",71,455,2163,2092,0,0
2025-03-19,"P-01",10,42,56,46,0,0
2025-03-19,"P-02",1,0,0,0,1,1
2025-03-19,"P-03",55,0,0,0,1,55
2025-03-19,"P-04",95,0,53,0,1,42
2025-03-19,"P-05",54,385,2127,2073,0,0
2025-03-19,"P-06",68,0,2092,2024,0,0
2025-03-20,"P-01",11,0,46,35,0,0
2025-03-20,"P-02",11,0,0,0,1,11
2025-03-20,"P-03",59,0,0,0,1,59
2025-03-20,"P-04",80,0,0,0,1,80
2025-03-20,"P-05",47,0,2073,2026,0,0
2025-03-20,"P-06",56,0,2024,1968,0,0
2025-03-21,"P-01",1,0,35,34,0,0
2025-03-21,"P-02",4,63,63,59,0,0
2025-03-21,"P-03",61,210,210,149,0,0
2025-03-21,"P-04",77,0,0,0,1,77
2025-03-21,"P-05",58,0,2026,1968,0,0
2025-03-21,"P-06",61,0,1968,1907,0,0
2025-03-22,"P-01",8,0,34,26,0,0
2025-03-22,"P-02",9,126,185,176,0,0
2025-03-22,"P-03",67,210,359,292,0,0
2025-03-22,"P-04",79,0,0,0,1,79
2025-03-22,"P-05",67,0,1968,1901,0,0
2025-03-22,"P-06",62,0,1907,1845,0,0
2025-03-24,"P-01",4,42,68,64,0,0
2025-03-24,"P-02",2,0,176,174,0,0
2025-03-24,"P-03",63,0,292,229,0,0
2025-03-24,"P-04",91,280,280,189,0,0
2025-03-24,"P-05",47,0,1901,1854,0,0
2025-03-24,"P-06",68,0,1845,1777,0,0
2025-03-25,"P-01",8,0,64,56,0,0
2025-03-25,"P-02",2,0,174,172,0,0
2025-03-25,"P-03",58,0,229,171,0,0
2025-03-25,"P-04",75,0,189,114,0,0
2025-03-25,"P-05",55,0,1854,1799,0,0
2025-03-25,"P-06",62,0,1777,1715,0,0
2025-03-26,"P-01",2,0,56,54,0,0
2025-03-26,"P-02",13,0,172,159,0,0
2025-03-26,"P-03",73,0,171,98,0,0
2025-03-26,"P-04",77,0,114,37,0,0
2025-03-26,"P-05",57,0,1799,1742,0,0
2025-03-26,"P-06",69,455,2170,2101,0,0
2025-03-27,"P-01",7,0,54,47,0,0
2025-03-27,"P-02",2,0,159,157,0,0
2025-03-27,"P-03",41,0,98,57,0,0
2025-03-27,"P-04",69,280,317,248,0,0
2025-03-27,"P-05",54,0,1742,1688,0,0
2025-03-27,"P-06",64,0,2101,2037,0,0
2025-03-28,"P-01",10,0,47,37,0,0
2025-03-28,"P-02",8,0,157,149,0,0
2025-03-28,"P-03",54,0,57,3,0,0
2025-03-28,"P-04",53,0,248,195,0,0
2025-03-28,"P-05",55,0,1688,1633,0,0
2025-03-28,"P-06",63,0,2037,1974,0,0
2025-03-29,"P-01",7,0,37,30,0,0
2025-03-29,"P-02",5,0,149,144,0,0
2025-03-29,"P-03",51,0,3,0,1,48
2025-03-29,"P-04",77,0,195,118,0,0
2025-03-29,"P-05",62,0,1633,1571,0,0
2025-03-29,"P-06",61,0,1974,1913,0,0
2025-03-31,"P-01",3,0,30,27,0,0
2025-03-31,"P-02",7,0,144,137,0,0
2025-03-31,"P-03",51,0,0,0,1,51
2025-03-31,"P-04",86,0,118,32,0,0
2025-03-31,"P-05",53,0,1571,1518,0,0
2025-03-31,"P-06",54,0,1913,1859,0,0
2025-04-01,"P-01",12,0,27,15,0,0
2025-04-01,"P-02",4,0,137,133,0,0
2025-04-01,"P-03",34,210,210,176,0,0
2025-04-01,"P-04",41,0,32,0,1,9
2025-04-01,"P-05",57,0,1518,1461,0,0
2025-04-01,"P-06",58,455,2314,2256,0,0
2025-04-02,"P-01",12,0,15,3,0,0
2025-04-02,"P-02",8,0,133,125,0,0
2025-04-02,"P-03",23,0,176,153,0,0
2025-04-02,"P-04",43,0,0,0,1,43
2025-04-02,"P-05",54,0,1461,1407,0,0
2025-04-02,"P-06",83,0,2256,2173,0,0
2025-04-03,"P-01",14,0,3,0,1,11
2025-04-03,"P-02",4,0,125,121,0,0
2025-04-03,"P-03",27,0,153,126,0,0
2025-04-03,"P-04",31,0,0,0,1,31
2025-04-03,"P-05",40,0,1407,1367,0,0
2025-04-03,"P-06",67,0,2173,2106,0,0
2025-04-04,"P-01",1,84,84,83,0,0
2025-04-04,"P-02",11,0,121,110,0,0
2025-04-04,"P-03",31,210,336,305,0,0
2025-04-04,"P-04",37,0,0,0,1,37
2025-04-04,"P-05",52,385,1752,1700,0,0
2025-04-04,"P-06",58,0,2106,2048,0,0
2025-04-05,"P-01",4,42,125,121,0,0
2025-04-05,"P-02",4,0,110,106,0,0
2025-04-05,"P-03",35,0,305,270,0,0
2025-04-05,"P-04",43,280,280,237,0,0
2025-04-05,"P-05",45,0,1700,1655,0,0
2025-04-05,"P-06",64,0,2048,1984,0,0
2025-04-07,"P-01",7,0,121,114,0,0
2025-04-07,"P-02",9,0,106,97,0,0
2025-04-07,"P-03",35,0,270,235,0,0
2025-04-07,"P-04",47,0,237,190,0,0
2025-04-07,"P-05",45,0,1655,1610,0,0
2025-04-07,"P-06",71,0,1984,1913,0,0
2025-04-08,"P-01",16,0,114,98,0,0
2025-04-08,"P-02",9,0,97,88,0,0
2025-04-08,"P-03",34,0,235,201,0,0
2025-04-08,"P-04",37,0,190,153,0,0
2025-04-08,"P-05",51,0,1610,1559,0,0
2025-04-08,"P-06",66,0,1913,1847,0,0
2025-04-09,"P-01",0,0,98,98,0,0
2025-04-09,"P-02",3,0,88,85,0,0
2025-04-09,"P-03",27,0,201,174,0,0
2025-04-09,"P-04",38,0,153,115,0,0
2025-04-09,"P-05",59,0,1559,1500,0,0
2025-04-09,"P-06",82,455,2302,2220,0,0
2025-04-10,"P-01",1,0,98,97,0,0
2025-04-10,"P-02",9,0,85,76,0,0
2025-04-10,"P-03",35,0,174,139,0,0
2025-04-10,"P-04",36,0,115,79,0,0
2025-04-10,"P-05",54,385,1885,1831,0,0
2025-04-10,"P-06",59,0,2220,2161,0,0
2025-04-11,"P-01",11,0,97,86,0,0
2025-04-11,"P-02",22,63,139,117,0,0
2025-04-11,"P-03",36,0,139,103,0,0
2025-04-11,"P-04",46,280,359,313,0,0
2025-04-11,"P-05",61,0,1831,1770,0,0
2025-04-11,"P-06",64,0,2161,2097,0,0
2025-04-12,"P-01",4,0,86,82,0,0
2025-04-12,"P-02",14,0,117,103,0,0
2025-04-12,"P-03",38,210,313,275,0,0
2025-04-12,"P-04",43,0,313,270,0,0
2025-04-12,"P-05",59,0,1770,1711,0,0
2025-04-12,"P-06",68,0,2097,2029,0,0
2025-04-14,"P-01",2,0,82,80,0,0
2025-04-14,"P-02",6,0,103,97,0,0
2025-04-14,"P-03",33,0,275,242,0,0
2025-04-14,"P-04",37,0,270,233,0,0
2025-04-14,"P-05",48,0,1711,1663,0,0
2025-04-14,"P-06",67,0,2029,1962,0,0
2025-04-15,"P-01",16,0,80,64,0,0
2025-04-15,"P-02",3,0,97,94,0,0
2025-04-15,"P-03",24,0,242,218,0,0
2025-04-15,"P-04",44,0,233,189,0,0
2025-04-15,"P-05",63,0,1663,1600,0,0
2025-04-15,"P-06",62,455,2417,2355,0,0
2025-04-16,"P-01",17,0,64,47,0,0
2025-04-16,"P-02",3,0,94,91,0,0
2025-04-16,"P-03",27,0,218,191,0,0
2025-04-16,"P-04",50,0,189,139,0,0
2025-04-16,"P-05",56,385,1985,1929,0,0
2025-04-16,"P-06",65,0,2355,2290,0,0
2025-04-17,"P-01",9,0,47,38,0,0
2025-04-17,"P-02",9,0,91,82,0,0
2025-04-17,"P-03",43,0,191,148,0,0
2025-04-17,"P-04",41,0,139,98,0,0
2025-04-17,"P-05",46,0,1929,1883,0,0
2025-04-17,"P-06",59,0,2290,2231,0,0
2025-04-18,"P-01",7,0,38,31,0,0
2025-04-18,"P-02",2,0,82,80,0,0
2025-04-18,"P-03",35,0,148,113,0,0
2025-04-18,"P-04",42,0,98,56,0,0
2025-04-18,"P-05",55,0,1883,1828,0,0
2025-04-18,"P-06",60,0,2231,2171,0,0
2025-04-19,"P-01",4,0,31,27,0,0
2025-04-19,"P-02",7,0,80,73,0,0
2025-04-19,"P-03",40,0,113,73,0,0
2025-04-19,"P-04",47,0,56,9,0,0
2025-04-19,"P-05",60,0,1828,1768,0,0
2025-04-19,"P-06",57,0,2171,2114,0,0
2025-04-21,"P-01",5,0,27,22,0,0
2025-04-21,"P-02",10,0,73,63,0,0
2025-04-21,"P-03",30,0,73,43,0,0
2025-04-21,"P-04",38,0,9,0,1,29
2025-04-21,"P-05",57,0,1768,1711,0,0
2025-04-21,"P-06",69,0,2114,2045,0,0
2025-04-22,"P-01",5,0,22,17,0,0
2025-04-22,"P-02",13,0,63,50,0,0
2025-04-22,"P-03",35,0,43,8,0,0
2025-04-22,"P-04",36,280,280,244,0,0
2025-04-22,"P-05",62,0,1711,1649,0,0
2025-04-22,"P-06",61,0,2045,1984,0,0
2025-04-23,"P-01",5,0,17,12,0,0
2025-04-23,"P-02",16,63,113,97,0,0
2025-04-23,"P-03",38,210,218,180,0,0
2025-04-23,"P-04",33,0,244,211,0,0
2025-04-23,"P-05",64,0,1649,1585,0,0
2025-04-23,"P-06",75,0,1984,1909,0,0
2025-04-24,"P-01",8,0,12,4,0,0
2025-04-24,"P-02",8,0,97,89,0,0
2025-04-24,"P-03",19,0,180,161,0,0
2025-04-24,"P-04",36,0,211,175,0,0
2025-04-24,"P-05",66,0,1585,1519,0,0
2025-04-24,"P-06",58,0,1909,1851,0,0
2025-04-25,"P-01",4,0,4,0,0,0
2025-04-25,"P-02",6,0,89,83,0,0
2025-04-25,"P-03",27,210,371,344,0,0
2025-04-25,"P-04",39,0,175,136,0,0
2025-04-25,"P-05",49,385,1904,1855,0,0
2025-04-25,"P-06",57,455,2306,2249,0,0
2025-04-26,"P-01",6,0,0,0,1,6
2025-04-26,"P-02",3,0,83,80,0,0
2025-04-26,"P-03",31,0,344,313,0,0
2025-04-26,"P-04",30,0,136,106,0,0
2025-04-26,"P-05",66,0,1855,1789,0,0
2025-04-26,"P-06",56,0,2249,2193,0,0
2025-04-28,"P-01",1,0,0,0,1,1
2025-04-28,"P-02",17,0,80,63,0,0
2025-04-28,"P-03",31,0,313,282,0,0
2025-04-28,"P-04",49,280,386,337,0,0
2025-04-28,"P-05",46,0,1789,1743,0,0
2025-04-28,"P-06",42,0,2193,2151,0,0
2025-04-29,"P-01",14,0,0,0,1,14
2025-04-29,"P-02",9,0,63,54,0,0
2025-04-29,"P-03",29,0,282,253,0,0
2025-04-29,"P-04",50,0,337,287,0,0
2025-04-29,"P-05",59,0,1743,1684,0,0
2025-04-29,"P-06",62,0,2151,2089,0,0
2025-04-30,"P-01",11,0,0,0,1,11
2025-04-30,"P-02",1,0,54,53,0,0
2025-04-30,"P-03",23,0,253,230,0,0
2025-04-30,"P-04",48,0,287,239,0,0
2025-04-30,"P-05",47,0,1684,1637,0,0
2025-04-30,"P-06",62,0,2089,2027,0,0
2025-05-01,"P-01",9,0,0,0,1,9
2025-05-01,"P-02",0,0,53,53,0,0
2025-05-01,"P-03",26,0,230,204,0,0
2025-05-01,"P-04",43,0,239,196,0,0
2025-05-01,"P-05",50,385,2022,1972,0,0
2025-05-01,"P-06",61,0,2027,1966,0,0
2025-05-02,"P-01",6,0,0,0,1,6
2025-05-02,"P-02",8,0,53,45,0,0
2025-05-02,"P-03",27,0,204,177,0,0
2025-05-02,"P-04",34,0,196,162,0,0
2025-05-02,"P-05",61,0,1972,1911,0,0
2025-05-02,"P-06",69,0,1966,1897,0,0
2025-05-03,"P-01",2,0,0,0,1,2
2025-05-03,"P-02",2,0,45,43,0,0
2025-05-03,"P-03",34,0,177,143,0,0
2025-05-03,"P-04",36,0,162,126,0,0
2025-05-03,"P-05",57,0,1911,1854,0,0
2025-05-03,"P-06",59,0,1897,1838,0,0
2025-05-05,"P-01",3,0,0,0,1,3
2025-05-05,"P-02",11,63,106,95,0,0
2025-05-05,"P-03",25,0,143,118,0,0
2025-05-05,"P-04",35,0,126,91,0,0
2025-05-05,"P-05",61,0,1854,1793,0,0
2025-05-05,"P-06",71,0,1838,1767,0,0
2025-05-06,"P-01",8,84,84,76,0,0
2025-05-06,"P-02",10,0,95,85,0,0
2025-05-06,"P-03",32,0,118,86,0,0
2025-05-06,"P-04",36,280,371,335,0,0
2025-05-06,"P-05",45,0,1793,1748,0,0
2025-05-06,"P-06",64,0,1767,1703,0,0
2025-05-07,"P-01",0,0,76,76,0,0
2025-05-07,"P-02",1,0,85,84,0,0
2025-05-07,"P-03",29,0,86,57,0,0
2025-05-07,"P-04",34,0,335,301,0,0
2025-05-07,"P-05",57,0,1748,1691,0,0
2025-05-07,"P-06",74,0,1703,1629,0,0
2025-05-08,"P-01",2,0,76,74,0,0
2025-05-08,"P-02",6,0,84,78,0,0
2025-05-08,"P-03",33,210,267,234,0,0
2025-05-08,"P-04",35,0,301,266,0,0
2025-05-08,"P-05",69,0,1691,1622,0,0
2025-05-08,"P-06",74,455,2084,2010,0,0
2025-05-09,"P-01",5,0,74,69,0,0
2025-05-09,"P-02",20,0,78,58,0,0
2025-05-09,"P-03",27,0,234,207,0,0
2025-05-09,"P-04",41,0,266,225,0,0
2025-05-09,"P-05",46,385,2007,1961,0,0
2025-05-09,"P-06",59,0,2010,1951,0,0
2025-05-10,"P-01",17,0,69,52,0,0
2025-05-10,"P-02",37,63,121,84,0,0
2025-05-10,"P-03",21,0,207,186,0,0
2025-05-10,"P-04",40,280,505,465,0,0
2025-05-10,"P-05",60,0,1961,1901,0,0
2025-05-10,"P-06",71,0,1951,1880,0,0
2025-05-12,"P-01",2,0,52,50,0,0
2025-05-12,"P-02",8,0,84,76,0,0
2025-05-12,"P-03",22,0,186,164,0,0
2025-05-12,"P-04",44,0,465,421,0,0
2025-05-12,"P-05",55,0,1901,1846,0,0
2025-05-12,"P-06",61,0,1880,1819,0,0
2025-05-13,"P-01",1,0,50,49,0,0
2025-05-13,"P-02",8,0,76,68,0,0
2025-05-13,"P-03",25,0,164,139,0,0
2025-05-13,"P-04",35,0,421,386,0,0
2025-05-13,"P-05",64,0,1846,1782,0,0
2025-05-13,"P-06",54,0,1819,1765,0,0
2025-05-14,"P-01",2,0,49,47,0,0
2025-05-14,"P-02",16,0,68,52,0,0
2025-05-14,"P-03",35,0,139,104,0,0
2025-05-14,"P-04",36,0,386,350,0,0
2025-05-14,"P-05",52,0,1782,1730,0,0
2025-05-14,"P-06",69,455,2220,2151,0,0
2025-05-15,"P-01",0,42,89,89,0,0
2025-05-15,"P-02",9,0,52,43,0,0
2025-05-15,"P-03",33,210,314,281,0,0
2025-05-15,"P-04",51,0,350,299,0,0
2025-05-15,"P-05",61,0,1730,1669,0,0
2025-05-15,"P-06",58,0,2151,2093,0,0
2025-05-16,"P-01",15,0,89,74,0,0
2025-05-16,"P-02",14,0,43,29,0,0
2025-05-16,"P-03",36,0,281,245,0,0
2025-05-16,"P-04",43,0,299,256,0,0
2025-05-16,"P-05",54,0,1669,1615,0,0
2025-05-16,"P-06",50,0,2093,2043,0,0
2025-05-17,"P-01",2,0,74,72,0,0
2025-05-17,"P-02",5,63,92,87,0,0
2025-05-17,"P-03",27,0,245,218,0,0
2025-05-17,"P-04",34,0,256,222,0,0
2025-05-17,"P-05",52,0,1615,1563,0,0
2025-05-17,"P-06",69,0,2043,1974,0,0
2025-05-19,"P-01",4,0,72,68,0,0
2025-05-19,"P-02",2,0,87,85,0,0
2025-05-19,"P-03",30,210,428,398,0,0
2025-05-19,"P-04",35,280,502,467,0,0
2025-05-19,"P-05",46,0,1563,1517,0,0
2025-05-19,"P-06",63,0,1974,1911,0,0
2025-05-20,"P-01",7,0,68,61,0,0
2025-05-20,"P-02",7,0,85,78,0,0
2025-05-20,"P-03",32,0,398,366,0,0
2025-05-20,"P-04",45,0,467,422,0,0
2025-05-20,"P-05",59,0,1517,1458,0,0
2025-05-20,"P-06",69,0,1911,1842,0,0
2025-05-21,"P-01",7,0,61,54,0,0
2025-05-21,"P-02",4,0,78,74,0,0
2025-05-21,"P-03",33,0,366,333,0,0
2025-05-21,"P-04",26,0,422,396,0,0
2025-05-21,"P-05",52,0,1458,1406,0,0
2025-05-21,"P-06",65,455,2297,2232,0,0
2025-05-22,"P-01",8,0,54,46,0,0
2025-05-22,"P-02",8,0,74,66,0,0
2025-05-22,"P-03",33,0,333,300,0,0
2025-05-22,"P-04",44,0,396,352,0,0
2025-05-22,"P-05",56,385,1791,1735,0,0
2025-05-22,"P-06",51,0,2232,2181,0,0
2025-05-23,"P-01",3,0,46,43,0,0
2025-05-23,"P-02",2,63,129,127,0,0
2025-05-23,"P-03",24,0,300,276,0,0
2025-05-23,"P-04",41,0,352,311,0,0
2025-05-23,"P-05",51,0,1735,1684,0,0
2025-05-23,"P-06",70,0,2181,2111,0,0
2025-05-24,"P-01",8,0,43,35,0,0
2025-05-24,"P-02",4,0,127,123,0,0
2025-05-24,"P-03",30,210,486,456,0,0
2025-05-24,"P-04",46,280,591,545,0,0
2025-05-24,"P-05",69,0,1684,1615,0,0
2025-05-24,"P-06",56,0,2111,2055,0,0
2025-05-26,"P-01",8,42,77,69,0,0
2025-05-26,"P-02",0,0,123,123,0,0
2025-05-26,"P-03",28,0,456,428,0,0
2025-05-26,"P-04",42,0,545,503,0,0
2025-05-26,"P-05",49,0,1615,1566,0,0
2025-05-26,"P-06",63,0,2055,1992,0,0
2025-05-27,"P-01",3,0,69,66,0,0
2025-05-27,"P-02",8,0,123,115,0,0
2025-05-27,"P-03",30,0,428,398,0,0
2025-05-27,"P-04",39,0,503,464,0,0
2025-05-27,"P-05",61,0,1566,1505,0,0
2025-05-27,"P-06",70,455,2447,2377,0,0
2025-05-28,"P-01",6,42,108,102,0,0
2025-05-28,"P-02",11,0,115,104,0,0
2025-05-28,"P-03",24,0,398,374,0,0
2025-05-28,"P-04",36,0,464,428,0,0
2025-05-28,"P-05",57,0,1505,1448,0,0
2025-05-28,"P-06",59,0,2377,2318,0,0
2025-05-29,"P-01",1,0,102,101,0,0
2025-05-29,"P-02",1,0,104,103,0,0
2025-05-29,"P-03",27,0,374,347,0,0
2025-05-29,"P-04",40,0,428,388,0,0
2025-05-29,"P-05",53,0,1448,1395,0,0
2025-05-29,"P-06",54,0,2318,2264,0,0
2025-05-30,"P-01",6,0,101,95,0,0
2025-05-30,"P-02",8,0,103,95,0,0
2025-05-30,"P-03",30,0,347,317,0,0
2025-05-30,"P-04",45,280,668,623,0,0
2025-05-30,"P-05",53,0,1395,1342,0,0
2025-05-30,"P-06",60,0,2264,2204,0,0
2025-05-31,"P-01",2,0,95,93,0,0
2025-05-31,"P-02",1,0,95,94,0,0
2025-05-31,"P-03",29,0,317,288,0,0
2025-05-31,"P-04",39,0,623,584,0,0
2025-05-31,"P-05",45,385,1727,1682,0,0
2025-05-31,"P-06",73,0,2204,2131,0,0
2025-06-02,"P-01",3,0,93,90,0,0
2025-06-02,"P-02",6,63,157,151,0,0
2025-06-02,"P-03",49,0,288,239,0,0
2025-06-02,"P-04",79,0,584,505,0,0
2025-06-02,"P-05",50,0,1682,1632,0,0
2025-06-02,"P-06",63,0,2131,2068,0,0
2025-06-03,"P-01",8,42,132,124,0,0
2025-06-03,"P-02",5,0,151,146,0,0
2025-06-03,"P-03",67,0,239,172,0,0
2025-06-03,"P-04",54,0,505,451,0,0
2025-06-03,"P-05",61,0,1632,1571,0,0
2025-06-03,"P-06",65,0,2068,2003,0,0
2025-06-04,"P-01",6,0,124,118,0,0
2025-06-04,"P-02",3,0,146,143,0,0
2025-06-04,"P-03",53,0,172,119,0,0
2025-06-04,"P-04",88,0,451,363,0,0
2025-06-04,"P-05",57,0,1571,1514,0,0
2025-06-04,"P-06",72,0,2003,1931,0,0
2025-06-05,"P-01",2,0,118,116,0,0
2025-06-05,"P-02",14,0,143,129,0,0
2025-06-05,"P-03",51,0,119,68,0,0
2025-06-05,"P-04",71,0,363,292,0,0
2025-06-05,"P-05",49,0,1514,1465,0,0
2025-06-05,"P-06",57,0,1931,1874,0,0
2025-06-06,"P-01",9,0,116,107,0,0
2025-06-06,"P-02",1,0,129,128,0,0
2025-06-06,"P-03",60,0,68,8,0,0
2025-06-06,"P-04",61,0,292,231,0,0
2025-06-06,"P-05",66,385,1850,1784,0,0
2025-06-06,"P-06",60,455,2329,2269,0,0
2025-06-07,"P-01",3,0,107,104,0,0
2025-06-07,"P-02",0,0,128,128,0,0
2025-06-07,"P-03",58,0,8,0,1,50
2025-06-07,"P-04",93,0,231,138,0,0
2025-06-07,"P-05",60,0,1784,1724,0,0
2025-06-07,"P-06",81,0,2269,2188,0,0
2025-06-09,"P-01",2,0,104,102,0,0
2025-06-09,"P-02",4,0,128,124,0,0
2025-06-09,"P-03",62,0,0,0,1,62
2025-06-09,"P-04",83,0,138,55,0,0
2025-06-09,"P-05",45,0,1724,1679,0,0
2025-06-09,"P-06",71,0,2188,2117,0,0
2025-06-10,"P-01",5,42,144,139,0,0
2025-06-10,"P-02",18,63,187,169,0,0
2025-06-10,"P-03",58,0,0,0,1,58
2025-06-10,"P-04",80,0,55,0,1,25
2025-06-10,"P-05",61,0,1679,1618,0,0
2025-06-10,"P-06",62,0,2117,2055,0,0
2025-06-11,"P-01",2,0,139,137,0,0
2025-06-11,"P-02",12,63,232,220,0,0
2025-06-11,"P-03",79,0,0,0,1,79
2025-06-11,"P-04",85,0,0,0,1,85
2025-06-11,"P-05",55,0,1618,1563,0,0
2025-06-11,"P-06",69,0,2055,1986,0,0
2025-06-12,"P-01",20,0,137,117,0,0
2025-06-12,"P-02",8,0,220,212,0,0
2025-06-12,"P-03",52,210,210,158,0,0
2025-06-12,"P-04",68,280,280,212,0,0
2025-06-12,"P-05",53,0,1563,1510,0,0
2025-06-12,"P-06",70,0,1986,1916,0,0
2025-06-13,"P-01",2,0,117,115,0,0
2025-06-13,"P-02",14,63,275,261,0,0
2025-06-13,"P-03",65,210,368,303,0,0
2025-06-13,"P-04",77,0,212,135,0,0
2025-06-13,"P-05",59,0,1510,1451,0,0
2025-06-13,"P-06",62,0,1916,1854,0,0
2025-06-14,"P-01",17,0,115,98,0,0
2025-06-14,"P-02",4,0,261,257,0,0
2025-06-14,"P-03",61,0,303,242,0,0
2025-06-14,"P-04",74,0,135,61,0,0
2025-06-14,"P-05",61,385,1836,1775,0,0
2025-06-14,"P-06",73,0,1854,1781,0,0
2025-06-16,"P-01",3,0,98,95,0,0
2025-06-16,"P-02",18,0,257,239,0,0
2025-06-16,"P-03",60,0,242,182,0,0
2025-06-16,"P-04",79,0,61,0,1,18
2025-06-16,"P-05",47,0,1775,1728,0,0
2025-06-16,"P-06",62,0,1781,1719,0,0
2025-06-17,"P-01",6,42,137,131,0,0
2025-06-17,"P-02",2,0,239,237,0,0
2025-06-17,"P-03",61,0,182,121,0,0
2025-06-17,"P-04",81,0,0,0,1,81
2025-06-17,"P-05",44,0,1728,1684,0,0
2025-06-17,"P-06",62,0,1719,1657,0,0
2025-06-18,"P-01",3,0,131,128,0,0
2025-06-18,"P-02",0,0,237,237,0,0
2025-06-18,"P-03",72,0,121,49,0,0
2025-06-18,"P-04",73,0,0,0,1,73
2025-06-18,"P-05",63,0,1684,1621,0,0
2025-06-18,"P-06",72,0,1657,1585,0,0
2025-06-19,"P-01",6,0,128,122,0,0
2025-06-19,"P-02",11,0,237,226,0,0
2025-06-19,"P-03",65,0,49,0,1,16
2025-06-19,"P-04",77,0,0,0,1,77
2025-06-19,"P-05",50,385,2006,1956,0,0
2025-06-19,"P-06",53,455,2040,1987,0,0
2025-06-20,"P-01",4,0,122,118,0,0
2025-06-20,"P-02",6,0,226,220,0,0
2025-06-20,"P-03",56,0,0,0,1,56
2025-06-20,"P-04",75,0,0,0,1,75
2025-06-20,"P-05",49,0,1956,1907,0,0
2025-06-20,"P-06",66,0,1987,1921,0,0
2025-06-21,"P-01",1,0,118,117,0,0
2025-06-21,"P-02",6,0,220,214,0,0
2025-06-21,"P-03",60,210,210,150,0,0
2025-06-21,"P-04",76,0,0,0,1,76
2025-06-21,"P-05",49,0,1907,1858,0,0
2025-06-21,"P-06",75,0,1921,1846,0,0
2025-06-23,"P-01",9,0,117,108,0,0
2025-06-23,"P-02",9,0,214,205,0,0
2025-06-23,"P-03",64,0,150,86,0,0
2025-06-23,"P-04",71,280,280,209,0,0
2025-06-23,"P-05",45,0,1858,1813,0,0
2025-06-23,"P-06",67,0,1846,1779,0,0
2025-06-24,"P-01",0,0,108,108,0,0
2025-06-24,"P-02",0,0,205,205,0,0
2025-06-24,"P-03",53,0,86,33,0,0
2025-06-24,"P-04",82,0,209,127,0,0
2025-06-24,"P-05",56,0,1813,1757,0,0
2025-06-24,"P-06",61,455,2234,2173,0,0
2025-06-25,"P-01",9,0,108,99,0,0
2025-06-25,"P-02",17,0,205,188,0,0
2025-06-25,"P-03",46,0,33,0,1,13
2025-06-25,"P-04",83,0,127,44,0,0
2025-06-25,"P-05",45,0,1757,1712,0,0
2025-06-25,"P-06",68,0,2173,2105,0,0
2025-06-26,"P-01",3,0,99,96,0,0
2025-06-26,"P-02",9,0,188,179,0,0
2025-06-26,"P-03",55,0,0,0,1,55
2025-06-26,"P-04",88,0,44,0,1,44
2025-06-26,"P-05",60,0,1712,1652,0,0
2025-06-26,"P-06",78,0,2105,2027,0,0
2025-06-27,"P-01",2,0,96,94,0,0
2025-06-27,"P-02",13,0,179,166,0,0
2025-06-27,"P-03",54,0,0,0,1,54
2025-06-27,"P-04",90,0,0,0,1,90
2025-06-27,"P-05",51,385,2037,1986,0,0
2025-06-27,"P-06",66,0,2027,1961,0,0
2025-06-28,"P-01",11,0,94,83,0,0
2025-06-28,"P-02",2,0,166,164,0,0
2025-06-28,"P-03",64,0,0,0,1,64
2025-06-28,"P-04",74,0,0,0,1,74
2025-06-28,"P-05",48,0,1986,1938,0,0
2025-06-28,"P-06",66,0,1961,1895,0,0
2025-06-30,"P-01",10,0,83,73,0,0
2025-06-30,"P-02",1,0,164,163,0,0
2025-06-30,"P-03",54,0,0,0,1,54
2025-06-30,"P-04",68,0,0,0,1,68
2025-06-30,"P-05",59,0,1938,1879,0,0
2025-06-30,"P-06",67,0,1895,1828,0,0
2025-07-01,"P-01",11,0,73,62,0,0
2025-07-01,"P-02",5,0,163,158,0,0
2025-07-01,"P-03",23,0,0,0,1,23
2025-07-01,"P-04",37,280,280,243,0,0
2025-07-01,"P-05",54,0,1879,1825,0,0
2025-07-01,"P-06",69,455,2283,2214,0,0
2025-07-02,"P-01",5,0,62,57,0,0
2025-07-02,"P-02",4,0,158,154,0,0
2025-07-02,"P-03",28,210,210,182,0,0
2025-07-02,"P-04",39,0,243,204,0,0
2025-07-02,"P-05",43,0,1825,1782,0,0
2025-07-02,"P-06",78,0,2214,2136,0,0
2025-07-03,"P-01",10,0,57,47,0,0
2025-07-03,"P-02",1,0,154,153,0,0
2025-07-03,"P-03",25,0,182,157,0,0
2025-07-03,"P-04",30,280,484,454,0,0
2025-07-03,"P-05",53,0,1782,1729,0,0
2025-07-03,"P-06",70,0,2136,2066,0,0
2025-07-04,"P-01",10,42,89,79,0,0
2025-07-04,"P-02",7,0,153,146,0,0
2025-07-04,"P-03",30,210,367,337,0,0
2025-07-04,"P-04",29,0,454,425,0,0
2025-07-04,"P-05",39,0,1729,1690,0,0
2025-07-04,"P-06",62,0,2066,2004,0,0
2025-07-05,"P-01",7,0,79,72,0,0
2025-07-05,"P-02",9,0,146,137,0,0
2025-07-05,"P-03",29,0,337,308,0,0
2025-07-05,"P-04",26,0,425,399,0,0
2025-07-05,"P-05",61,0,1690,1629,0,0
2025-07-05,"P-06",76,0,2004,1928,0,0
2025-07-07,"P-01",0,0,72,72,0,0
2025-07-07,"P-02",5,0,137,132,0,0
2025-07-07,"P-03",27,0,308,281,0,0
2025-07-07,"P-04",35,0,399,364,0,0
2025-07-07,"P-05",56,0,1629,1573,0,0
2025-07-07,"P-06",51,0,1928,1877,0,0
2025-07-08,"P-01",0,0,72,72,0,0
2025-07-08,"P-02",45,0,132,87,0,0
2025-07-08,"P-03",23,0,281,258,0,0
2025-07-08,"P-04",40,0,364,324,0,0
2025-07-08,"P-05",56,0,1573,1517,0,0
2025-07-08,"P-06",66,0,1877,1811,0,0
2025-07-09,"P-01",9,42,114,105,0,0
2025-07-09,"P-02",19,0,87,68,0,0
2025-07-09,"P-03",30,0,258,228,0,0
2025-07-09,"P-04",46,0,324,278,0,0
2025-07-09,"P-05",64,0,1517,1453,0,0
2025-07-09,"P-06",61,0,1811,1750,0,0
2025-07-10,"P-01",9,0,105,96,0,0
2025-07-10,"P-02",8,0,68,60,0,0
2025-07-10,"P-03",16,0,228,212,0,0
2025-07-10,"P-04",41,0,278,237,0,0
2025-07-10,"P-05",49,385,1838,1789,0,0
2025-07-10,"P-06",66,0,1750,1684,0,0
2025-07-11,"P-01",3,0,96,93,0,0
2025-07-11,"P-02",7,0,60,53,0,0
2025-07-11,"P-03",33,0,212,179,0,0
2025-07-11,"P-04",36,0,237,201,0,0
2025-07-11,"P-05",46,0,1789,1743,0,0
2025-07-11,"P-06",72,455,2139,2067,0,0
2025-07-12,"P-01",5,0,93,88,0,0
2025-07-12,"P-02",14,0,53,39,0,0
2025-07-12,"P-03",36,210,389,353,0,0
2025-07-12,"P-04",38,0,201,163,0,0
2025-07-12,"P-05",64,0,1743,1679,0,0
2025-07-12,"P-06",69,0,2067,1998,0,0
2025-07-14,"P-01",5,0,88,83,0,0
2025-07-14,"P-02",3,0,39,36,0,0
2025-07-14,"P-03",26,0,353,327,0,0
2025-07-14,"P-04",45,0,163,118,0,0
2025-07-14,"P-05",56,0,1679,1623,0,0
2025-07-14,"P-06",54,0,1998,1944,0,0
2025-07-15,"P-01",1,0,83,82,0,0
2025-07-15,"P-02",12,0,36,24,0,0
2025-07-15,"P-03",30,0,327,297,0,0
2025-07-15,"P-04",35,280,398,363,0,0
2025-07-15,"P-05",66,0,1623,1557,0,0
2025-07-15,"P-06",82,0,1944,1862,0,0
2025-07-16,"P-01",6,0,82,76,0,0
2025-07-16,"P-02",7,0,24,17,0,0
2025-07-16,"P-03",27,0,297,270,0,0
2025-07-16,"P-04",34,0,363,329,0,0
2025-07-16,"P-05",49,0,1557,1508,0,0
2025-07-16,"P-06",56,455,2317,2261,0,0
2025-07-17,"P-01",4,0,76,72,0,0
2025-07-17,"P-02",4,0,17,13,0,0
2025-07-17,"P-03",33,0,270,237,0,0
2025-07-17,"P-04",46,0,329,283,0,0
2025-07-17,"P-05",49,385,1893,1844,0,0
2025-07-17,"P-06",68,0,2261,2193,0,0
2025-07-18,"P-01",3,0,72,69,0,0
2025-07-18,"P-02",12,0,13,1,0,0
2025-07-18,"P-03",24,0,237,213,0,0
2025-07-18,"P-04",46,280,563,517,0,0
2025-07-18,"P-05",47,0,1844,1797,0,0
2025-07-18,"P-06",62,0,2193,2131,0,0
2025-07-19,"P-01",1,0,69,68,0,0
2025-07-19,"P-02",5,0,1,0,1,4
2025-07-19,"P-03",24,210,423,399,0,0
2025-07-19,"P-04",39,0,517,478,0,0
2025-07-19,"P-05",59,0,1797,1738,0,0
2025-07-19,"P-06",71,0,2131,2060,0,0
2025-07-21,"P-01",13,42,110,97,0,0
2025-07-21,"P-02",2,0,0,0,1,2
2025-07-21,"P-03",33,0,399,366,0,0
2025-07-21,"P-04",46,0,478,432,0,0
2025-07-21,"P-05",51,0,1738,1687,0,0
2025-07-21,"P-06",55,0,2060,2005,0,0
2025-07-22,"P-01",1,0,97,96,0,0
2025-07-22,"P-02",28,63,63,35,0,0
2025-07-22,"P-03",32,0,366,334,0,0
2025-07-22,"P-04",40,0,432,392,0,0
2025-07-22,"P-05",45,0,1687,1642,0,0
2025-07-22,"P-06",56,0,2005,1949,0,0
2025-07-23,"P-01",7,0,96,89,0,0
2025-07-23,"P-02",4,0,35,31,0,0
2025-07-23,"P-03",25,0,334,309,0,0
2025-07-23,"P-04",41,0,392,351,0,0
2025-07-23,"P-05",49,0,1642,1593,0,0
2025-07-23,"P-06",63,0,1949,1886,0,0
2025-07-24,"P-01",2,0,89,87,0,0
2025-07-24,"P-02",2,0,31,29,0,0
2025-07-24,"P-03",30,0,309,279,0,0
2025-07-24,"P-04",44,0,351,307,0,0
2025-07-24,"P-05",53,385,1978,1925,0,0
2025-07-24,"P-06",63,0,1886,1823,0,0
2025-07-25,"P-01",2,0,87,85,0,0
2025-07-25,"P-02",9,0,29,20,0,0
2025-07-25,"P-03",23,0,279,256,0,0
2025-07-25,"P-04",36,280,587,551,0,0
2025-07-25,"P-05",52,0,1925,1873,0,0
2025-07-25,"P-06",58,0,1823,1765,0,0
2025-07-26,"P-01",16,0,85,69,0,0
2025-07-26,"P-02",7,0,20,13,0,0
2025-07-26,"P-03",33,210,466,433,0,0
2025-07-26,"P-04",41,0,551,510,0,0
2025-07-26,"P-05",54,0,1873,1819,0,0
2025-07-26,"P-06",64,455,2220,2156,0,0
2025-07-28,"P-01",2,0,69,67,0,0
2025-07-28,"P-02",4,0,13,9,0,0
2025-07-28,"P-03",24,0,433,409,0,0
2025-07-28,"P-04",47,0,510,463,0,0
2025-07-28,"P-05",49,0,1819,1770,0,0
2025-07-28,"P-06",75,0,2156,2081,0,0
2025-07-29,"P-01",10,42,109,99,0,0
2025-07-29,"P-02",11,63,72,61,0,0
2025-07-29,"P-03",31,0,409,378,0,0
2025-07-29,"P-04",39,0,463,424,0,0
2025-07-29,"P-05",52,0,1770,1718,0,0
2025-07-29,"P-06",75,0,2081,2006,0,0
2025-07-30,"P-01",6,0,99,93,0,0
2025-07-30,"P-02",11,0,61,50,0,0
2025-07-30,"P-03",40,0,378,338,0,0
2025-07-30,"P-04",36,0,424,388,0,0
2025-07-30,"P-05",59,385,2103,2044,0,0
2025-07-30,"P-06",65,0,2006,1941,0,0
2025-07-31,"P-01",4,0,93,89,0,0
2025-07-31,"P-02",33,0,50,17,0,0
2025-07-31,"P-03",32,0,338,306,0,0
2025-07-31,"P-04",41,0,388,347,0,0
2025-07-31,"P-05",57,0,2044,1987,0,0
2025-07-31,"P-06",59,0,1941,1882,0,0
2025-08-01,"P-01",2,0,89,87,0,0
2025-08-01,"P-02",1,0,17,16,0,0
2025-08-01,"P-03",31,210,516,485,0,0
2025-08-01,"P-04",34,0,347,313,0,0
2025-08-01,"P-05",47,0,1987,1940,0,0
2025-08-01,"P-06",58,0,1882,1824,0,0
2025-08-02,"P-01",0,42,129,129,0,0
2025-08-02,"P-02",5,0,16,11,0,0
2025-08-02,"P-03",37,0,485,448,0,0
2025-08-02,"P-04",36,280,593,557,0,0
2025-08-02,"P-05",68,0,1940,1872,0,0
2025-08-02,"P-06",62,0,1824,1762,0,0
2025-08-04,"P-01",5,0,129,124,0,0
2025-08-04,"P-02",3,0,11,8,0,0
2025-08-04,"P-03",32,0,448,416,0,0
2025-08-04,"P-04",35,0,557,522,0,0
2025-08-04,"P-05",49,0,1872,1823,0,0
2025-08-04,"P-06",70,0,1762,1692,0,0
2025-08-05,"P-01",5,0,124,119,0,0
2025-08-05,"P-02",6,63,71,65,0,0
2025-08-05,"P-03",39,0,416,377,0,0
2025-08-05,"P-04",35,0,522,487,0,0
2025-08-05,"P-05",67,0,1823,1756,0,0
2025-08-05,"P-06",77,0,1692,1615,0,0
2025-08-06,"P-01",12,0,119,107,0,0
2025-08-06,"P-02",4,0,65,61,0,0
2025-08-06,"P-03",30,0,377,347,0,0
2025-08-06,"P-04",38,0,487,449,0,0
2025-08-06,"P-05",71,0,1756,1685,0,0
2025-08-06,"P-06",84,455,2070,1986,0,0
2025-08-07,"P-01",23,0,107,84,0,0
2025-08-07,"P-02",10,0,61,51,0,0
2025-08-07,"P-03",49,0,347,298,0,0
2025-08-07,"P-04",30,0,449,419,0,0
2025-08-07,"P-05",56,0,1685,1629,0,0
2025-08-07,"P-06",68,0,1986,1918,0,0
2025-08-08,"P-01",12,42,126,114,0,0
2025-08-08,"P-02",6,0,51,45,0,0
2025-08-08,"P-03",26,0,298,272,0,0
2025-08-08,"P-04",41,280,699,658,0,0
2025-08-08,"P-05",55,0,1629,1574,0,0
2025-08-08,"P-06",60,0,1918,1858,0,0
2025-08-09,"P-01",17,0,114,97,0,0
2025-08-09,"P-02",9,0,45,36,0,0
2025-08-09,"P-03",42,0,272,230,0,0
2025-08-09,"P-04",46,0,658,612,0,0
2025-08-09,"P-05",50,0,1574,1524,0,0
2025-08-09,"P-06",64,0,1858,1794,0,0
2025-08-11,"P-01",2,0,97,95,0,0
2025-08-11,"P-02",11,63,99,88,0,0
2025-08-11,"P-03",19,0,230,211,0,0
2025-08-11,"P-04",36,0,612,576,0,0
2025-08-11,"P-05",46,0,1524,1478,0,0
2025-08-11,"P-06",86,0,1794,1708,0,0
2025-08-12,"P-01",2,0,95,93,0,0
2025-08-12,"P-02",7,0,88,81,0,0
2025-08-12,"P-03",35,0,211,176,0,0
2025-08-12,"P-04",37,0,576,539,0,0
2025-08-12,"P-05",55,0,1478,1423,0,0
2025-08-12,"P-06",76,455,2163,2087,0,0
2025-08-13,"P-01",5,0,93,88,0,0
2025-08-13,"P-02",10,0,81,71,0,0
2025-08-13,"P-03",32,210,386,354,0,0
2025-08-13,"P-04",30,0,539,509,0,0
2025-08-13,"P-05",50,0,1423,1373,0,0
2025-08-13,"P-06",61,0,2087,2026,0,0
2025-08-14,"P-01",5,0,88,83,0,0
2025-08-14,"P-02",2,0,71,69,0,0
2025-08-14,"P-03",37,0,354,317,0,0
2025-08-14,"P-04",35,0,509,474,0,0
2025-08-14,"P-05",61,385,1758,1697,0,0
2025-08-14,"P-06",71,0,2026,1955,0,0
2025-08-15,"P-01",6,0,83,77,0,0
2025-08-15,"P-02",11,0,69,58,0,0
2025-08-15,"P-03",31,0,317,286,0,0
2025-08-15,"P-04",31,0,474,443,0,0
2025-08-15,"P-05",55,0,1697,1642,0,0
2025-08-15,"P-06",65,0,1955,1890,0,0
2025-08-16,"P-01",7,0,77,70,0,0
2025-08-16,"P-02",13,0,58,45,0,0
2025-08-16,"P-03",26,0,286,260,0,0
2025-08-16,"P-04",42,0,443,401,0,0
2025-08-16,"P-05",60,0,1642,1582,0,0
2025-08-16,"P-06",62,0,1890,1828,0,0
2025-08-18,"P-01",12,0,70,58,0,0
2025-08-18,"P-02",5,0,45,40,0,0
2025-08-18,"P-03",31,210,470,439,0,0
2025-08-18,"P-04",39,0,401,362,0,0
2025-08-18,"P-05",57,0,1582,1525,0,0
2025-08-18,"P-06",69,0,1828,1759,0,0
2025-08-19,"P-01",3,0,58,55,0,0
2025-08-19,"P-02",8,0,40,32,0,0
2025-08-19,"P-03",31,0,439,408,0,0
2025-08-19,"P-04",42,0,362,320,0,0
2025-08-19,"P-05",63,0,1525,1462,0,0
2025-08-19,"P-06",43,0,1759,1716,0,0
2025-08-20,"P-01",4,42,97,93,0,0
2025-08-20,"P-02",29,63,95,66,0,0
2025-08-20,"P-03",32,0,408,376,0,0
2025-08-20,"P-04",44,0,320,276,0,0
2025-08-20,"P-05",63,0,1462,1399,0,0
2025-08-20,"P-06",63,0,1716,1653,0,0
2025-08-21,"P-01",12,0,93,81,0,0
2025-08-21,"P-02",12,0,66,54,0,0
2025-08-21,"P-03",41,0,376,335,0,0
2025-08-21,"P-04",35,0,276,241,0,0
2025-08-21,"P-05",58,385,1784,1726,0,0
2025-08-21,"P-06",66,455,2108,2042,0,0
2025-08-22,"P-01",15,0,81,66,0,0
2025-08-22,"P-02",18,0,54,36,0,0
2025-08-22,"P-03",35,0,335,300,0,0
2025-08-22,"P-04",39,0,241,202,0,0
2025-08-22,"P-05",58,0,1726,1668,0,0
2025-08-22,"P-06",74,0,2042,1968,0,0
2025-08-23,"P-01",6,0,66,60,0,0
2025-08-23,"P-02",10,0,36,26,0,0
2025-08-23,"P-03",27,210,510,483,0,0
2025-08-23,"P-04",35,280,482,447,0,0
2025-08-23,"P-05",57,0,1668,1611,0,0
2025-08-23,"P-06",77,0,1968,1891,0,0
2025-08-25,"P-01",2,0,60,58,0,0
2025-08-25,"P-02",7,0,26,19,0,0
2025-08-25,"P-03",24,0,483,459,0,0
2025-08-25,"P-04",50,0,447,397,0,0
2025-08-25,"P-05",63,0,1611,1548,0,0
2025-08-25,"P-06",71,0,1891,1820,0,0
2025-08-26,"P-01",17,0,58,41,0,0
2025-08-26,"P-02",23,0,19,0,1,4
2025-08-26,"P-03",37,0,459,422,0,0
2025-08-26,"P-04",35,0,397,362,0,0
2025-08-26,"P-05",50,0,1548,1498,0,0
2025-08-26,"P-06",50,0,1820,1770,0,0
2025-08-27,"P-01",5,0,41,36,0,0
2025-08-27,"P-02",3,63,63,60,0,0
2025-08-27,"P-03",37,0,422,385,0,0
2025-08-27,"P-04",35,0,362,327,0,0
2025-08-27,"P-05",54,0,1498,1444,0,0
2025-08-27,"P-06",67,0,1770,1703,0,0
2025-08-28,"P-01",2,0,36,34,0,0
2025-08-28,"P-02",3,0,60,57,0,0
2025-08-28,"P-03",17,0,385,368,0,0
2025-08-28,"P-04",37,0,327,290,0,0
2025-08-28,"P-05",61,0,1444,1383,0,0
2025-08-28,"P-06",61,455,2158,2097,0,0
2025-08-29,"P-01",6,0,34,28,0,0
2025-08-29,"P-02",1,0,57,56,0,0
2025-08-29,"P-03",38,0,368,330,0,0
2025-08-29,"P-04",38,0,290,252,0,0
2025-08-29,"P-05",46,385,1768,1722,0,0
2025-08-29,"P-06",66,0,2097,2031,0,0
2025-08-30,"P-01",5,0,28,23,0,0
2025-08-30,"P-02",7,0,56,49,0,0
2025-08-30,"P-03",27,0,330,303,0,0
2025-08-30,"P-04",40,0,252,212,0,0
2025-08-30,"P-05",69,0,1722,1653,0,0
2025-08-30,"P-06",69,0,2031,1962,0,0
2025-09-01,"P-01",7,0,23,16,0,0
2025-09-01,"P-02",3,0,49,46,0,0
2025-09-01,"P-03",55,0,303,248,0,0
2025-09-01,"P-04",79,0,212,133,0,0
2025-09-01,"P-05",57,0,1653,1596,0,0
2025-09-01,"P-06",75,0,1962,1887,0,0
2025-09-02,"P-01",0,0,16,16,0,0
2025-09-02,"P-02",13,0,46,33,0,0
2025-09-02,"P-03",61,0,248,187,0,0
2025-09-02,"P-04",86,280,413,327,0,0
2025-09-02,"P-05",60,0,1596,1536,0,0
2025-09-02,"P-06",70,455,2342,2272,0,0
2025-09-03,"P-01",1,0,16,15,0,0
2025-09-03,"P-02",5,0,33,28,0,0
2025-09-03,"P-03",61,0,187,126,0,0
2025-09-03,"P-04",77,0,327,250,0,0
2025-09-03,"P-05",52,0,1536,1484,0,0
2025-09-03,"P-06",69,0,2272,2203,0,0
2025-09-04,"P-01",1,0,15,14,0,0
2025-09-04,"P-02",15,63,91,76,0,0
2025-09-04,"P-03",70,0,126,56,0,0
2025-09-04,"P-04",84,0,250,166,0,0
2025-09-04,"P-05",67,385,1869,1802,0,0
2025-09-04,"P-06",76,0,2203,2127,0,0
2025-09-05,"P-01",4,0,14,10,0,0
2025-09-05,"P-02",11,0,76,65,0,0
2025-09-05,"P-03",56,0,56,0,0,0
2025-09-05,"P-04",82,0,166,84,0,0
2025-09-05,"P-05",57,0,1802,1745,0,0
2025-09-05,"P-06",68,0,2127,2059,0,0
2025-09-06,"P-01",5,42,52,47,0,0
2025-09-06,"P-02",1,0,65,64,0,0
2025-09-06,"P-03",49,210,210,161,0,0
2025-09-06,"P-04",65,0,84,19,0,0
2025-09-06,"P-05",58,0,1745,1687,0,0
2025-09-06,"P-06",64,0,2059,1995,0,0
2025-09-08,"P-01",3,0,47,44,0,0
2025-09-08,"P-02",17,0,64,47,0,0
2025-09-08,"P-03",55,0,161,106,0,0
2025-09-08,"P-04",80,0,19,0,1,61
2025-09-08,"P-05",56,0,1687,1631,0,0
2025-09-08,"P-06",65,0,1995,1930,0,0
2025-09-09,"P-01",4,0,44,40,0,0
2025-09-09,"P-02",9,0,47,38,0,0
2025-09-09,"P-03",52,0,106,54,0,0
2025-09-09,"P-04",87,0,0,0,1,87
2025-09-09,"P-05",52,0,1631,1579,0,0
2025-09-09,"P-06",63,0,1930,1867,0,0
2025-09-10,"P-01",13,42,82,69,0,0
2025-09-10,"P-02",16,0,38,22,0,0
2025-09-10,"P-03",63,0,54,0,1,9
2025-09-10,"P-04",89,560,560,471,0,0
2025-09-10,"P-05",52,0,1579,1527,0,0
2025-09-10,"P-06",69,455,2322,2253,0,0
2025-09-11,"P-01",8,0,69,61,0,0
2025-09-11,"P-02",2,0,22,20,0,0
2025-09-11,"P-03",50,210,210,160,0,0
2025-09-11,"P-04",81,0,471,390,0,0
2025-09-11,"P-05",59,385,1912,1853,0,0
2025-09-11,"P-06",62,0,2253,2191,0,0
2025-09-12,"P-01",5,0,61,56,0,0
2025-09-12,"P-02",4,0,20,16,0,0
2025-09-12,"P-03",67,0,160,93,0,0
2025-09-12,"P-04",72,0,390,318,0,0
2025-09-12,"P-05",60,0,1853,1793,0,0
2025-09-12,"P-06",78,0,2191,2113,0,0
2025-09-13,"P-01",9,0,56,47,0,0
2025-09-13,"P-02",5,0,16,11,0,0
2025-09-13,"P-03",48,0,93,45,0,0
2025-09-13,"P-04",83,0,318,235,0,0
2025-09-13,"P-05",62,0,1793,1731,0,0
2025-09-13,"P-06",69,0,2113,2044,0,0
2025-09-15,"P-01",9,0,47,38,0,0
2025-09-15,"P-02",3,0,11,8,0,0
2025-09-15,"P-03",69,0,45,0,1,24
2025-09-15,"P-04",68,0,235,167,0,0
2025-09-15,"P-05",60,0,1731,1671,0,0
2025-09-15,"P-06",67,0,2044,1977,0,0
2025-09-16,"P-01",10,0,38,28,0,0
2025-09-16,"P-02",3,0,8,5,0,0
2025-09-16,"P-03",75,0,0,0,1,75
2025-09-16,"P-04",76,0,167,91,0,0
2025-09-16,"P-05",63,0,1671,1608,0,0
2025-09-16,"P-06",58,0,1977,1919,0,0
2025-09-17,"P-01",2,0,28,26,0,0
2025-09-17,"P-02",5,63,68,63,0,0
2025-09-17,"P-03",61,0,0,0,1,61
2025-09-17,"P-04",99,0,91,0,1,8
2025-09-17,"P-05",41,0,1608,1567,0,0
2025-09-17,"P-06",53,455,2374,2321,0,0
2025-09-18,"P-01",2,42,68,66,0,0
2025-09-18,"P-02",3,0,63,60,0,0
2025-09-18,"P-03",65,0,0,0,1,65
2025-09-18,"P-04",97,0,0,0,1,97
2025-09-18,"P-05",57,385,1952,1895,0,0
2025-09-18,"P-06",63,0,2321,2258,0,0
2025-09-19,"P-01",11,0,66,55,0,0
2025-09-19,"P-02",6,0,60,54,0,0
2025-09-19,"P-03",47,0,0,0,1,47
2025-09-19,"P-04",53,280,280,227,0,0
2025-09-19,"P-05",57,0,1895,1838,0,0
2025-09-19,"P-06",81,0,2258,2177,0,0
2025-09-20,"P-01",4,0,55,51,0,0
2025-09-20,"P-02",4,63,117,113,0,0
2025-09-20,"P-03",56,0,0,0,1,56
2025-09-20,"P-04",68,0,227,159,0,0
2025-09-20,"P-05",58,0,1838,1780,0,0
2025-09-20,"P-06",76,0,2177,2101,0,0
2025-09-22,"P-01",5,0,51,46,0,0
2025-09-22,"P-02",3,0,113,110,0,0
2025-09-22,"P-03",52,0,0,0,1,52
2025-09-22,"P-04",78,0,159,81,0,0
2025-09-22,"P-05",49,0,1780,1731,0,0
2025-09-22,"P-06",77,0,2101,2024,0,0
2025-09-23,"P-01",3,0,46,43,0,0
2025-09-23,"P-02",9,0,110,101,0,0
2025-09-23,"P-03",52,0,0,0,1,52
2025-09-23,"P-04",71,0,81,10,0,0
2025-09-23,"P-05",47,0,1731,1684,0,0
2025-09-23,"P-06",80,0,2024,1944,0,0
2025-09-24,"P-01",16,0,43,27,0,0
2025-09-24,"P-02",21,63,164,143,0,0
2025-09-24,"P-03",60,0,0,0,1,60
2025-09-24,"P-04",83,0,10,0,1,73
2025-09-24,"P-05",63,0,1684,1621,0,0
2025-09-24,"P-06",81,0,1944,1863,0,0
2025-09-25,"P-01",4,42,69,65,0,0
2025-09-25,"P-02",37,0,143,106,0,0
2025-09-25,"P-03",64,210,210,146,0,0
2025-09-25,"P-04",92,0,0,0,1,92
2025-09-25,"P-05",51,0,1621,1570,0,0
2025-09-25,"P-06",64,455,2318,2254,0,0
2025-09-26,"P-01",3,0,65,62,0,0
2025-09-26,"P-02",13,0,106,93,0,0
2025-09-26,"P-03",66,0,146,80,0,0
2025-09-26,"P-04",74,0,0,0,1,74
2025-09-26,"P-05",43,385,1955,1912,0,0
2025-09-26,"P-06",49,0,2254,2205,0,0
2025-09-27,"P-01",5,0,62,57,0,0
2025-09-27,"P-02",8,0,93,85,0,0
2025-09-27,"P-03",61,0,80,19,0,0
2025-09-27,"P-04",72,280,280,208,0,0
2025-09-27,"P-05",57,0,1912,1855,0,0
2025-09-27,"P-06",68,0,2205,2137,0,0
2025-09-29,"P-01",6,0,57,51,0,0
2025-09-29,"P-02",2,0,85,83,0,0
2025-09-29,"P-03",55,0,19,0,1,36
2025-09-29,"P-04",72,0,208,136,0,0
2025-09-29,"P-05",59,0,1855,1796,0,0
2025-09-29,"P-06",70,0,2137,2067,0,0
2025-09-30,"P-01",11,0,51,40,0,0
2025-09-30,"P-02",6,0,83,77,0,0
2025-09-30,"P-03",72,210,210,138,0,0
2025-09-30,"P-04",66,0,136,70,0,0
2025-09-30,"P-05",56,0,1796,1740,0,0
2025-09-30,"P-06",70,455,2522,2452,0,0
2025-10-01,"P-01",4,0,40,36,0,0
2025-10-01,"P-02",11,0,77,66,0,0
2025-10-01,"P-03",26,210,348,322,0,0
2025-10-01,"P-04",45,0,70,25,0,0
2025-10-01,"P-05",49,385,2125,2076,0,0
2025-10-01,"P-06",70,0,2452,2382,0,0
2025-10-02,"P-01",13,0,36,23,0,0
2025-10-02,"P-02",5,0,66,61,0,0
2025-10-02,"P-03",36,0,322,286,0,0
2025-10-02,"P-04",41,0,25,0,1,16
2025-10-02,"P-05",51,0,2076,2025,0,0
2025-10-02,"P-06",73,0,2382,2309,0,0
2025-10-03,"P-01",7,0,23,16,0,0
2025-10-03,"P-02",9,63,124,115,0,0
2025-10-03,"P-03",24,0,286,262,0,0
2025-10-03,"P-04",35,280,280,245,0,0
2025-10-03,"P-05",57,0,2025,1968,0,0
2025-10-03,"P-06",69,0,2309,2240,0,0
2025-10-04,"P-01",14,42,58,44,0,0
2025-10-04,"P-02",6,0,115,109,0,0
2025-10-04,"P-03",21,0,262,241,0,0
2025-10-04,"P-04",38,0,245,207,0,0
2025-10-04,"P-05",58,0,1968,1910,0,0
2025-10-04,"P-06",58,0,2240,2182,0,0
2025-10-06,"P-01",4,0,44,40,0,0
2025-10-06,"P-02",4,0,109,105,0,0
2025-10-06,"P-03",36,0,241,205,0,0
2025-10-06,"P-04",42,0,207,165,0,0
2025-10-06,"P-05",53,0,1910,1857,0,0
2025-10-06,"P-06",63,0,2182,2119,0,0
2025-10-07,"P-01",4,0,40,36,0,0
2025-10-07,"P-02",9,0,105,96,0,0
2025-10-07,"P-03",35,0,205,170,0,0
2025-10-07,"P-04",31,0,165,134,0,0
2025-10-07,"P-05",56,0,1857,1801,0,0
2025-10-07,"P-06",50,0,2119,2069,0,0
2025-10-08,"P-01",18,0,36,18,0,0
2025-10-08,"P-02",9,63,159,150,0,0
2025-10-08,"P-03",29,0,170,141,0,0
2025-10-08,"P-04",31,0,134,103,0,0
2025-10-08,"P-05",44,0,1801,1757,0,0
2025-10-08,"P-06",61,0,2069,2008,0,0
2025-10-09,"P-01",3,0,18,15,0,0
2025-10-09,"P-02",7,0,150,143,0,0
2025-10-09,"P-03",27,0,141,114,0,0
2025-10-09,"P-04",45,0,103,58,0,0
2025-10-09,"P-05",52,0,1757,1705,0,0
2025-10-09,"P-06",72,0,2008,1936,0,0
2025-10-10,"P-01",3,0,15,12,0,0
2025-10-10,"P-02",4,0,143,139,0,0
2025-10-10,"P-03",33,210,324,291,0,0
2025-10-10,"P-04",50,0,58,8,0,0
2025-10-10,"P-05",62,0,1705,1643,0,0
2025-10-10,"P-06",71,0,1936,1865,0,0
2025-10-11,"P-01",15,42,54,39,0,0
2025-10-11,"P-02",12,0,139,127,0,0
2025-10-11,"P-03",35,0,291,256,0,0
2025-10-11,"P-04",41,0,8,0,1,33
2025-10-11,"P-05",52,0,1643,1591,0,0
2025-10-11,"P-06",56,0,1865,1809,0,0
2025-10-13,"P-01",4,0,39,35,0,0
2025-10-13,"P-02",13,0,127,114,0,0
2025-10-13,"P-03",28,0,256,228,0,0
2025-10-13,"P-04",31,0,0,0,1,31
2025-10-13,"P-05",64,0,1591,1527,0,0
2025-10-13,"P-06",72,0,1809,1737,0,0
2025-10-14,"P-01",6,84,119,113,0,0
2025-10-14,"P-02",7,0,114,107,0,0
2025-10-14,"P-03",29,0,228,199,0,0
2025-10-14,"P-04",43,280,280,237,0,0
2025-10-14,"P-05",46,0,1527,1481,0,0
2025-10-14,"P-06",50,0,1737,1687,0,0
2025-10-15,"P-01",2,0,113,111,0,0
2025-10-15,"P-02",4,0,107,103,0,0
2025-10-15,"P-03",26,0,199,173,0,0
2025-10-15,"P-04",44,0,237,193,0,0
2025-10-15,"P-05",46,0,1481,1435,0,0
2025-10-15,"P-06",75,455,2142,2067,0,0
2025-10-16,"P-01",8,0,111,103,0,0
2025-10-16,"P-02",6,0,103,97,0,0
2025-10-16,"P-03",26,0,173,147,0,0
2025-10-16,"P-04",32,0,193,161,0,0
2025-10-16,"P-05",64,0,1435,1371,0,0
2025-10-16,"P-06",66,0,2067,2001,0,0
2025-10-17,"P-01",5,0,103,98,0,0
2025-10-17,"P-02",3,0,97,94,0,0
2025-10-17,"P-03",40,0,147,107,0,0
2025-10-17,"P-04",36,280,441,405,0,0
2025-10-17,"P-05",54,385,1756,1702,0,0
2025-10-17,"P-06",66,0,2001,1935,0,0
2025-10-18,"P-01",8,42,140,132,0,0
2025-10-18,"P-02",10,0,94,84,0,0
2025-10-18,"P-03",27,0,107,80,0,0
2025-10-18,"P-04",32,0,405,373,0,0
2025-10-18,"P-05",45,0,1702,1657,0,0
2025-10-18,"P-06",76,0,1935,1859,0,0
2025-10-20,"P-01",9,0,132,123,0,0
2025-10-20,"P-02",18,0,84,66,0,0
2025-10-20,"P-03",26,0,80,54,0,0
2025-10-20,"P-04",39,0,373,334,0,0
2025-10-20,"P-05",45,0,1657,1612,0,0
2025-10-20,"P-06",63,0,1859,1796,0,0
2025-10-21,"P-01",2,0,123,121,0,0
2025-10-21,"P-02",7,0,66,59,0,0
2025-10-21,"P-03",32,0,54,22,0,0
2025-10-21,"P-04",36,0,334,298,0,0
2025-10-21,"P-05",46,0,1612,1566,0,0
2025-10-21,"P-06",64,0,1796,1732,0,0
2025-10-22,"P-01",4,0,121,117,0,0
2025-10-22,"P-02",2,126,185,183,0,0
2025-10-22,"P-03",36,0,22,0,1,14
2025-10-22,"P-04",38,0,298,260,0,0
2025-10-22,"P-05",63,385,1951,1888,0,0
2025-10-22,"P-06",72,455,2187,2115,0,0
2025-10-23,"P-01",6,0,117,111,0,0
2025-10-23,"P-02",3,0,183,180,0,0
2025-10-23,"P-03",25,210,210,185,0,0
2025-10-23,"P-04",44,0,260,216,0,0
2025-10-23,"P-05",62,0,1888,1826,0,0
2025-10-23,"P-06",60,0,2115,2055,0,0
2025-10-24,"P-01",7,0,111,104,0,0
2025-10-24,"P-02",2,0,180,178,0,0
2025-10-24,"P-03",29,0,185,156,0,0
2025-10-24,"P-04",37,0,216,179,0,0
2025-10-24,"P-05",54,0,1826,1772,0,0
2025-10-24,"P-06",79,0,2055,1976,0,0
2025-10-25,"P-01",1,0,104,103,0,0
2025-10-25,"P-02",5,0,178,173,0,0
2025-10-25,"P-03",21,0,156,135,0,0
2025-10-25,"P-04",33,280,459,426,0,0
2025-10-25,"P-05",66,0,1772,1706,0,0
2025-10-25,"P-06",72,0,1976,1904,0,0
2025-10-27,"P-01",2,0,103,101,0,0
2025-10-27,"P-02",9,0,173,164,0,0
2025-10-27,"P-03",31,210,345,314,0,0
2025-10-27,"P-04",40,0,426,386,0,0
2025-10-27,"P-05",54,0,1706,1652,0,0
2025-10-27,"P-06",66,0,1904,1838,0,0
2025-10-28,"P-01",4,0,101,97,0,0
2025-10-28,"P-02",4,63,227,223,0,0
2025-10-28,"P-03",21,0,314,293,0,0
2025-10-28,"P-04",25,0,386,361,0,0
2025-10-28,"P-05",56,0,1652,1596,0,0
2025-10-28,"P-06",66,0,1838,1772,0,0
2025-10-29,"P-01",1,0,97,96,0,0
2025-10-29,"P-02",6,0,223,217,0,0
2025-10-29,"P-03",34,0,293,259,0,0
2025-10-29,"P-04",50,0,361,311,0,0
2025-10-29,"P-05",51,385,1981,1930,0,0
2025-10-29,"P-06",66,455,2227,2161,0,0
2025-10-30,"P-01",1,0,96,95,0,0
2025-10-30,"P-02",20,0,217,197,0,0
2025-10-30,"P-03",31,210,469,438,0,0
2025-10-30,"P-04",38,0,311,273,0,0
2025-10-30,"P-05",54,0,1930,1876,0,0
2025-10-30,"P-06",71,0,2161,2090,0,0
2025-10-31,"P-01",7,0,95,88,0,0
2025-10-31,"P-02",1,0,197,196,0,0
2025-10-31,"P-03",18,0,438,420,0,0
2025-10-31,"P-04",42,0,273,231,0,0
2025-10-31,"P-05",51,0,1876,1825,0,0
2025-10-31,"P-06",60,0,2090,2030,0,0
2025-11-01,"P-01",2,0,88,86,0,0
2025-11-01,"P-02",12,0,196,184,0,0
2025-11-01,"P-03",25,0,420,395,0,0
2025-11-01,"P-04",32,0,231,199,0,0
2025-11-01,"P-05",60,0,1825,1765,0,0
2025-11-01,"P-06",61,0,2030,1969,0,0
2025-11-03,"P-01",4,0,86,82,0,0
2025-11-03,"P-02",9,0,184,175,0,0
2025-11-03,"P-03",33,0,395,362,0,0
2025-11-03,"P-04",46,280,479,433,0,0
2025-11-03,"P-05",54,0,1765,1711,0,0
2025-11-03,"P-06",69,0,1969,1900,0,0
2025-11-04,"P-01",4,0,82,78,0,0
2025-11-04,"P-02",9,0,175,166,0,0
2025-11-04,"P-03",27,0,362,335,0,0
2025-11-04,"P-04",49,0,433,384,0,0
2025-11-04,"P-05",60,0,1711,1651,0,0
2025-11-04,"P-06",65,0,1900,1835,0,0
2025-11-05,"P-01",4,0,78,74,0,0
2025-11-05,"P-02",8,0,166,158,0,0
2025-11-05,"P-03",25,0,335,310,0,0
2025-11-05,"P-04",42,0,384,342,0,0
2025-11-05,"P-05",38,385,2036,1998,0,0
2025-11-05,"P-06",69,0,1835,1766,0,0
2025-11-06,"P-01",4,0,74,70,0,0
2025-11-06,"P-02",7,0,158,151,0,0
2025-11-06,"P-03",30,0,310,280,0,0
2025-11-06,"P-04",36,0,342,306,0,0
2025-11-06,"P-05",56,0,1998,1942,0,0
2025-11-06,"P-06",64,455,2221,2157,0,0
2025-11-07,"P-01",6,0,70,64,0,0
2025-11-07,"P-02",3,0,151,148,0,0
2025-11-07,"P-03",44,0,280,236,0,0
2025-11-07,"P-04",49,0,306,257,0,0
2025-11-07,"P-05",49,0,1942,1893,0,0
2025-11-07,"P-06",66,0,2157,2091,0,0
2025-11-08,"P-01",3,0,64,61,0,0
2025-11-08,"P-02",5,0,148,143,0,0
2025-11-08,"P-03",33,0,236,203,0,0
2025-11-08,"P-04",46,0,257,211,0,0
2025-11-08,"P-05",58,0,1893,1835,0,0
2025-11-08,"P-06",74,0,2091,2017,0,0
2025-11-10,"P-01",0,0,61,61,0,0
2025-11-10,"P-02",14,0,143,129,0,0
2025-11-10,"P-03",34,0,203,169,0,0
2025-11-10,"P-04",46,0,211,165,0,0
2025-11-10,"P-05",59,0,1835,1776,0,0
2025-11-10,"P-06",60,0,2017,1957,0,0
2025-11-11,"P-01",2,0,61,59,0,0
2025-11-11,"P-02",23,0,129,106,0,0
2025-11-11,"P-03",32,0,169,137,0,0
2025-11-11,"P-04",45,280,445,400,0,0
2025-11-11,"P-05",48,0,1776,1728,0,0
2025-11-11,"P-06",52,455,2412,2360,0,0
2025-11-12,"P-01",19,0,59,40,0,0
2025-11-12,"P-02",14,0,106,92,0,0
2025-11-12,"P-03",34,210,347,313,0,0
2025-11-12,"P-04",45,0,400,355,0,0
2025-11-12,"P-05",64,385,2113,2049,0,0
2025-11-12,"P-06",63,0,2360,2297,0,0
2025-11-13,"P-01",11,0,40,29,0,0
2025-11-13,"P-02",3,0,92,89,0,0
2025-11-13,"P-03",31,0,313,282,0,0
2025-11-13,"P-04",41,0,355,314,0,0
2025-11-13,"P-05",53,0,2049,1996,0,0
2025-11-13,"P-06",69,0,2297,2228,0,0
2025-11-14,"P-01",5,0,29,24,0,0
2025-11-14,"P-02",17,0,89,72,0,0
2025-11-14,"P-03",29,0,282,253,0,0
2025-11-14,"P-04",44,0,314,270,0,0
2025-11-14,"P-05",59,0,1996,1937,0,0
2025-11-14,"P-06",56,0,2228,2172,0,0
2025-11-15,"P-01",6,0,24,18,0,0
2025-11-15,"P-02",7,0,72,65,0,0
2025-11-15,"P-03",24,210,463,439,0,0
2025-11-15,"P-04",44,280,550,506,0,0
2025-11-15,"P-05",56,0,1937,1881,0,0
2025-11-15,"P-06",76,0,2172,2096,0,0
2025-11-17,"P-01",14,0,18,4,0,0
2025-11-17,"P-02",12,0,65,53,0,0
2025-11-17,"P-03",28,0,439,411,0,0
2025-11-17,"P-04",35,0,506,471,0,0
2025-11-17,"P-05",71,0,1881,1810,0,0
2025-11-17,"P-06",65,0,2096,2031,0,0
2025-11-18,"P-01",8,0,4,0,1,4
2025-11-18,"P-02",0,0,53,53,0,0
2025-11-18,"P-03",36,0,411,375,0,0
2025-11-18,"P-04",35,0,471,436,0,0
2025-11-18,"P-05",61,0,1810,1749,0,0
2025-11-18,"P-06",58,0,2031,1973,0,0
2025-11-19,"P-01",3,42,42,39,0,0
2025-11-19,"P-02",1,0,53,52,0,0
2025-11-19,"P-03",26,0,375,349,0,0
2025-11-19,"P-04",28,0,436,408,0,0
2025-11-19,"P-05",63,0,1749,1686,0,0
2025-11-19,"P-06",62,0,1973,1911,0,0
2025-11-20,"P-01",11,0,39,28,0,0
2025-11-20,"P-02",4,0,52,48,0,0
2025-11-20,"P-03",23,0,349,326,0,0
2025-11-20,"P-04",41,0,408,367,0,0
2025-11-20,"P-05",58,0,1686,1628,0,0
2025-11-20,"P-06",61,0,1911,1850,0,0
2025-11-21,"P-01",4,42,70,66,0,0
2025-11-21,"P-02",2,0,48,46,0,0
2025-11-21,"P-03",33,0,326,293,0,0
2025-11-21,"P-04",42,280,647,605,0,0
2025-11-21,"P-05",44,0,1628,1584,0,0
2025-11-21,"P-06",80,0,1850,1770,0,0
2025-11-22,"P-01",9,0,66,57,0,0
2025-11-22,"P-02",20,0,46,26,0,0
2025-11-22,"P-03",25,210,503,478,0,0
2025-11-22,"P-04",50,0,605,555,0,0
2025-11-22,"P-05",53,0,1584,1531,0,0
2025-11-22,"P-06",56,455,2225,2169,0,0
2025-11-24,"P-01",15,0,57,42,0,0
2025-11-24,"P-02",4,0,26,22,0,0
2025-11-24,"P-03",45,0,478,433,0,0
2025-11-24,"P-04",40,0,555,515,0,0
2025-11-24,"P-05",58,0,1531,1473,0,0
2025-11-24,"P-06",70,0,2169,2099,0,0
2025-11-25,"P-01",1,0,42,41,0,0
2025-11-25,"P-02",27,0,22,0,1,5
2025-11-25,"P-03",30,0,433,403,0,0
2025-11-25,"P-04",32,0,515,483,0,0
2025-11-25,"P-05",42,0,1473,1431,0,0
2025-11-25,"P-06",74,0,2099,2025,0,0
2025-11-26,"P-01",5,0,41,36,0,0
2025-11-26,"P-02",5,0,0,0,1,5
2025-11-26,"P-03",30,0,403,373,0,0
2025-11-26,"P-04",40,0,483,443,0,0
2025-11-26,"P-05",55,385,1816,1761,0,0
2025-11-26,"P-06",45,0,2025,1980,0,0
2025-11-27,"P-01",9,0,36,27,0,0
2025-11-27,"P-02",20,0,0,0,1,20
2025-11-27,"P-03",33,0,373,340,0,0
2025-11-27,"P-04",41,0,443,402,0,0
2025-11-27,"P-05",53,0,1761,1708,0,0
2025-11-27,"P-06",51,0,1980,1929,0,0
2025-11-28,"P-01",6,0,27,21,0,0
2025-11-28,"P-02",4,63,63,59,0,0
2025-11-28,"P-03",40,0,340,300,0,0
2025-11-28,"P-04",56,280,682,626,0,0
2025-11-28,"P-05",44,0,1708,1664,0,0
2025-11-28,"P-06",62,0,1929,1867,0,0
2025-11-29,"P-01",11,0,21,10,0,0
2025-11-29,"P-02",2,0,59,57,0,0
2025-11-29,"P-03",30,0,300,270,0,0
2025-11-29,"P-04",32,0,626,594,0,0
2025-11-29,"P-05",57,0,1664,1607,0,0
2025-11-29,"P-06",56,0,1867,1811,0,0
2025-12-01,"P-01",1,42,52,51,0,0
2025-12-01,"P-02",7,0,57,50,0,0
2025-12-01,"P-03",66,0,270,204,0,0
2025-12-01,"P-04",76,0,594,518,0,0
2025-12-01,"P-05",50,0,1607,1557,0,0
2025-12-01,"P-06",83,0,1811,1728,0,0
2025-12-02,"P-01",9,0,51,42,0,0
2025-12-02,"P-02",8,0,50,42,0,0
2025-12-02,"P-03",56,0,204,148,0,0
2025-12-02,"P-04",79,0,518,439,0,0
2025-12-02,"P-05",47,0,1557,1510,0,0
2025-12-02,"P-06",75,455,2183,2108,0,0
2025-12-03,"P-01",10,0,42,32,0,0
2025-12-03,"P-02",0,0,42,42,0,0
2025-12-03,"P-03",64,0,148,84,0,0
2025-12-03,"P-04",82,0,439,357,0,0
2025-12-03,"P-05",60,0,1510,1450,0,0
2025-12-03,"P-06",54,0,2108,2054,0,0
2025-12-04,"P-01",6,0,32,26,0,0
2025-12-04,"P-02",1,0,42,41,0,0
2025-12-04,"P-03",55,0,84,29,0,0
2025-12-04,"P-04",77,0,357,280,0,0
2025-12-04,"P-05",57,0,1450,1393,0,0
2025-12-04,"P-06",71,0,2054,1983,0,0
2025-12-05,"P-01",5,0,26,21,0,0
2025-12-05,"P-02",0,0,41,41,0,0
2025-12-05,"P-03",69,0,29,0,1,40
2025-12-05,"P-04",67,0,280,213,0,0
2025-12-05,"P-05",46,0,1393,1347,0,0
2025-12-05,"P-06",60,0,1983,1923,0,0
2025-12-06,"P-01",3,0,21,18,0,0
2025-12-06,"P-02",5,0,41,36,0,0
2025-12-06,"P-03",51,0,0,0,1,51
2025-12-06,"P-04",79,0,213,134,0,0
2025-12-06,"P-05",61,385,1732,1671,0,0
2025-12-06,"P-06",70,0,1923,1853,0,0
2025-12-08,"P-01",8,0,18,10,0,0
2025-12-08,"P-02",5,63,99,94,0,0
2025-12-08,"P-03",66,0,0,0,1,66
2025-12-08,"P-04",73,0,134,61,0,0
2025-12-08,"P-05",49,0,1671,1622,0,0
2025-12-08,"P-06",66,0,1853,1787,0,0
2025-12-09,"P-01",20,0,10,0,1,10
2025-12-09,"P-02",0,0,94,94,0,0
2025-12-09,"P-03",40,0,0,0,1,40
2025-12-09,"P-04",89,0,61,0,1,28
2025-12-09,"P-05",43,0,1622,1579,0,0
2025-12-09,"P-06",76,455,2242,2166,0,0
2025-12-10,"P-01",4,0,0,0,1,4
2025-12-10,"P-02",12,0,94,82,0,0
2025-12-10,"P-03",52,0,0,0,1,52
2025-12-10,"P-04",66,0,0,0,1,66
2025-12-10,"P-05",57,385,1964,1907,0,0
2025-12-10,"P-06",74,0,2166,2092,0,0
2025-12-11,"P-01",4,0,0,0,1,4
2025-12-11,"P-02",4,63,145,141,0,0
2025-12-11,"P-03",72,0,0,0,1,72
2025-12-11,"P-04",80,0,0,0,1,80
2025-12-11,"P-05",57,0,1907,1850,0,0
2025-12-11,"P-06",74,0,2092,2018,0,0
2025-12-12,"P-01",1,42,42,41,0,0
2025-12-12,"P-02",5,0,141,136,0,0
2025-12-12,"P-03",60,420,420,360,0,0
2025-12-12,"P-04",76,0,0,0,1,76
2025-12-12,"P-05",47,0,1850,1803,0,0
2025-12-12,"P-06",76,0,2018,1942,0,0
2025-12-13,"P-01",1,0,41,40,0,0
2025-12-13,"P-02",8,0,136,128,0,0
2025-12-13,"P-03",62,0,360,298,0,0
2025-12-13,"P-04",70,0,0,0,1,70
2025-12-13,"P-05",51,0,1803,1752,0,0
2025-12-13,"P-06",80,0,1942,1862,0,0
2025-12-15,"P-01",2,0,40,38,0,0
2025-12-15,"P-02",3,0,128,125,0,0
2025-12-15,"P-03",59,0,298,239,0,0
2025-12-15,"P-04",68,280,280,212,0,0
2025-12-15,"P-05",61,0,1752,1691,0,0
2025-12-15,"P-06",63,0,1862,1799,0,0
2025-12-16,"P-01",15,42,80,65,0,0
2025-12-16,"P-02",1,0,125,124,0,0
2025-12-16,"P-03",55,0,239,184,0,0
2025-12-16,"P-04",70,0,212,142,0,0
2025-12-16,"P-05",64,0,1691,1627,0,0
2025-12-16,"P-06",79,0,1799,1720,0,0
2025-12-17,"P-01",10,42,107,97,0,0
2025-12-17,"P-02",5,0,124,119,0,0
2025-12-17,"P-03",60,0,184,124,0,0
2025-12-17,"P-04",86,0,142,56,0,0
2025-12-17,"P-05",49,0,1627,1578,0,0
2025-12-17,"P-06",73,455,2175,2102,0,0
2025-12-18,"P-01",3,0,97,94,0,0
2025-12-18,"P-02",27,0,119,92,0,0
2025-12-18,"P-03",54,210,334,280,0,0
2025-12-18,"P-04",75,0,56,0,1,19
2025-12-18,"P-05",48,0,1578,1530,0,0
2025-12-18,"P-06",64,0,2102,2038,0,0
2025-12-19,"P-01",7,0,94,87,0,0
2025-12-19,"P-02",10,63,155,145,0,0
2025-12-19,"P-03",54,0,280,226,0,0
2025-12-19,"P-04",81,0,0,0,1,81
2025-12-19,"P-05",51,0,1530,1479,0,0
2025-12-19,"P-06",72,0,2038,1966,0,0
2025-12-20,"P-01",0,0,87,87,0,0
2025-12-20,"P-02",4,0,145,141,0,0
2025-12-20,"P-03",60,0,226,166,0,0
2025-12-20,"P-04",73,280,280,207,0,0
2025-12-20,"P-05",52,385,1864,1812,0,0
2025-12-20,"P-06",67,0,1966,1899,0,0
2025-12-22,"P-01",8,0,87,79,0,0
2025-12-22,"P-02",16,0,141,125,0,0
2025-12-22,"P-03",52,0,166,114,0,0
2025-12-22,"P-04",84,0,207,123,0,0
2025-12-22,"P-05",46,0,1812,1766,0,0
2025-12-22,"P-06",62,0,1899,1837,0,0
2025-12-23,"P-01",4,0,79,75,0,0
2025-12-23,"P-02",10,63,188,178,0,0
2025-12-23,"P-03",47,0,114,67,0,0
2025-12-23,"P-04",77,0,123,46,0,0
2025-12-23,"P-05",54,0,1766,1712,0,0
2025-12-23,"P-06",61,0,1837,1776,0,0
2025-12-24,"P-01",23,0,75,52,0,0
2025-12-24,"P-02",5,0,178,173,0,0
2025-12-24,"P-03",55,0,67,12,0,0
2025-12-24,"P-04",75,0,46,0,1,29
2025-12-24,"P-05",63,385,2097,2034,0,0
2025-12-24,"P-06",70,455,2231,2161,0,0
2025-12-25,"P-01",1,0,52,51,0,0
2025-12-25,"P-02",2,0,173,171,0,0
2025-12-25,"P-03",55,0,12,0,1,43
2025-12-25,"P-04",83,0,0,0,1,83
2025-12-25,"P-05",56,0,2034,1978,0,0
2025-12-25,"P-06",63,0,2161,2098,0,0
2025-12-26,"P-01",2,0,51,49,0,0
2025-12-26,"P-02",12,0,171,159,0,0
2025-12-26,"P-03",64,0,0,0,1,64
2025-12-26,"P-04",64,0,0,0,1,64
2025-12-26,"P-05",53,0,1978,1925,0,0
2025-12-26,"P-06",60,0,2098,2038,0,0
2025-12-27,"P-01",1,0,49,48,0,0
2025-12-27,"P-02",19,0,159,140,0,0
2025-12-27,"P-03",62,0,0,0,1,62
2025-12-27,"P-04",83,280,280,197,0,0
2025-12-27,"P-05",55,0,1925,1870,0,0
2025-12-27,"P-06",70,0,2038,1968,0,0
2025-12-29,"P-01",16,42,90,74,0,0
2025-12-29,"P-02",5,0,140,135,0,0
2025-12-29,"P-03",57,0,0,0,1,57
2025-12-29,"P-04",80,0,197,117,0,0
2025-12-29,"P-05",46,0,1870,1824,0,0
2025-12-29,"P-06",73,0,1968,1895,0,0
2025-12-30,"P-01",4,42,116,112,0,0
2025-12-30,"P-02",0,0,135,135,0,0
2025-12-30,"P-03",48,0,0,0,1,48
2025-12-30,"P-04",71,0,117,46,0,0
2025-12-30,"P-05",52,0,1824,1772,0,0
2025-12-30,"P-06",72,0,1895,1823,0,0
2025-12-31,"P-01",11,0,112,101,0,0
2025-12-31,"P-02",1,0,135,134,0,0
2025-12-31,"P-03",62,0,0,0,1,62
2025-12-31,"P-04",67,0,46,0,1,21
2025-12-31,"P-05",62,0,1772,1710,0,0
2025-12-31,"P-06",75,455,2278,2203,0,0
2026-01-01,"P-01",5,0,101,96,0,0
2026-01-01,"P-02",7,0,134,127,0,0
2026-01-01,"P-03",30,0,0,0,1,30
2026-01-01,"P-04",32,280,280,248,0,0
2026-01-01,"P-05",49,385,2095,2046,0,0
2026-01-01,"P-06",63,0,2203,2140,0,0
2026-01-02,"P-01",2,0,96,94,0,0
2026-01-02,"P-02",3,0,127,124,0,0
2026-01-02,"P-03",32,0,0,0,1,32
2026-01-02,"P-04",37,0,248,211,0,0
2026-01-02,"P-05",43,0,2046,2003,0,0
2026-01-02,"P-06",69,0,2140,2071,0,0
2026-01-03,"P-01",2,0,94,92,0,0
2026-01-03,"P-02",7,0,124,117,0,0
2026-01-03,"P-03",30,210,210,180,0,0
2026-01-03,"P-04",33,0,211,178,0,0
2026-01-03,"P-05",54,0,2003,1949,0,0
2026-01-03,"P-06",60,0,2071,2011,0,0
2026-01-05,"P-01",2,0,92,90,0,0
2026-01-05,"P-02",3,0,117,114,0,0
2026-01-05,"P-03",38,210,390,352,0,0
2026-01-05,"P-04",46,0,178,132,0,0
2026-01-05,"P-05",47,0,1949,1902,0,0
2026-01-05,"P-06",54,0,2011,1957,0,0
2026-01-06,"P-01",2,0,90,88,0,0
2026-01-06,"P-02",2,0,114,112,0,0
2026-01-06,"P-03",30,0,352,322,0,0
2026-01-06,"P-04",32,0,132,100,0,0
2026-01-06,"P-05",64,0,1902,1838,0,0
2026-01-06,"P-06",70,0,1957,1887,0,0
2026-01-07,"P-01",0,0,88,88,0,0
2026-01-07,"P-02",27,0,112,85,0,0
2026-01-07,"P-03",26,0,322,296,0,0
2026-01-07,"P-04",44,0,100,56,0,0
2026-01-07,"P-05",53,0,1838,1785,0,0
2026-01-07,"P-06",59,455,2342,2283,0,0
2026-01-08,"P-01",3,0,88,85,0,0
2026-01-08,"P-02",8,0,85,77,0,0
2026-01-08,"P-03",28,0,296,268,0,0
2026-01-08,"P-04",40,0,56,16,0,0
2026-01-08,"P-05",60,0,1785,1725,0,0
2026-01-08,"P-06",76,0,2283,2207,0,0
2026-01-09,"P-01",2,0,85,83,0,0
2026-01-09,"P-02",3,0,77,74,0,0
2026-01-09,"P-03",40,0,268,228,0,0
2026-01-09,"P-04",40,0,16,0,1,24
2026-01-09,"P-05",66,0,1725,1659,0,0
2026-01-09,"P-06",71,0,2207,2136,0,0
2026-01-10,"P-01",1,0,83,82,0,0
2026-01-10,"P-02",14,0,74,60,0,0
2026-01-10,"P-03",34,0,228,194,0,0
2026-01-10,"P-04",51,0,0,0,1,51
2026-01-10,"P-05",63,0,1659,1596,0,0
2026-01-10,"P-06",63,0,2136,2073,0,0
2026-01-12,"P-01",5,42,124,119,0,0
2026-01-12,"P-02",23,0,60,37,0,0
2026-01-12,"P-03",22,210,404,382,0,0
2026-01-12,"P-04",37,0,0,0,1,37
2026-01-12,"P-05",57,0,1596,1539,0,0
2026-01-12,"P-06",67,0,2073,2006,0,0
2026-01-13,"P-01",8,0,119,111,0,0
2026-01-13,"P-02",1,0,37,36,0,0
2026-01-13,"P-03",35,0,382,347,0,0
2026-01-13,"P-04",42,280,280,238,0,0
2026-01-13,"P-05",54,0,1539,1485,0,0
2026-01-13,"P-06",75,0,2006,1931,0,0
2026-01-14,"P-01",5,0,111,106,0,0
2026-01-14,"P-02",20,63,99,79,0,0
2026-01-14,"P-03",30,0,347,317,0,0
2026-01-14,"P-04",39,0,238,199,0,0
2026-01-14,"P-05",54,0,1485,1431,0,0
2026-01-14,"P-06",67,455,2386,2319,0,0
2026-01-15,"P-01",3,0,106,103,0,0
2026-01-15,"P-02",7,0,79,72,0,0
2026-01-15,"P-03",28,0,317,289,0,0
2026-01-15,"P-04",41,280,479,438,0,0
2026-01-15,"P-05",47,0,1431,1384,0,0
2026-01-15,"P-06",64,0,2319,2255,0,0
2026-01-16,"P-01",3,0,103,100,0,0
2026-01-16,"P-02",5,0,72,67,0,0
2026-01-16,"P-03",30,210,499,469,0,0
2026-01-16,"P-04",32,0,438,406,0,0
2026-01-16,"P-05",55,385,1769,1714,0,0
2026-01-16,"P-06",53,0,2255,2202,0,0
2026-01-17,"P-01",0,42,142,142,0,0
2026-01-17,"P-02",10,0,67,57,0,0
2026-01-17,"P-03",26,0,469,443,0,0
2026-01-17,"P-04",45,0,406,361,0,0
2026-01-17,"P-05",47,0,1714,1667,0,0
2026-01-17,"P-06",58,0,2202,2144,0,0
2026-01-19,"P-01",3,42,184,181,0,0
2026-01-19,"P-02",3,0,57,54,0,0
2026-01-19,"P-03",21,0,443,422,0,0
2026-01-19,"P-04",35,0,361,326,0,0
2026-01-19,"P-05",38,0,1667,1629,0,0
2026-01-19,"P-06",66,0,2144,2078,0,0
2026-01-20,"P-01",6,0,181,175,0,0
2026-01-20,"P-02",17,0,54,37,0,0
2026-01-20,"P-03",31,0,422,391,0,0
2026-01-20,"P-04",34,0,326,292,0,0
2026-01-20,"P-05",64,0,1629,1565,0,0
2026-01-20,"P-06",70,0,2078,2008,0,0
2026-01-21,"P-01",2,0,175,173,0,0
2026-01-21,"P-02",8,0,37,29,0,0
2026-01-21,"P-03",39,0,391,352,0,0
2026-01-21,"P-04",40,0,292,252,0,0
2026-01-21,"P-05",66,0,1565,1499,0,0
2026-01-21,"P-06",71,455,2463,2392,0,0
2026-01-22,"P-01",5,0,173,168,0,0
2026-01-22,"P-02",0,0,29,29,0,0
2026-01-22,"P-03",36,0,352,316,0,0
2026-01-22,"P-04",29,0,252,223,0,0
2026-01-22,"P-05",57,385,1884,1827,0,0
2026-01-22,"P-06",75,0,2392,2317,0,0
2026-01-23,"P-01",10,0,168,158,0,0
2026-01-23,"P-02",5,0,29,24,0,0
2026-01-23,"P-03",38,0,316,278,0,0
2026-01-23,"P-04",42,0,223,181,0,0
2026-01-23,"P-05",52,0,1827,1775,0,0
2026-01-23,"P-06",77,0,2317,2240,0,0
2026-01-24,"P-01",6,0,158,152,0,0
2026-01-24,"P-02",5,0,24,19,0,0
2026-01-24,"P-03",32,0,278,246,0,0
2026-01-24,"P-04",32,0,181,149,0,0
2026-01-24,"P-05",51,0,1775,1724,0,0
2026-01-24,"P-06",55,0,2240,2185,0,0
2026-01-26,"P-01",2,0,152,150,0,0
2026-01-26,"P-02",7,0,19,12,0,0
2026-01-26,"P-03",28,0,246,218,0,0
2026-01-26,"P-04",40,280,429,389,0,0
2026-01-26,"P-05",53,0,1724,1671,0,0
2026-01-26,"P-06",85,0,2185,2100,0,0
2026-01-27,"P-01",5,0,150,145,0,0
2026-01-27,"P-02",11,0,12,1,0,0
2026-01-27,"P-03",37,0,218,181,0,0
2026-01-27,"P-04",34,0,389,355,0,0
2026-01-27,"P-05",63,0,1671,1608,0,0
2026-01-27,"P-06",51,0,2100,2049,0,0
2026-01-28,"P-01",7,0,145,138,0,0
2026-01-28,"P-02",1,0,1,0,0,0
2026-01-28,"P-03",33,0,181,148,0,0
2026-01-28,"P-04",37,0,355,318,0,0
2026-01-28,"P-05",55,0,1608,1553,0,0
2026-01-28,"P-06",82,0,2049,1967,0,0
2026-01-29,"P-01",4,0,138,134,0,0
2026-01-29,"P-02",14,63,63,49,0,0
2026-01-29,"P-03",29,210,358,329,0,0
2026-01-29,"P-04",39,280,598,559,0,0
2026-01-29,"P-05",59,0,1553,1494,0,0
2026-01-29,"P-06",60,0,1967,1907,0,0
2026-01-30,"P-01",8,0,134,126,0,0
2026-01-30,"P-02",10,63,112,102,0,0
2026-01-30,"P-03",34,0,329,295,0,0
2026-01-30,"P-04",45,0,559,514,0,0
2026-01-30,"P-05",52,0,1494,1442,0,0
2026-01-30,"P-06",61,0,1907,1846,0,0
2026-01-31,"P-01",4,0,126,122,0,0
2026-01-31,"P-02",1,0,102,101,0,0
2026-01-31,"P-03",31,0,295,264,0,0
2026-01-31,"P-04",39,0,514,475,0,0
2026-01-31,"P-05",56,0,1442,1386,0,0
2026-01-31,"P-06",66,0,1846,1780,0,0
2026-02-02,"P-01",11,0,122,111,0,0
2026-02-02,"P-02",2,0,101,99,0,0
2026-02-02,"P-03",27,0,264,237,0,0
2026-02-02,"P-04",38,0,475,437,0,0
2026-02-02,"P-05",62,385,1771,1709,0,0
2026-02-02,"P-06",61,0,1780,1719,0,0
2026-02-03,"P-01",11,0,111,100,0,0
2026-02-03,"P-02",1,0,99,98,0,0
2026-02-03,"P-03",37,0,237,200,0,0
2026-02-03,"P-04",42,0,437,395,0,0
2026-02-03,"P-05",48,0,1709,1661,0,0
2026-02-03,"P-06",62,0,1719,1657,0,0
2026-02-04,"P-01",27,0,100,73,0,0
2026-02-04,"P-02",3,0,98,95,0,0
2026-02-04,"P-03",24,210,410,386,0,0
2026-02-04,"P-04",41,0,395,354,0,0
2026-02-04,"P-05",47,385,2046,1999,0,0
2026-02-04,"P-06",66,455,2112,2046,0,0
2026-02-05,"P-01",1,0,73,72,0,0
2026-02-05,"P-02",3,0,95,92,0,0
2026-02-05,"P-03",20,0,386,366,0,0
2026-02-05,"P-04",41,0,354,313,0,0
2026-02-05,"P-05",48,0,1999,1951,0,0
2026-02-05,"P-06",83,0,2046,1963,0,0
2026-02-06,"P-01",13,0,72,59,0,0
2026-02-06,"P-02",8,0,92,84,0,0
2026-02-06,"P-03",30,0,366,336,0,0
2026-02-06,"P-04",37,0,313,276,0,0
2026-02-06,"P-05",47,0,1951,1904,0,0
2026-02-06,"P-06",65,0,1963,1898,0,0
2026-02-07,"P-01",2,0,59,57,0,0
2026-02-07,"P-02",23,0,84,61,0,0
2026-02-07,"P-03",31,0,336,305,0,0
2026-02-07,"P-04",52,0,276,224,0,0
2026-02-07,"P-05",50,0,1904,1854,0,0
2026-02-07,"P-06",71,0,1898,1827,0,0
2026-02-09,"P-01",7,0,57,50,0,0
2026-02-09,"P-02",5,0,61,56,0,0
2026-02-09,"P-03",22,0,305,283,0,0
2026-02-09,"P-04",28,0,224,196,0,0
2026-02-09,"P-05",48,0,1854,1806,0,0
2026-02-09,"P-06",76,0,1827,1751,0,0
2026-02-10,"P-01",8,0,50,42,0,0
2026-02-10,"P-02",9,0,56,47,0,0
2026-02-10,"P-03",22,0,283,261,0,0
2026-02-10,"P-04",46,0,196,150,0,0
2026-02-10,"P-05",70,0,1806,1736,0,0
2026-02-10,"P-06",61,0,1751,1690,0,0
2026-02-11,"P-01",6,0,42,36,0,0
2026-02-11,"P-02",15,0,47,32,0,0
2026-02-11,"P-03",41,0,261,220,0,0
2026-02-11,"P-04",41,0,150,109,0,0
2026-02-11,"P-05",58,0,1736,1678,0,0
2026-02-11,"P-06",58,455,2145,2087,0,0
2026-02-12,"P-01",10,0,36,26,0,0
2026-02-12,"P-02",6,0,32,26,0,0
2026-02-12,"P-03",34,0,220,186,0,0
2026-02-12,"P-04",37,0,109,72,0,0
2026-02-12,"P-05",59,385,2063,2004,0,0
2026-02-12,"P-06",57,0,2087,2030,0,0
2026-02-13,"P-01",5,0,26,21,0,0
2026-02-13,"P-02",10,126,152,142,0,0
2026-02-13,"P-03",34,0,186,152,0,0
2026-02-13,"P-04",43,0,72,29,0,0
2026-02-13,"P-05",62,0,2004,1942,0,0
2026-02-13,"P-06",66,0,2030,1964,0,0
2026-02-14,"P-01",0,0,21,21,0,0
2026-02-14,"P-02",3,63,205,202,0,0
2026-02-14,"P-03",25,0,152,127,0,0
2026-02-14,"P-04",48,560,589,541,0,0
2026-02-14,"P-05",54,0,1942,1888,0,0
2026-02-14,"P-06",59,0,1964,1905,0,0
2026-02-16,"P-01",5,0,21,16,0,0
2026-02-16,"P-02",11,0,202,191,0,0
2026-02-16,"P-03",26,210,337,311,0,0
2026-02-16,"P-04",29,0,541,512,0,0
2026-02-16,"P-05",68,0,1888,1820,0,0
2026-02-16,"P-06",51,0,1905,1854,0,0
2026-02-17,"P-01",1,0,16,15,0,0
2026-02-17,"P-02",4,0,191,187,0,0
2026-02-17,"P-03",27,0,311,284,0,0
2026-02-17,"P-04",39,0,512,473,0,0
2026-02-17,"P-05",59,0,1820,1761,0,0
2026-02-17,"P-06",72,0,1854,1782,0,0
2026-02-18,"P-01",3,0,15,12,0,0
2026-02-18,"P-02",4,0,187,183,0,0
2026-02-18,"P-03",32,0,284,252,0,0
2026-02-18,"P-04",38,0,473,435,0,0
2026-02-18,"P-05",56,0,1761,1705,0,0
2026-02-18,"P-06",77,0,1782,1705,0,0
2026-02-19,"P-01",4,0,12,8,0,0
2026-02-19,"P-02",5,0,183,178,0,0
2026-02-19,"P-03",49,0,252,203,0,0
2026-02-19,"P-04",46,0,435,389,0,0
2026-02-19,"P-05",46,0,1705,1659,0,0
2026-02-19,"P-06",66,0,1705,1639,0,0
2026-02-20,"P-01",5,42,50,45,0,0
2026-02-20,"P-02",13,0,178,165,0,0
2026-02-20,"P-03",35,0,203,168,0,0
2026-02-20,"P-04",38,0,389,351,0,0
2026-02-20,"P-05",55,0,1659,1604,0,0
2026-02-20,"P-06",58,455,2094,2036,0,0
2026-02-21,"P-01",9,0,45,36,0,0
2026-02-21,"P-02",7,0,165,158,0,0
2026-02-21,"P-03",33,420,588,555,0,0
2026-02-21,"P-04",44,280,631,587,0,0
2026-02-21,"P-05",66,0,1604,1538,0,0
2026-02-21,"P-06",72,0,2036,1964,0,0
2026-02-23,"P-01",6,0,36,30,0,0
2026-02-23,"P-02",27,0,158,131,0,0
2026-02-23,"P-03",26,0,555,529,0,0
2026-02-23,"P-04",37,0,587,550,0,0
2026-02-23,"P-05",42,0,1538,1496,0,0
2026-02-23,"P-06",58,0,1964,1906,0,0
2026-02-24,"P-01",1,0,30,29,0,0
2026-02-24,"P-02",2,0,131,129,0,0
2026-02-24,"P-03",19,0,529,510,0,0
2026-02-24,"P-04",40,0,550,510,0,0
2026-02-24,"P-05",52,0,1496,1444,0,0
2026-02-24,"P-06",69,455,2361,2292,0,0
2026-02-25,"P-01",9,0,29,20,0,0
2026-02-25,"P-02",9,0,129,120,0,0
2026-02-25,"P-03",31,0,510,479,0,0
2026-02-25,"P-04",44,0,510,466,0,0
2026-02-25,"P-05",52,0,1444,1392,0,0
2026-02-25,"P-06",68,0,2292,2224,0,0
2026-02-26,"P-01",4,0,20,16,0,0
2026-02-26,"P-02",11,0,120,109,0,0
2026-02-26,"P-03",30,0,479,449,0,0
2026-02-26,"P-04",32,0,466,434,0,0
2026-02-26,"P-05",59,0,1392,1333,0,0
2026-02-26,"P-06",56,0,2224,2168,0,0
2026-02-27,"P-01",5,0,16,11,0,0
2026-02-27,"P-02",11,0,109,98,0,0
2026-02-27,"P-03",31,0,449,418,0,0
2026-02-27,"P-04",40,0,434,394,0,0
2026-02-27,"P-05",64,385,1718,1654,0,0
2026-02-27,"P-06",61,0,2168,2107,0,0
2026-02-28,"P-01",2,0,11,9,0,0
2026-02-28,"P-02",4,0,98,94,0,0
2026-02-28,"P-03",23,0,418,395,0,0
2026-02-28,"P-04",39,0,394,355,0,0
2026-02-28,"P-05",60,0,1654,1594,0,0
2026-02-28,"P-06",55,0,2107,2052,0,0
2026-03-02,"P-01",6,0,9,3,0,0
2026-03-02,"P-02",16,0,94,78,0,0
2026-03-02,"P-03",72,0,395,323,0,0
2026-03-02,"P-04",78,0,355,277,0,0
2026-03-02,"P-05",56,0,1594,1538,0,0
2026-03-02,"P-06",71,0,2052,1981,0,0
2026-03-03,"P-01",7,0,3,0,1,4
2026-03-03,"P-02",2,0,78,76,0,0
2026-03-03,"P-03",54,0,323,269,0,0
2026-03-03,"P-04",75,0,277,202,0,0
2026-03-03,"P-05",54,0,1538,1484,0,0
2026-03-03,"P-06",60,0,1981,1921,0,0
2026-03-04,"P-01",4,42,42,38,0,0
2026-03-04,"P-02",7,0,76,69,0,0
2026-03-04,"P-03",54,0,269,215,0,0
2026-03-04,"P-04",58,0,202,144,0,0
2026-03-04,"P-05",58,0,1484,1426,0,0
2026-03-04,"P-06",69,455,2376,2307,0,0
2026-03-05,"P-01",5,0,38,33,0,0
2026-03-05,"P-02",8,0,69,61,0,0
2026-03-05,"P-03",54,0,215,161,0,0
2026-03-05,"P-04",73,0,144,71,0,0
2026-03-05,"P-05",65,0,1426,1361,0,0
2026-03-05,"P-06",72,0,2307,2235,0,0
2026-03-06,"P-01",7,0,33,26,0,0
2026-03-06,"P-02",2,0,61,59,0,0
2026-03-06,"P-03",62,0,161,99,0,0
2026-03-06,"P-04",93,280,351,258,0,0
2026-03-06,"P-05",46,385,1746,1700,0,0
2026-03-06,"P-06",56,0,2235,2179,0,0
2026-03-07,"P-01",4,0,26,22,0,0
2026-03-07,"P-02",3,0,59,56,0,0
2026-03-07,"P-03",54,0,99,45,0,0
2026-03-07,"P-04",75,0,258,183,0,0
2026-03-07,"P-05",60,0,1700,1640,0,0
2026-03-07,"P-06",85,0,2179,2094,0,0
2026-03-09,"P-01",13,0,22,9,0,0
2026-03-09,"P-02",3,0,56,53,0,0
2026-03-09,"P-03",62,210,255,193,0,0
2026-03-09,"P-04",78,0,183,105,0,0
2026-03-09,"P-05",58,0,1640,1582,0,0
2026-03-09,"P-06",60,0,2094,2034,0,0
2026-03-10,"P-01",0,0,9,9,0,0
2026-03-10,"P-02",4,0,53,49,0,0
2026-03-10,"P-03",65,0,193,128,0,0
2026-03-10,"P-04",71,0,105,34,0,0
2026-03-10,"P-05",54,0,1582,1528,0,0
2026-03-10,"P-06",84,0,2034,1950,0,0
2026-03-11,"P-01",0,0,9,9,0,0
2026-03-11,"P-02",23,0,49,26,0,0
2026-03-11,"P-03",71,0,128,57,0,0
2026-03-11,"P-04",85,0,34,0,1,51
2026-03-11,"P-05",57,0,1528,1471,0,0
2026-03-11,"P-06",74,0,1950,1876,0,0
2026-03-12,"P-01",6,42,51,45,0,0
2026-03-12,"P-02",3,0,26,23,0,0
2026-03-12,"P-03",49,0,57,8,0,0
2026-03-12,"P-04",73,0,0,0,1,73
2026-03-12,"P-05",50,385,1856,1806,0,0
2026-03-12,"P-06",67,0,1876,1809,0,0
2026-03-13,"P-01",3,0,45,42,0,0
2026-03-13,"P-02",5,0,23,18,0,0
2026-03-13,"P-03",55,0,8,0,1,47
2026-03-13,"P-04",77,0,0,0,1,77
2026-03-13,"P-05",60,0,1806,1746,0,0
2026-03-13,"P-06",52,455,2264,2212,0,0
2026-03-14,"P-01",6,0,42,36,0,0
2026-03-14,"P-02",3,0,18,15,0,0
2026-03-14,"P-03",46,0,0,0,1,46
2026-03-14,"P-04",59,280,280,221,0,0
2026-03-14,"P-05",69,0,1746,1677,0,0
2026-03-14,"P-06",57,0,2212,2155,0,0
2026-03-16,"P-01",6,42,78,72,0,0
2026-03-16,"P-02",1,0,15,14,0,0
2026-03-16,"P-03",56,0,0,0,1,56
2026-03-16,"P-04",77,0,221,144,0,0
2026-03-16,"P-05",68,0,1677,1609,0,0
2026-03-16,"P-06",71,0,2155,2084,0,0
2026-03-17,"P-01",0,42,114,114,0,0
2026-03-17,"P-02",7,126,140,133,0,0
2026-03-17,"P-03",67,0,0,0,1,67
2026-03-17,"P-04",72,0,144,72,0,0
2026-03-17,"P-05",51,0,1609,1558,0,0
2026-03-17,"P-06",76,0,2084,2008,0,0
2026-03-18,"P-01",2,0,114,112,0,0
2026-03-18,"P-02",19,0,133,114,0,0
2026-03-18,"P-03",67,0,0,0,1,67
2026-03-18,"P-04",73,0,72,0,1,1
2026-03-18,"P-05",38,385,1943,1905,0,0
2026-03-18,"P-06",64,0,2008,1944,0,0
2026-03-19,"P-01",3,0,112,109,0,0
2026-03-19,"P-02",4,0,114,110,0,0
2026-03-19,"P-03",59,210,210,151,0,0
2026-03-19,"P-04",76,0,0,0,1,76
2026-03-19,"P-05",65,0,1905,1840,0,0
2026-03-19,"P-06",62,0,1944,1882,0,0
2026-03-20,"P-01",13,0,109,96,0,0
2026-03-20,"P-02",3,0,110,107,0,0
2026-03-20,"P-03",59,0,151,92,0,0
2026-03-20,"P-04",67,0,0,0,1,67
2026-03-20,"P-05",61,0,1840,1779,0,0
2026-03-20,"P-06",79,0,1882,1803,0,0
2026-03-21,"P-01",8,0,96,88,0,0
2026-03-21,"P-02",12,0,107,95,0,0
2026-03-21,"P-03",50,0,92,42,0,0
2026-03-21,"P-04",66,0,0,0,1,66
2026-03-21,"P-05",62,0,1779,1717,0,0
2026-03-21,"P-06",70,0,1803,1733,0,0
2026-03-23,"P-01",11,0,88,77,0,0
2026-03-23,"P-02",3,0,95,92,0,0
2026-03-23,"P-03",72,210,252,180,0,0
2026-03-23,"P-04",86,280,280,194,0,0
2026-03-23,"P-05",47,0,1717,1670,0,0
2026-03-23,"P-06",64,0,1733,1669,0,0
2026-03-24,"P-01",11,0,77,66,0,0
2026-03-24,"P-02",4,0,92,88,0,0
2026-03-24,"P-03",65,0,180,115,0,0
2026-03-24,"P-04",56,0,194,138,0,0
2026-03-24,"P-05",65,0,1670,1605,0,0
2026-03-24,"P-06",54,0,1669,1615,0,0
2026-03-25,"P-01",10,0,66,56,0,0
2026-03-25,"P-02",22,0,88,66,0,0
2026-03-25,"P-03",70,0,115,45,0,0
2026-03-25,"P-04",69,0,138,69,0,0
2026-03-25,"P-05",51,0,1605,1554,0,0
2026-03-25,"P-06",59,455,2070,2011,0,0
2026-03-26,"P-01",3,0,56,53,0,0
2026-03-26,"P-02",17,0,66,49,0,0
2026-03-26,"P-03",51,0,45,0,1,6
2026-03-26,"P-04",71,0,69,0,1,2
2026-03-26,"P-05",56,0,1554,1498,0,0
2026-03-26,"P-06",65,0,2011,1946,0,0
2026-03-27,"P-01",4,0,53,49,0,0
2026-03-27,"P-02",2,0,49,47,0,0
2026-03-27,"P-03",49,0,0,0,1,49
2026-03-27,"P-04",86,0,0,0,1,86
2026-03-27,"P-05",48,385,1883,1835,0,0
2026-03-27,"P-06",62,0,1946,1884,0,0
2026-03-28,"P-01",5,42,91,86,0,0
2026-03-28,"P-02",3,0,47,44,0,0
2026-03-28,"P-03",54,0,0,0,1,54
2026-03-28,"P-04",64,0,0,0,1,64
2026-03-28,"P-05",54,0,1835,1781,0,0
2026-03-28,"P-06",49,0,1884,1835,0,0
2026-03-30,"P-01",9,0,86,77,0,0
2026-03-30,"P-02",13,63,107,94,0,0
2026-03-30,"P-03",63,0,0,0,1,63
2026-03-30,"P-04",80,0,0,0,1,80
2026-03-30,"P-05",55,0,1781,1726,0,0
2026-03-30,"P-06",66,0,1835,1769,0,0
2026-03-31,"P-01",10,0,77,67,0,0
2026-03-31,"P-02",0,0,94,94,0,0
2026-03-31,"P-03",58,0,0,0,1,58
2026-03-31,"P-04",85,0,0,0,1,85
2026-03-31,"P-05",56,0,1726,1670,0,0
2026-03-31,"P-06",63,0,1769,1706,0,0
2026-04-01,"P-01",2,0,67,65,0,0
2026-04-01,"P-02",8,0,94,86,0,0
2026-04-01,"P-03",26,210,210,184,0,0
2026-04-01,"P-04",41,280,280,239,0,0
2026-04-01,"P-05",50,0,1670,1620,0,0
2026-04-01,"P-06",51,455,2161,2110,0,0
2026-04-02,"P-01",6,0,65,59,0,0
2026-04-02,"P-02",5,0,86,81,0,0
2026-04-02,"P-03",34,0,184,150,0,0
2026-04-02,"P-04",38,0,239,201,0,0
2026-04-02,"P-05",57,385,2005,1948,0,0
2026-04-02,"P-06",75,0,2110,2035,0,0
2026-04-03,"P-01",15,0,59,44,0,0
2026-04-03,"P-02",2,0,81,79,0,0
2026-04-03,"P-03",28,0,150,122,0,0
2026-04-03,"P-04",49,280,481,432,0,0
2026-04-03,"P-05",57,0,1948,1891,0,0
2026-04-03,"P-06",71,0,2035,1964,0,0
2026-04-04,"P-01",2,0,44,42,0,0
2026-04-04,"P-02",6,0,79,73,0,0
2026-04-04,"P-03",40,0,122,82,0,0
2026-04-04,"P-04",22,0,432,410,0,0
2026-04-04,"P-05",57,0,1891,1834,0,0
2026-04-04,"P-06",51,0,1964,1913,0,0
2026-04-06,"P-01",4,0,42,38,0,0
2026-04-06,"P-02",12,0,73,61,0,0
2026-04-06,"P-03",35,0,82,47,0,0
2026-04-06,"P-04",49,0,410,361,0,0
2026-04-06,"P-05",45,0,1834,1789,0,0
2026-04-06,"P-06",60,0,1913,1853,0,0
2026-04-07,"P-01",9,42,80,71,0,0
2026-04-07,"P-02",11,63,124,113,0,0
2026-04-07,"P-03",36,0,47,11,0,0
2026-04-07,"P-04",49,0,361,312,0,0
2026-04-07,"P-05",49,0,1789,1740,0,0
2026-04-07,"P-06",61,0,1853,1792,0,0
2026-04-08,"P-01",2,0,71,69,0,0
2026-04-08,"P-02",24,63,176,152,0,0
2026-04-08,"P-03",30,210,221,191,0,0
2026-04-08,"P-04",43,0,312,269,0,0
2026-04-08,"P-05",58,0,1740,1682,0,0
2026-04-08,"P-06",57,0,1792,1735,0,0
2026-04-09,"P-01",3,0,69,66,0,0
2026-04-09,"P-02",4,0,152,148,0,0
2026-04-09,"P-03",33,0,191,158,0,0
2026-04-09,"P-04",35,0,269,234,0,0
2026-04-09,"P-05",49,0,1682,1633,0,0
2026-04-09,"P-06",66,455,2190,2124,0,0
2026-04-10,"P-01",5,0,66,61,0,0
2026-04-10,"P-02",2,0,148,146,0,0
2026-04-10,"P-03",30,0,158,128,0,0
2026-04-10,"P-04",36,0,234,198,0,0
2026-04-10,"P-05",55,385,2018,1963,0,0
2026-04-10,"P-06",72,0,2124,2052,0,0
2026-04-11,"P-01",13,0,61,48,0,0
2026-04-11,"P-02",16,0,146,130,0,0
2026-04-11,"P-03",28,210,338,310,0,0
2026-04-11,"P-04",44,0,198,154,0,0
2026-04-11,"P-05",58,0,1963,1905,0,0
2026-04-11,"P-06",65,0,2052,1987,0,0
2026-04-13,"P-01",2,0,48,46,0,0
2026-04-13,"P-02",8,0,130,122,0,0
2026-04-13,"P-03",29,0,310,281,0,0
2026-04-13,"P-04",38,280,434,396,0,0
2026-04-13,"P-05",54,0,1905,1851,0,0
2026-04-13,"P-06",55,0,1987,1932,0,0
2026-04-14,"P-01",7,0,46,39,0,0
2026-04-14,"P-02",8,0,122,114,0,0
2026-04-14,"P-03",34,0,281,247,0,0
2026-04-14,"P-04",48,0,396,348,0,0
2026-04-14,"P-05",65,0,1851,1786,0,0
2026-04-14,"P-06",76,0,1932,1856,0,0
2026-04-15,"P-01",0,42,81,81,0,0
2026-04-15,"P-02",9,63,177,168,0,0
2026-04-15,"P-03",25,0,247,222,0,0
2026-04-15,"P-04",49,0,348,299,0,0
2026-04-15,"P-05",58,0,1786,1728,0,0
2026-04-15,"P-06",68,0,1856,1788,0,0
2026-04-16,"P-01",4,0,81,77,0,0
2026-04-16,"P-02",26,0,168,142,0,0
2026-04-16,"P-03",36,0,222,186,0,0
2026-04-16,"P-04",43,0,299,256,0,0
2026-04-16,"P-05",64,0,1728,1664,0,0
2026-04-16,"P-06",65,0,1788,1723,0,0
2026-04-17,"P-01",10,42,119,109,0,0
2026-04-17,"P-02",8,0,142,134,0,0
2026-04-17,"P-03",42,0,186,144,0,0
2026-04-17,"P-04",36,0,256,220,0,0
2026-04-17,"P-05",55,0,1664,1609,0,0
2026-04-17,"P-06",67,455,2178,2111,0,0
2026-04-18,"P-01",0,0,109,109,0,0
2026-04-18,"P-02",11,0,134,123,0,0
2026-04-18,"P-03",36,0,144,108,0,0
2026-04-18,"P-04",39,0,220,181,0,0
2026-04-18,"P-05",60,0,1609,1549,0,0
2026-04-18,"P-06",77,0,2111,2034,0,0
2026-04-20,"P-01",4,0,109,105,0,0
2026-04-20,"P-02",12,0,123,111,0,0
2026-04-20,"P-03",34,210,318,284,0,0
2026-04-20,"P-04",43,0,181,138,0,0
2026-04-20,"P-05",55,0,1549,1494,0,0
2026-04-20,"P-06",68,0,2034,1966,0,0
2026-04-21,"P-01",4,0,105,101,0,0
2026-04-21,"P-02",2,0,111,109,0,0
2026-04-21,"P-03",30,0,284,254,0,0
2026-04-21,"P-04",42,0,138,96,0,0
2026-04-21,"P-05",61,0,1494,1433,0,0
2026-04-21,"P-06",50,0,1966,1916,0,0
2026-04-22,"P-01",5,0,101,96,0,0
2026-04-22,"P-02",9,0,109,100,0,0
2026-04-22,"P-03",28,0,254,226,0,0
2026-04-22,"P-04",38,0,96,58,0,0
2026-04-22,"P-05",44,0,1433,1389,0,0
2026-04-22,"P-06",65,455,2371,2306,0,0
2026-04-23,"P-01",15,0,96,81,0,0
2026-04-23,"P-02",24,0,100,76,0,0
2026-04-23,"P-03",32,0,226,194,0,0
2026-04-23,"P-04",34,280,338,304,0,0
2026-04-23,"P-05",47,385,1774,1727,0,0
2026-04-23,"P-06",71,0,2306,2235,0,0
2026-04-24,"P-01",4,0,81,77,0,0
2026-04-24,"P-02",37,0,76,39,0,0
2026-04-24,"P-03",31,0,194,163,0,0
2026-04-24,"P-04",46,0,304,258,0,0
2026-04-24,"P-05",64,0,1727,1663,0,0
2026-04-24,"P-06",76,0,2235,2159,0,0
2026-04-25,"P-01",7,0,77,70,0,0
2026-04-25,"P-02",12,0,39,27,0,0
2026-04-25,"P-03",25,210,373,348,0,0
2026-04-25,"P-04",34,280,538,504,0,0
2026-04-25,"P-05",57,0,1663,1606,0,0
2026-04-25,"P-06",55,0,2159,2104,0,0
2026-04-27,"P-01",13,0,70,57,0,0
2026-04-27,"P-02",18,0,27,9,0,0
2026-04-27,"P-03",21,0,348,327,0,0
2026-04-27,"P-04",36,0,504,468,0,0
2026-04-27,"P-05",49,0,1606,1557,0,0
2026-04-27,"P-06",65,0,2104,2039,0,0
2026-04-28,"P-01",1,0,57,56,0,0
2026-04-28,"P-02",8,0,9,1,0,0
2026-04-28,"P-03",37,0,327,290,0,0
2026-04-28,"P-04",34,0,468,434,0,0
2026-04-28,"P-05",47,0,1557,1510,0,0
2026-04-28,"P-06",62,0,2039,1977,0,0
2026-04-29,"P-01",4,0,56,52,0,0
2026-04-29,"P-02",2,126,127,125,0,0
2026-04-29,"P-03",18,0,290,272,0,0
2026-04-29,"P-04",39,0,434,395,0,0
2026-04-29,"P-05",54,385,1895,1841,0,0
2026-04-29,"P-06",61,455,2432,2371,0,0
2026-04-30,"P-01",7,42,94,87,0,0
2026-04-30,"P-02",20,0,125,105,0,0
2026-04-30,"P-03",24,0,272,248,0,0
2026-04-30,"P-04",43,0,395,352,0,0
2026-04-30,"P-05",52,0,1841,1789,0,0
2026-04-30,"P-06",83,0,2371,2288,0,0
2026-05-01,"P-01",17,0,87,70,0,0
2026-05-01,"P-02",3,0,105,102,0,0
2026-05-01,"P-03",35,210,458,423,0,0
2026-05-01,"P-04",33,0,352,319,0,0
2026-05-01,"P-05",48,0,1789,1741,0,0
2026-05-01,"P-06",58,0,2288,2230,0,0
2026-05-02,"P-01",8,0,70,62,0,0
2026-05-02,"P-02",6,0,102,96,0,0
2026-05-02,"P-03",35,0,423,388,0,0
2026-05-02,"P-04",31,280,599,568,0,0
2026-05-02,"P-05",52,0,1741,1689,0,0
2026-05-02,"P-06",69,0,2230,2161,0,0
2026-05-04,"P-01",2,0,62,60,0,0
2026-05-04,"P-02",12,0,96,84,0,0
2026-05-04,"P-03",30,0,388,358,0,0
2026-05-04,"P-04",41,0,568,527,0,0
2026-05-04,"P-05",50,0,1689,1639,0,0
2026-05-04,"P-06",68,0,2161,2093,0,0
2026-05-05,"P-01",3,0,60,57,0,0
2026-05-05,"P-02",9,0,84,75,0,0
2026-05-05,"P-03",26,0,358,332,0,0
2026-05-05,"P-04",54,0,527,473,0,0
2026-05-05,"P-05",50,0,1639,1589,0,0
2026-05-05,"P-06",71,0,2093,2022,0,0
2026-05-06,"P-01",2,0,57,55,0,0
2026-05-06,"P-02",26,0,75,49,0,0
2026-05-06,"P-03",32,0,332,300,0,0
2026-05-06,"P-04",35,0,473,438,0,0
2026-05-06,"P-05",59,0,1589,1530,0,0
2026-05-06,"P-06",58,0,2022,1964,0,0
2026-05-07,"P-01",15,0,55,40,0,0
2026-05-07,"P-02",16,63,112,96,0,0
2026-05-07,"P-03",24,0,300,276,0,0
2026-05-07,"P-04",54,0,438,384,0,0
2026-05-07,"P-05",51,0,1530,1479,0,0
2026-05-07,"P-06",57,0,1964,1907,0,0
2026-05-08,"P-01",4,0,40,36,0,0
2026-05-08,"P-02",2,0,96,94,0,0
2026-05-08,"P-03",24,0,276,252,0,0
2026-05-08,"P-04",30,0,384,354,0,0
2026-05-08,"P-05",41,385,1864,1823,0,0
2026-05-08,"P-06",54,0,1907,1853,0,0
2026-05-09,"P-01",11,0,36,25,0,0
2026-05-09,"P-02",2,0,94,92,0,0
2026-05-09,"P-03",39,0,252,213,0,0
2026-05-09,"P-04",34,0,354,320,0,0
2026-05-09,"P-05",49,0,1823,1774,0,0
2026-05-09,"P-06",65,0,1853,1788,0,0
2026-05-11,"P-01",7,0,25,18,0,0
2026-05-11,"P-02",2,0,92,90,0,0
2026-05-11,"P-03",28,0,213,185,0,0
2026-05-11,"P-04",33,0,320,287,0,0
2026-05-11,"P-05",46,0,1774,1728,0,0
2026-05-11,"P-06",69,0,1788,1719,0,0
2026-05-12,"P-01",8,0,18,10,0,0
2026-05-12,"P-02",3,0,90,87,0,0
2026-05-12,"P-03",37,0,185,148,0,0
2026-05-12,"P-04",46,0,287,241,0,0
2026-05-12,"P-05",65,0,1728,1663,0,0
2026-05-12,"P-06",66,0,1719,1653,0,0
2026-05-13,"P-01",2,0,10,8,0,0
2026-05-13,"P-02",15,0,87,72,0,0
2026-05-13,"P-03",27,210,358,331,0,0
2026-05-13,"P-04",46,0,241,195,0,0
2026-05-13,"P-05",64,0,1663,1599,0,0
2026-05-13,"P-06",71,455,2108,2037,0,0
2026-05-14,"P-01",4,42,50,46,0,0
2026-05-14,"P-02",2,0,72,70,0,0
2026-05-14,"P-03",37,0,331,294,0,0
2026-05-14,"P-04",32,0,195,163,0,0
2026-05-14,"P-05",42,0,1599,1557,0,0
2026-05-14,"P-06",66,0,2037,1971,0,0
2026-05-15,"P-01",4,0,46,42,0,0
2026-05-15,"P-02",6,0,70,64,0,0
2026-05-15,"P-03",33,210,504,471,0,0
2026-05-15,"P-04",52,280,443,391,0,0
2026-05-15,"P-05",44,385,1942,1898,0,0
2026-05-15,"P-06",57,0,1971,1914,0,0
2026-05-16,"P-01",4,0,42,38,0,0
2026-05-16,"P-02",4,63,127,123,0,0
2026-05-16,"P-03",22,0,471,449,0,0
2026-05-16,"P-04",46,0,391,345,0,0
2026-05-16,"P-05",48,0,1898,1850,0,0
2026-05-16,"P-06",76,0,1914,1838,0,0
2026-05-18,"P-01",11,0,38,27,0,0
2026-05-18,"P-02",1,63,186,185,0,0
2026-05-18,"P-03",34,0,449,415,0,0
2026-05-18,"P-04",44,0,345,301,0,0
2026-05-18,"P-05",58,0,1850,1792,0,0
2026-05-18,"P-06",66,0,1838,1772,0,0
2026-05-19,"P-01",2,0,27,25,0,0
2026-05-19,"P-02",2,0,185,183,0,0
2026-05-19,"P-03",30,0,415,385,0,0
2026-05-19,"P-04",35,0,301,266,0,0
2026-05-19,"P-05",46,0,1792,1746,0,0
2026-05-19,"P-06",74,0,1772,1698,0,0
2026-05-20,"P-01",26,42,67,41,0,0
2026-05-20,"P-02",16,0,183,167,0,0
2026-05-20,"P-03",29,0,385,356,0,0
2026-05-20,"P-04",27,0,266,239,0,0
2026-05-20,"P-05",67,0,1746,1679,0,0
2026-05-20,"P-06",40,0,1698,1658,0,0
2026-05-21,"P-01",12,42,83,71,0,0
2026-05-21,"P-02",10,0,167,157,0,0
2026-05-21,"P-03",29,0,356,327,0,0
2026-05-21,"P-04",44,0,239,195,0,0
2026-05-21,"P-05",56,0,1679,1623,0,0
2026-05-21,"P-06",62,455,2113,2051,0,0
2026-05-22,"P-01",12,0,71,59,0,0
2026-05-22,"P-02",2,0,157,155,0,0
2026-05-22,"P-03",21,0,327,306,0,0
2026-05-22,"P-04",49,0,195,146,0,0
2026-05-22,"P-05",54,385,2008,1954,0,0
2026-05-22,"P-06",54,0,2051,1997,0,0
2026-05-23,"P-01",8,0,59,51,0,0
2026-05-23,"P-02",2,0,155,153,0,0
2026-05-23,"P-03",24,0,306,282,0,0
2026-05-23,"P-04",51,280,426,375,0,0
2026-05-23,"P-05",58,0,1954,1896,0,0
2026-05-23,"P-06",57,0,1997,1940,0,0
2026-05-25,"P-01",3,0,51,48,0,0
2026-05-25,"P-02",15,0,153,138,0,0
2026-05-25,"P-03",30,0,282,252,0,0
2026-05-25,"P-04",33,0,375,342,0,0
2026-05-25,"P-05",52,0,1896,1844,0,0
2026-05-25,"P-06",65,0,1940,1875,0,0
2026-05-26,"P-01",5,0,48,43,0,0
2026-05-26,"P-02",5,0,138,133,0,0
2026-05-26,"P-03",30,0,252,222,0,0
2026-05-26,"P-04",43,0,342,299,0,0
2026-05-26,"P-05",60,0,1844,1784,0,0
2026-05-26,"P-06",51,0,1875,1824,0,0
2026-05-27,"P-01",7,0,43,36,0,0
2026-05-27,"P-02",3,0,133,130,0,0
2026-05-27,"P-03",25,0,222,197,0,0
2026-05-27,"P-04",35,0,299,264,0,0
2026-05-27,"P-05",69,0,1784,1715,0,0
2026-05-27,"P-06",66,455,2279,2213,0,0
2026-05-28,"P-01",13,0,36,23,0,0
2026-05-28,"P-02",0,63,193,193,0,0
2026-05-28,"P-03",30,210,407,377,0,0
2026-05-28,"P-04",34,0,264,230,0,0
2026-05-28,"P-05",38,0,1715,1677,0,0
2026-05-28,"P-06",62,0,2213,2151,0,0
2026-05-29,"P-01",4,0,23,19,0,0
2026-05-29,"P-02",4,0,193,189,0,0
2026-05-29,"P-03",28,0,377,349,0,0
2026-05-29,"P-04",28,0,230,202,0,0
2026-05-29,"P-05",54,0,1677,1623,0,0
2026-05-29,"P-06",66,0,2151,2085,0,0
2026-05-30,"P-01",4,0,19,15,0,0
2026-05-30,"P-02",9,0,189,180,0,0
2026-05-30,"P-03",25,0,349,324,0,0
2026-05-30,"P-04",50,280,482,432,0,0
2026-05-30,"P-05",55,0,1623,1568,0,0
2026-05-30,"P-06",63,0,2085,2022,0,0
2026-06-01,"P-01",5,0,15,10,0,0
2026-06-01,"P-02",22,0,180,158,0,0
2026-06-01,"P-03",52,0,324,272,0,0
2026-06-01,"P-04",73,0,432,359,0,0
2026-06-01,"P-05",57,0,1568,1511,0,0
2026-06-01,"P-06",60,0,2022,1962,0,0
2026-06-02,"P-01",4,42,52,48,0,0
2026-06-02,"P-02",7,0,158,151,0,0
2026-06-02,"P-03",54,0,272,218,0,0
2026-06-02,"P-04",65,0,359,294,0,0
2026-06-02,"P-05",53,0,1511,1458,0,0
2026-06-02,"P-06",63,0,1962,1899,0,0
2026-06-03,"P-01",6,0,48,42,0,0
2026-06-03,"P-02",2,0,151,149,0,0
2026-06-03,"P-03",70,0,218,148,0,0
2026-06-03,"P-04",77,0,294,217,0,0
2026-06-03,"P-05",43,385,1843,1800,0,0
2026-06-03,"P-06",61,0,1899,1838,0,0
2026-06-04,"P-01",8,0,42,34,0,0
2026-06-04,"P-02",8,0,149,141,0,0
2026-06-04,"P-03",62,210,358,296,0,0
2026-06-04,"P-04",66,0,217,151,0,0
2026-06-04,"P-05",62,0,1800,1738,0,0
2026-06-04,"P-06",58,455,2293,2235,0,0
2026-06-05,"P-01",6,0,34,28,0,0
2026-06-05,"P-02",8,0,141,133,0,0
2026-06-05,"P-03",60,0,296,236,0,0
2026-06-05,"P-04",87,0,151,64,0,0
2026-06-05,"P-05",66,0,1738,1672,0,0
2026-06-05,"P-06",69,0,2235,2166,0,0
2026-06-06,"P-01",3,0,28,25,0,0
2026-06-06,"P-02",1,0,133,132,0,0
2026-06-06,"P-03",53,0,236,183,0,0
2026-06-06,"P-04",75,0,64,0,1,11
2026-06-06,"P-05",54,0,1672,1618,0,0
2026-06-06,"P-06",59,0,2166,2107,0,0
2026-06-08,"P-01",4,0,25,21,0,0
2026-06-08,"P-02",9,0,132,123,0,0
2026-06-08,"P-03",55,210,393,338,0,0
2026-06-08,"P-04",79,280,280,201,0,0
2026-06-08,"P-05",48,0,1618,1570,0,0
2026-06-08,"P-06",65,0,2107,2042,0,0
2026-06-09,"P-01",10,0,21,11,0,0
2026-06-09,"P-02",19,0,123,104,0,0
2026-06-09,"P-03",67,0,338,271,0,0
2026-06-09,"P-04",79,0,201,122,0,0
2026-06-09,"P-05",57,0,1570,1513,0,0
2026-06-09,"P-06",65,455,2497,2432,0,0
2026-06-10,"P-01",3,42,53,50,0,0
2026-06-10,"P-02",2,0,104,102,0,0
2026-06-10,"P-03",54,0,271,217,0,0
2026-06-10,"P-04",80,0,122,42,0,0
2026-06-10,"P-05",65,0,1513,1448,0,0
2026-06-10,"P-06",55,0,2432,2377,0,0
2026-06-11,"P-01",16,0,50,34,0,0
2026-06-11,"P-02",4,0,102,98,0,0
2026-06-11,"P-03",48,0,217,169,0,0
2026-06-11,"P-04",83,0,42,0,1,41
2026-06-11,"P-05",51,385,1833,1782,0,0
2026-06-11,"P-06",66,0,2377,2311,0,0
2026-06-12,"P-01",3,0,34,31,0,0
2026-06-12,"P-02",11,0,98,87,0,0
2026-06-12,"P-03",51,210,379,328,0,0
2026-06-12,"P-04",91,0,0,0,1,91
2026-06-12,"P-05",60,0,1782,1722,0,0
2026-06-12,"P-06",72,0,2311,2239,0,0
2026-06-13,"P-01",3,0,31,28,0,0
2026-06-13,"P-02",13,0,87,74,0,0
2026-06-13,"P-03",53,0,328,275,0,0
2026-06-13,"P-04",94,0,0,0,1,94
2026-06-13,"P-05",57,0,1722,1665,0,0
2026-06-13,"P-06",71,0,2239,2168,0,0
2026-06-15,"P-01",4,42,70,66,0,0
2026-06-15,"P-02",3,63,137,134,0,0
2026-06-15,"P-03",60,0,275,215,0,0
2026-06-15,"P-04",65,280,280,215,0,0
2026-06-15,"P-05",53,0,1665,1612,0,0
2026-06-15,"P-06",54,0,2168,2114,0,0
2026-06-16,"P-01",3,0,66,63,0,0
2026-06-16,"P-02",5,0,134,129,0,0
2026-06-16,"P-03",62,0,215,153,0,0
2026-06-16,"P-04",71,0,215,144,0,0
2026-06-16,"P-05",44,0,1612,1568,0,0
2026-06-16,"P-06",73,0,2114,2041,0,0
2026-06-17,"P-01",8,0,63,55,0,0
2026-06-17,"P-02",10,0,129,119,0,0
2026-06-17,"P-03",56,0,153,97,0,0
2026-06-17,"P-04",73,0,144,71,0,0
2026-06-17,"P-05",65,0,1568,1503,0,0
2026-06-17,"P-06",62,0,2041,1979,0,0
2026-06-18,"P-01",1,0,55,54,0,0
2026-06-18,"P-02",26,0,119,93,0,0
2026-06-18,"P-03",58,0,97,39,0,0
2026-06-18,"P-04",72,0,71,0,1,1
2026-06-18,"P-05",68,385,1888,1820,0,0
2026-06-18,"P-06",69,0,1979,1910,0,0
2026-06-19,"P-01",3,0,54,51,0,0
2026-06-19,"P-02",5,63,156,151,0,0
2026-06-19,"P-03",42,0,39,0,1,3
2026-06-19,"P-04",73,280,280,207,0,0
2026-06-19,"P-05",53,0,1820,1767,0,0
2026-06-19,"P-06",77,0,1910,1833,0,0
2026-06-20,"P-01",1,42,93,92,0,0
2026-06-20,"P-02",10,0,151,141,0,0
2026-06-20,"P-03",54,0,0,0,1,54
2026-06-20,"P-04",78,0,207,129,0,0
2026-06-20,"P-05",35,0,1767,1732,0,0
2026-06-20,"P-06",59,0,1833,1774,0,0
2026-06-22,"P-01",7,0,92,85,0,0
2026-06-22,"P-02",11,0,141,130,0,0
2026-06-22,"P-03",54,210,210,156,0,0
2026-06-22,"P-04",73,0,129,56,0,0
2026-06-22,"P-05",52,0,1732,1680,0,0
2026-06-22,"P-06",71,0,1774,1703,0,0
2026-06-23,"P-01",2,0,85,83,0,0
2026-06-23,"P-02",5,0,130,125,0,0
2026-06-23,"P-03",47,0,156,109,0,0
2026-06-23,"P-04",81,0,56,0,1,25
2026-06-23,"P-05",46,0,1680,1634,0,0
2026-06-23,"P-06",71,0,1703,1632,0,0
2026-06-24,"P-01",3,0,83,80,0,0
2026-06-24,"P-02",0,0,125,125,0,0
2026-06-24,"P-03",60,0,109,49,0,0
2026-06-24,"P-04",73,0,0,0,1,73
2026-06-24,"P-05",45,0,1634,1589,0,0
2026-06-24,"P-06",67,455,2087,2020,0,0
2026-06-25,"P-01",10,0,80,70,0,0
2026-06-25,"P-02",2,0,125,123,0,0
2026-06-25,"P-03",60,0,49,0,1,11
2026-06-25,"P-04",69,0,0,0,1,69
2026-06-25,"P-05",51,385,1974,1923,0,0
2026-06-25,"P-06",74,0,2020,1946,0,0
2026-06-26,"P-01",5,0,70,65,0,0
2026-06-26,"P-02",8,0,123,115,0,0
2026-06-26,"P-03",55,0,0,0,1,55
2026-06-26,"P-04",69,0,0,0,1,69
2026-06-26,"P-05",50,0,1923,1873,0,0
2026-06-26,"P-06",59,0,1946,1887,0,0
2026-06-27,"P-01",3,0,65,62,0,0
2026-06-27,"P-02",1,0,115,114,0,0
2026-06-27,"P-03",64,210,210,146,0,0
2026-06-27,"P-04",80,280,280,200,0,0
2026-06-27,"P-05",60,0,1873,1813,0,0
2026-06-27,"P-06",84,0,1887,1803,0,0
2026-06-29,"P-01",6,0,62,56,0,0
2026-06-29,"P-02",3,0,114,111,0,0
2026-06-29,"P-03",69,0,146,77,0,0
2026-06-29,"P-04",68,0,200,132,0,0
2026-06-29,"P-05",58,0,1813,1755,0,0
2026-06-29,"P-06",64,0,1803,1739,0,0
2026-06-30,"P-01",0,0,56,56,0,0
2026-06-30,"P-02",16,0,111,95,0,0
2026-06-30,"P-03",57,0,77,20,0,0
2026-06-30,"P-04",87,0,132,45,0,0
2026-06-30,"P-05",52,0,1755,1703,0,0
2026-06-30,"P-06",64,0,1739,1675,0,0
